essay_id	score	feedback
24	0.85	"['  \n\n**CONTENT IMPROVEMENTS:**  \n1. **Hand-Eye Coordination Argument**  \n   - Expert: ""Clarify placeholder stats (@PERCENT1) with real data (e.g., \'Stanford’s 17% boost\') for credibility.""  \n   - Author: Revised to cite specific study, enhancing persuasiveness.  \n   - Resolution: ✓ Anchored claim in research.  \n\n2. **Counterargument Integration**  \n   - Expert: ""Address screen-time concerns explicitly (e.g., \'While moderation matters, tech enables global connections\').""  \n   - Author: Added rebuttal: ""Pew Research shows 73% feel *more* connected online.""  \n   - Resolution: ➤ Balanced advocacy with acknowledgment.  \n\n3. **Cultural Learning Example**  \n   - Expert: ""Specify how learning about @LOCATION1 fosters empathy.""  \n   - Author: Expanded to link cultural knowledge to travel and environmental awareness.  \n   - Resolution: ✓ Deepened impact with concrete benefits.  \n\n**LANGUAGE IMPROVEMENTS:**  \n1. **Grammar/Tone**  \n   - Expert: ""Fix errors (\'imprdove\') and slang (\'amp up\') for newspaper standards.""  \n   - Author: Corrected typos; replaced slang with ""strengthen.""  \n   - Resolution: ✓ Polished while retaining voice.  \n\n2. **Precision**  \n   - Expert: ""Sharpen vague phrases (e.g., \'helps in sports\' → \'sharpens split-second decisions\').""  \n   - Author: Revised for specificity.  \n   - Resolution: ✓ Elevated clarity.  \n\n**STRUCTURE IMPROVEMENTS:**  \n1. **Transitions**  \n   - Expert: ""Use thematic bridges (\'While reflexes... curiosity...\').""  \n   - Author: Added sophisticated pivots between paragraphs.  \n   - Resolution: ✓ Improved flow.  \n\n2. **Conclusion**  \n   - Expert: ""Echo hook (\'rewire hearts\') for full-circle impact.""  \n   - Author: Closed with grandmother’s reunion callback.  \n   - Resolution: ✓ Memorable symmetry.  \n\n**']"
200	0.75	"['  \n\nCONTENT IMPROVEMENTS:  \n1. [Argument Development]  \n   - Expert: ""Strengthen evidence with specific studies instead of vague polls""  \n   - Author: ""Placeholders (@PERCENT1) were intended for later data insertion""  \n   - Resolution: ➤ Added MIT lectures and NEA survey as concrete examples  \n\n2. [Counterarguments]  \n   - Expert: ""Address screen time concerns to enhance persuasiveness""  \n   - Author: ""Prefer to focus solely on benefits for persuasive clarity""  \n   - Resolution: ➤ Added one-sentence rebuttal about video calls reducing isolation  \n\n3. [Conclusion Impact]  \n   - Expert: ""Transform repetitive conclusion into synthesis with forward momentum""  \n   - Author: ""Want to maintain newspaper-style brevity""  \n   - Resolution: ✓ Revised to ""Computers revolutionize education, bridge distances...""  \n\nLANGUAGE IMPROVEMENTS:  \n1. [Formality Balance]  \n   - Expert: ""Correct \'borught\' and replace informal phrasing like \'Well I believe\'""  \n   - Author: ""Defends conversational tone for accessibility""  \n   - Resolution: ➤ Kept relatable hooks but polished grammar errors  \n\n2. [Placeholder Usage]  \n   - Expert: ""Replace @CAPS1/@PERCENT1 with specific details""  \n   - Author: ""Intended as drafting tools for later refinement""  \n   - Resolution: ✓ Final draft uses ""Smithville High"" and ""78%""  \n\nSTRUCTURE IMPROVEMENTS:  \n1. [Paragraph Flow]  \n   - Expert: ""Break long paragraphs and improve transitions""  \n   - Author: ""Run-ons intentionally mirror stream-of-thought persuasion""  \n   - Resolution: ➤ Added strategic line breaks while preserving voice  \n\n2. [Rebuttal Placement]  \n   - Expert: ""Move counterargument to after all benefits are listed""  \n   - Author: ""Wants to address concerns organically within arguments""  \n   - Resolution: ✓ Created dedicated ""Addressing Concerns"" section  \n\n']"
222	0.85	"['  \n\nCONTENT IMPROVEMENTS:  \n1. [Exercise Rebuttal]  \n   - Expert: ""Deepen exercise argument with app usage data (e.g., Peloton’s 8-workout avg)"" ✓ Accepted  \n   - Author: ""Added fitness stats but kept concise for word count"" ➤ Balanced with hybrid example  \n\n2. [Local Relevance]  \n   - Expert: ""Specify Portland locations (e.g., Maple Trail)"" ✓ Accepted  \n   - Author: ""Enhanced with sensory details (‘dappled light’)"" ➤ Added emotional resonance  \n\n3. [Counterargument]  \n   - Expert: ""Cite study on tech’s social impact (e.g., Stanford’s 72% loneliness reduction)"" ✓ Accepted  \n   - Author: ""Integrated while preserving personal anecdotes"" ➤ Blended data/narrative  \n\nLANGUAGE IMPROVEMENTS:  \n1. [Tone Consistency]  \n   - Expert: ""Avoid ‘commonsense’ for ‘research shows’"" ✓ Revised to ""experts recommend""  \n   - Author: ""Kept conversational elements (‘rustle of wind’)"" ➤ Newspaper-appropriate  \n\n2. [Transitions]  \n   - Expert: ""Vary ‘another reason’ with ‘beyond connection’"" ✓ Implemented throughout  \n\nSTRUCTURE IMPROVEMENTS:  \n1. [Paragraph Flow]  \n   - Expert: ""Group social/practical benefits separately"" ✓ Reorganized with subheadings  \n   - Author: ""Retained business tools in practical section"" ➤ Thematic cohesion  \n\n2. [Conclusion]  \n   - Expert: ""Strengthen CTA with nature/tech synthesis"" ✓ ""Route us back to it"" metaphor  \n   - Author: ""Added sensory closure (‘ancient firs’)"" ➤ Memorable ending  \n\n']"
411	0.85	"['  \n\n**CONTENT IMPROVEMENTS:**  \n1. **Evidence Specificity**  \n   - Expert: ""Replace placeholders (e.g., \'@PERCENT1\') with cited data to enhance credibility.""  \n   - Author: ""Used template placeholders for teaching purposes but adopted real stats (CDC, Pew) in final draft.""  \n   - Resolution: ✓ Added 5 credible sources including OECD data for academic version.  \n\n2. **Counterargument Integration**  \n   - Expert: ""Acknowledge computer benefits briefly to steel-man argument.""  \n   - Author: ""Added concession: \'While computers are tools, not villains...\'""  \n   - Resolution: ➤ Balanced persuasion without diluting thesis.  \n\n**LANGUAGE IMPROVEMENTS:**  \n1. **Tone Consistency**  \n   - Expert: ""Avoid \'cootraptions\'; opt for \'devices\' to maintain professionalism.""  \n   - Author: ""Kept \'dopamine extractors\' as deliberate rhetorical device after reader testing.""  \n   - Resolution: ➤ Retained vivid metaphor with explanatory footnote for newspapers.  \n\n2. **Technical Accessibility**  \n   - Expert: ""Define \'retinal stress\' for general audiences.""  \n   - Author: ""Used \'vision strain\' in local version, kept term with definition in academic submission.""  \n   - Resolution: ✓ Audience-tailored solutions implemented.  \n\n**STRUCTURE IMPROVEMENTS:**  \n1. **Harm Escalation**  \n   - Expert: ""Reorder paragraphs to end with health (most urgent issue).""  \n   - Author: ""Adopted social → eyes → health sequence; added bridge (\'Isolation isn’t the only cost\').""  \n   - Resolution: ✓ Enhanced logical progression and impact.  \n\n2. **Call-to-Action**  \n   - Expert: ""Specify actions (\'Demand workplace policies\') over vague \'let the word out.\'""  \n   - Author: ""Added actionable steps while preserving urgency.""  \n   - Resolution: ✓ Now aligns with op-ed best practices.  \n\n**DEBATE SYNTHESIS:**  \nThe core tension between academic rigor and public engagement yielded key refinements:  \n- **Data vs. Emotion:** Hybrid approach (70% logos/30% pathos) with generational examples (grandparents on Zoom) satisfied both goals.  \n- **Provocation vs. Credibility:** Strategic metaphors (""dopamine extractors"") were retained but contextualized for different audiences.  \n\n**']"
657	0.75	"['  \n\n**CONTENT IMPROVEMENTS:**  \n1. [Global Learning Argument]  \n   - Expert: ""Deepen cultural exchange examples (e.g., VR field trips) to show transformative impact""  \n   - Author: ""Kept accessible phrasing for broad audience but added specific case: \'my son’s Mongolian throat singing research\'""  \n   - Resolution: ➤ Hybrid approach with one vivid anecdote + retained simplicity  \n\n2. [Counterarguments]  \n   - Expert: ""Address screen time concerns to strengthen credibility""  \n   - Author: ""Rejected explicit rebuttals to maintain focus, but added implicit reframe: \'Far from isolating...\'""  \n   - Resolution: ✗ Author prioritized conciseness over counterarguments  \n\n3. [Audience Awareness]  \n   - Expert: ""More formal tone for newspaper readers""  \n   - Author: ""Retained conversational anchors (\'TikTok trends\') for relatability""  \n   - Resolution: ➤ Blended sophistication (""digital tapestry"") with accessibility  \n\n**LANGUAGE IMPROVEMENTS:**  \n1. [Vocabulary Precision]  \n   - Expert: ""Replace 50% of \'you can\' with active alternatives""  \n   - Author: ""Reduced to 3 strategic instances for rhythm""  \n   - Resolution: ✓ ""Platforms enable cross-border dialogues"" alongside retained ""video chat""  \n\n2. [Metaphor Development]  \n   - Expert: ""Thread connective tissue metaphor throughout""  \n   - Author: ""Added opening/closing callback: \'Every login weaves...\'""  \n   - Resolution: ✓ Enhanced cohesion without overextension  \n\n3. [Grammar/Mechanics]  \n   - Expert: ""Fix all typos and placeholder artifacts""  \n   - Author: ""Replaced @LOCATION1 with \'the Andes,\' corrected \'compujters\'""  \n   - Resolution: ✓ Professional polish achieved  \n\n**STRUCTURE IMPROVEMENTS:**  \n1. [Thematic Grouping]  \n   - Expert: ""Merge repetitive points into Education/Relationships sections""  \n   - Author: ""Created \'Learning Unleashed\' and \'Bonds Rewired\' with 50/50 balance""  \n   - Resolution: ✓ Eliminated redundancy while preserving intent  \n\n2. [Localized Evidence]  \n   - Expert: ""Add hyper-local examples (e.g., bakery flood)""  \n   - Author: ""Included \'Nextdoor group chat mobilized shovel brigades\'""  \n   - Resolution: ✓ Achieved newspaper-appropriate specificity  \n\n3. [Transitions]  \n   - Expert: ""Use contrastive transitions to acknowledge skeptics""  \n   - Author: ""Added \'While algorithms often divide...\'""  \n   - Resolution: ➤ Subtle rebuttal without derailing focus  \n\n**']"
880	0.75	"['  \n\n**CONTENT IMPROVEMENTS:**  \n1. **Claim:** Computers enable learning about distant places.  \n   - *Expert:* ""Clarify *how* computers facilitate learning (e.g., virtual tours, language apps).""  \n   - *Author:* Uses personal trip-planning anecdote.  \n   - *Resolution:* ✓ Enhanced with specific platforms (""Google Earth lets students explore @LOCATION2\'s rainforests"").  \n\n2. **Claim:** Online communication reconnects people.  \n   - *Expert:* ""Merge Facebook/Yahoo examples to avoid repetition.""  \n   - *Author:* Keeps both but adds emotional depth.  \n   - *Resolution:* ➤ Combined into one paragraph with stronger phrasing (""Facebook bridges continents—I messaged @PERSON1 after 5 years"").  \n\n3. **Claim:** Computers are essential for jobs.  \n   - *Expert:* ""Specify industries (e.g., telemedicine, remote work).""  \n   - *Author:* Retains vague ""scientists/secretaries"" reference.  \n   - *Resolution:* ✗ Missed opportunity; rubric demands ""fully elaborated reasons.""  \n\n**LANGUAGE IMPROVEMENTS:**  \n1. **Tone:**  \n   - *Expert:* ""Replace \'kids my age\' with \'teens\' for formality.""  \n   - *Author:* Adjusted to ""teens in our community.""  \n   - *Resolution:* ✓ Balanced relatability and professionalism.  \n\n2. **Grammar/Clarity:**  \n   - *Expert:* Fix ""faw away,"" ""importat.""  \n   - *Author:* Corrected all spelling errors.  \n   - *Resolution:* ✓ Polished mechanics.  \n\n3. **Transitions:**  \n   - *Expert:* ""Use \'Beyond personal connections...\' to pivot topics.""  \n   - *Author:* Added sophisticated transitions.  \n   - *Resolution:* ✓ Improved flow between arguments.  \n\n**STRUCTURE IMPROVEMENTS:**  \n1. **Paragraph Unity:**  \n   - *Expert:* ""Separate travel and job examples.""  \n   - *Author:* Grouped into ""Human Impact"" and ""Societal Essentials.""  \n   - *Resolution:* ✓ Clearer organization.  \n\n2. **Conclusion:**  \n   - *Expert:* ""End with a call to action.""  \n   - *Author:* Kept rhetorical question (""Isn’t that worth celebrating?"").  \n   - *Resolution:* ✓ Emotionally resonant closer.  \n\n**EVALUATION:**  \nThe essay’s strengths—personal anecdotes, clear stance—are undermined by shallow professional examples and initial informality. Post-revision, it better meets rubric standards for specificity and organization but still lacks nuanced counterarguments.  \n\n**']"
999	0.85	"['  \n\n### **CONTENT IMPROVEMENTS**  \n1. **Counterargument Engagement**  \n   - Expert: ""Address concerns about reduced face-to-face interaction with studies or examples (e.g., fitness apps).""  \n   - Author: ""Brief rebuttal suffices to maintain focus on benefits.""  \n   - Resolution: ➤ Added hybrid rebuttal: *""Moderation is key, but computers enable virtual workouts and nature documentaries.""*  \n\n2. **Evidence Depth**  \n   - Expert: ""Include statistics to reinforce academic claims (e.g., UNESCO data).""  \n   - Author: ""Anecdotes (e.g., handwriting struggles) resonate more with general readers.""  \n   - Resolution: ➤ Blended personal story with one statistic: *""My C+ to A leap mirrors Stanford’s 30% typing boost.""*  \n\n3. **Placeholder Clarity**  \n   - Expert: ""Replace @ORGANIZATION1 with specific tools (e.g., Google Docs).""  \n   - Author: ""Placeholders were intentional drafts.""  \n   - Resolution: ✓ Updated all placeholders (e.g., ""Google Docs,"" ""Zoom"").  \n\n### **STRUCTURE IMPROVEMENTS**  \n1. **Introduction Refinement**  \n   - Expert: ""Merge hook and thesis for urgency (e.g., *‘In an era where 90% of jobs require digital skills...’*).""  \n   - Author: ""Gradual buildup better suits newspaper readers.""  \n   - Resolution: ➤ Balanced approach: *""While some argue computers isolate us, they’ve become silent partners in learning and connecting.""*  \n\n2. **Conclusion Synthesis**  \n   - Expert: ""Avoid repeating body points; end with a forward-looking statement.""  \n   - Author: ""Restatement emphasizes key arguments.""  \n   - Resolution: ✓ Revised to metaphor-driven closure: *""Why fear screens when they’re bridges to knowledge?""*  \n\n3. **Transitions**  \n   - Expert: ""Elevate transitions (e.g., *‘Beyond classrooms...’*).""  \n   - Author: ""Simple transitions prioritize clarity.""  \n   - Resolution: ➤ Upgraded selectively (e.g., *""Beyond education, computers redefine connection""*).  \n\n### **LANGUAGE IMPROVEMENTS**  \n1. **Grammar/Spelling**  \n   - Expert: ""Correct errors (e.g., ‘alos’ → also, ‘viedos’ → videos).""  \n   - Author: Acknowledged typos.  \n   - Resolution: ✓ Fixed all noted errors.  \n\n2. **Conciseness**  \n   - Expert: ""Tighten phrases (e.g., *‘Digital storage slashes photo costs’*).""  \n   - Author: Accepted for clarity.  \n   - Resolution: ✓ Implemented revisions.  \n\n3. **Tone Balance**  \n   - Expert: ""Reduce repetition of ‘computers’; use synonyms.""  \n   - Author: ""Intentional for rhetorical reinforcement.""  \n   - Resolution: ➤ Replaced 2/12 instances with *""digital tools.""*  \n\n### **DEBATE SYNTHESIS**  \n- **Persuasion vs. Depth**: Author prioritized concise persuasion over exhaustive debate, aligning with newspaper op-ed conventions. Hybrid solutions (e.g., one statistic + anecdote) bridged expert and author goals.  \n- **Audience-Centric Choices**: Conversational tone (*""fun website""*) preserved for relatability, while selective sophistication (*""democratize learning""*) added authority.  \n- **Metaphor Threading**: Final version’s *""gateways...bridges...canvases""* triad achieved rhetorical flourish without alienating readers.  \n\n**']"
1042	0.85	"['  \n\nCONTENT IMPROVEMENTS:  \n1. [Counterarguments]  \n   - Expert: ""Include one explicit rebuttal to isolation concerns (e.g., \'While critics warn of disconnection, video chats actually strengthen family bonds\')""  \n   - Author: ""Implicit refutation through examples is more authentic for local readers""  \n   - Resolution: ✗ Maintained implicit approach via ""strengthens human bonds"" closing  \n\n2. [Example Specificity]  \n   - Expert: ""Replace generic terms with localized details (e.g., \'coding workshops\')""  \n   - Author: ""Added library workshop and generational examples""  \n   - Resolution: ✓ Enhanced community connection through concrete references  \n\nSTRUCTURE IMPROVEMENTS:  \n1. [Transitions]  \n   - Expert: ""Elevate 1-2 transitions for sophistication""  \n   - Author: ""Added \'Beyond connecting families\' but kept conversational tone""  \n   - Resolution: ➤ Balanced polish and accessibility  \n\n2. [Call-to-Action]  \n   - Expert: ""Specify deadline for reader engagement""  \n   - Author: ""Proposed \'June 15th edition\' timeline""  \n   - Resolution: ✓ Created editorial urgency  \n\nLANGUAGE IMPROVEMENTS:  \n1. [Word Choice]  \n   - Expert: ""Replace placeholder text (@CAPS1)""  \n   - Author: ""Used \'nephew\' and \'mother\' for generational appeal""  \n   - Resolution: ✓ Increased relatability  \n\n2. [Grammar/Spelling]  \n   - Expert: ""Correct \'deffinately\' and comma errors""  \n   - Author: ""Fixed all mechanical issues""  \n   - Resolution: ✓ Polished professionalism  \n\n']"
1148	0.85	"['  \n\n**CONTENT IMPROVEMENTS:**  \n1. **Claim**: Computers enhance global connectivity.  \n   - *Expert*: ""Expand beyond chat examples to include collaborative projects (e.g., global climate initiatives).""  \n   - *Author*: ""Kyiv air raid anecdote shows emotional bonds.""  \n   - *Resolution*: ✓ Added UNESCO data on cross-border education.  \n\n2. **Claim**: Computers democratize learning.  \n   - *Expert*: ""Cite studies (e.g., Pew Research) on educational access.""  \n   - *Author*: ""Capital cities example illustrates immediacy.""  \n   - *Resolution*: ➤ Blended with ""remote learning during lockdowns.""  \n\n3. **Counterargument**: Screen time concerns.  \n   - *Expert*: ""Acknowledge addiction risks with solutions (e.g., \'digital wellness tools\').""  \n   - *Author*: ""Briefly conceded but prioritized benefits.""  \n   - *Resolution*: ✗ Kept minimal focus; rebutted via ""moderation"" mention.  \n\n**STRUCTURE IMPROVEMENTS:**  \n1. **Flow**:  \n   - *Expert*: ""Group education/communication paragraphs thematically.""  \n   - *Author*: ""Preferred narrative-driven pacing.""  \n   - *Resolution*: ➤ Thematic headers with narrative transitions.  \n\n2. **Conclusion**:  \n   - *Expert*: ""End with call-to-action (e.g., \'Embrace technology responsibly\').""  \n   - *Author*: ""Closed on emotional note (\'connected we’ve always been\').""  \n   - *Resolution*: ✓ Merged both for impact.  \n\n**LANGUAGE IMPROVEMENTS:**  \n1. **Tone**:  \n   - *Expert*: ""Replace contractions in formal claims (\'don’t\' → \'do not\').""  \n   - *Author*: ""Kept conversational for accessibility.""  \n   - *Resolution*: ➤ Used selectively (e.g., ""can\'t"" → ""cannot"" in rebuttals).  \n\n2. **Word Choice**:  \n   - *Expert*: ""\'Helpful\' → \'indispensable\'; \'try new things\' → \'explore innovations.\'""  \n   - *Author*: ""Retained simplicity for broad appeal.""  \n   - *Resolution*: ✓ Upgraded 5+ key phrases.  \n\n3. **Errors**:  \n   - *Expert*: ""Fix \'unparraellel\'/\'realationship.\'""  \n   - *Author*: ""Corrected all flagged errors.""  \n   - *Resolution*: ✓ 100% accuracy achieved.  \n\n**']"
1167	0.75	"['  \n\nCONTENT IMPROVEMENTS:  \n1. [Counterarguments]  \n   - Expert: ""Address health/nature concerns more thoroughly with digital wellness solutions""  \n   - Author: ""Mentions workout searches but needs specific apps/data""  \n   - Resolution: ➤ Added Fitbit/AllTrails examples and moderation acknowledgment  \n\n2. [Evidence Quality]  \n   - Expert: ""Replace placeholders (@CAPS) with real platform names""  \n   - Author: ""Wants to maintain conversational tone""  \n   - Resolution: ✓ Used Instagram/Slack/Khan Academy while keeping accessibility  \n\nLANGUAGE IMPROVEMENTS:  \n1. [Tone Balance]  \n   - Expert: ""Fix grammatical errors and over-casual phrases""  \n   - Author: ""Prefers TED Talk-style accessibility""  \n   - Resolution: ✓ Corrected ""its/it\'s"" but kept contractions and some colloquialisms  \n\n2. [Persuasive Devices]  \n   - Expert: ""Add authoritative references""  \n   - Author: ""Concerned about disrupting flow""  \n   - Resolution: ➤ Incorporated Pew Research stat naturally into teen messaging argument  \n\nSTRUCTURE IMPROVEMENTS:  \n1. [Thematic Flow]  \n   - Expert: ""Improve transitions between sections""  \n   - Author: ""Prefers Twitter-thread style pacing""  \n   - Resolution: ➤ Added subtle signposts (""But speed isn\'t computers\' real superpower..."")  \n\n2. [Bookending]  \n   - Expert: ""Strengthen opening/closing symmetry""  \n   - Author: ""Wants urgent, relatable hook""  \n   - Resolution: ✓ Used AWS outage example to frame argument  \n\n']"
1187	0.7	"['  \n\nCONTENT IMPROVEMENTS:  \n1. [Argument Depth]  \n   - Expert: ""Add data (e.g., Pew studies) to support claims about societal benefits""  \n   - Author: ""Used relatable examples like Facebook to engage broad audience""  \n   - Resolution: ➤ Added one statistic (""78% of Americans say internet improved learning"") while keeping personal anecdotes  \n\n2. [Counterargument Handling]  \n   - Expert: ""Develop rebuttal to addiction concerns with evidence like screen-time tools""  \n   - Author: ""Wanted to acknowledge but minimize this point to maintain positive focus""  \n   - Resolution: ✗ Brief mention of addiction remains underdeveloped  \n\n3. [Audience Engagement]  \n   - Expert: ""Directly address newspaper readers with rhetorical questions""  \n   - Author: ""Preferred conversational tone over formal persuasion tactics""  \n   - Resolution: ✓ Added localized metaphor (""Main Street bridge"")  \n\nLANGUAGE IMPROVEMENTS:  \n1. [Grammar/Clarity]  \n   - Expert: ""Fix errors like \'addicting\'→\'addictive\' and awkward phrasing""  \n   - Author: ""Wanted to retain informal voice for accessibility""  \n   - Resolution: ✓ Corrected major errors while keeping contractions/colloquialisms  \n\n2. [Word Choice]  \n   - Expert: ""Replace vague terms like \'things\' with specific examples""  \n   - Author: ""Chose simple language for broad readership""  \n   - Resolution: ➤ Used ""online courses"" instead of jargon like ""democratize education""  \n\nSTRUCTURE IMPROVEMENTS:  \n1. [Organization]  \n   - Expert: ""Merge repetitive social connection points into one focused paragraph""  \n   - Author: ""Intentionally emphasized social benefits as most persuasive""  \n   - Resolution: ➤ Combined but kept social focus dominant  \n\n2. [Transitions]  \n   - Expert: ""Add phrases like \'Beyond education...\' to improve flow""  \n   - Author: ""Preferred natural speech patterns over formal transitions""  \n   - Resolution: ✓ Added 2 subtle transitions (""And for families..."")  \n\n3. [Conclusion]  \n   - Expert: ""End with call-to-action or vivid local image""  \n   - Author: ""Wanted uplifting rather than prescriptive close""  \n   - Resolution: ✓ Used ""Main Street bridge"" metaphor  \n\n']"
1216	0.85	"['  \n\n**CONTENT IMPROVEMENTS:**  \n1. **Counterargument Engagement**  \n   - Expert: ""Address concerns like reduced social interaction or screen time to strengthen persuasion.""  \n   - Author: ""Prioritized showcasing benefits, assuming audience encounters anti-tech rhetoric often.""  \n   - Resolution: ➤ Added rebuttal: *""While critics warn of isolation, computers reunite families via tools like Zoom.""*  \n\n2. **Example Specificity**  \n   - Expert: ""Replace vague phrases like \'possibilities are endless\' with concrete cases.""  \n   - Author: ""Wanted to inspire imagination but agreed to clarify.""  \n   - Resolution: ✓ Added: *""From AI language tutors to car repair tutorials, computers solve niche problems.""*  \n\n3. **Audience Awareness**  \n   - Expert: ""Hyperlocalize examples (e.g., \'Our town’s bakery uses Instagram\').""  \n   - Author: ""Kept faucet/business cases for broad appeal.""  \n   - Resolution: ➤ Added one local reference: *""Our Riverside High’s coding club demonstrates this daily.""*  \n\n**LANGUAGE IMPROVEMENTS:**  \n1. **Word Choice**  \n   - Expert: ""Elevate verbs: \'help\' → \'cultivate,\' \'give\' → \'democratize.\'""  \n   - Author: ""Balanced sophistication with readability.""  \n   - Resolution: ✓ Used *""empower""* and *""exemplify""* but kept *""help""* where conversational.  \n\n2. **Grammar/Spelling**  \n   - Expert: ""Correct \'usefull,\' \'buisnes,\' \'drippy.\'""  \n   - Author: ""Fixed all errors in final draft.""  \n   - Resolution: ✓ Flawless execution.  \n\n3. **Tone Consistency**  \n   - Expert: ""Avoid contractions for formality.""  \n   - Author: ""Kept them for newspaper voice.""  \n   - Resolution: ✗ Maintained *""don’t""* and *""can’t""* for accessibility.  \n\n**STRUCTURE IMPROVEMENTS:**  \n1. **Transitions**  \n   - Expert: ""Use sophisticated pivots between paragraphs.""  \n   - Author: ""Opted for clarity over complexity.""  \n   - Resolution: ➤ Revised one key transition: *""Beyond education, computers revolutionize communication.""*  \n\n2. **Conclusion**  \n   - Expert: ""Merge rebuttal and call-to-action.""  \n   - Author: ""Adopted suggestion to strengthen close.""  \n   - Resolution: ✓ Final version: *""While balance matters, dismissing computers’ benefits ignores their role in education and connection.""*  \n\n3. **Paragraph Lengths**  \n   - Expert: ""Break long paragraphs for readability.""  \n   - Author: ""All paragraphs now ≤6 lines.""  \n   - Resolution: ✓ Optimized for newspaper columns.  \n\n**']"
1376	0.75	"['  \n\nCONTENT IMPROVEMENTS:  \n1. [Environmental Argument]  \n   - Expert: ""Specify how computers harm nature (e.g., e-waste/energy stats)""  \n   - Author: Revised to *""Globally, e-waste poisons 50M tons of soil annually""* ➤ Strengthened link  \n\n2. [Health Evidence]  \n   - Expert: ""Add data like \'sedentary lifestyles increase heart disease risk 147%\'""  \n   - Author: Incorporated CDC statistic ✓  \n\n3. [Family Impact]  \n   - Expert: ""Cite studies on device-free meals reducing conflict""  \n   - Author: Added Pew Research finding ➤ *""30% fewer family arguments""*  \n\nLANGUAGE IMPROVEMENTS:  \n1. [Tone]  \n   - Expert: ""Replace \'laziness\' with \'inactivity\' for neutrality""  \n   - Author: Revised to *""sedentary digital inertia""* ✓  \n\n2. [Grammar]  \n   - Expert: Correct *""negitive/exersize""* → *""negative/exercise""*  \n   - Author: Fixed all spelling errors ✓  \n\n3. [Sentence Variety]  \n   - Expert: ""Vary repetitive \'you\' phrases""  \n   - Author: Rewrote as *""Screen addiction steals workouts, conversations, and stewardship""* ✓  \n\nSTRUCTURE IMPROVEMENTS:  \n1. [Transitions]  \n   - Expert: ""Add bridges between paragraphs""  \n   - Author: Inserted *""While environmental damage concerns...""* ➤ Smoother flow  \n\n2. [Conclusion]  \n   - Expert: ""Clarify call-to-action""  \n   - Author: Revised to *""Log off—your health and community await""* ✓  \n\n3. [Paragraph Order]  \n   - Expert: ""Move environment last for climactic impact""  \n   - Author: Kept health→family→planet sequence ✗ (defended expanding-circle logic)  \n\n']"
1402	0.85	"['  \n\nCONTENT IMPROVEMENTS:  \n1. [Thesis Clarity]  \n   - Expert: ""Sharpen opening to clearly state a 60/40 pro-tech stance (e.g., \'Computers unlock opportunities if we mitigate risks\').""  \n   - Author: ""Prefers organic flow over rigid thesis but revised to: \'This duality defines computers today: engines of brilliance that risk eclipsing childhood.\'""  \n   - Resolution: ➤ Hybrid approach—implicit thesis via metaphor (""engines of brilliance"").  \n\n2. [Evidence Depth]  \n   - Expert: ""Add studies (e.g., Pew data on family Zoom calls) to bolster claims.""  \n   - Author: ""Integrated Pew (89% stat) and Forbes (Minecraft EDU) but rejected hyper-local data for broader appeal.""  \n   - Resolution: ✓ Strengthened persuasion while maintaining accessibility.  \n\n3. [Counterarguments]  \n   - Expert: ""Address \'phubbing\' (phone snubbing) to show awareness of downsides.""  \n   - Author: ""Added \'dinner table of faces dimmed by screens\' as poetic rebuttal.""  \n   - Resolution: ✓ Counterargument woven into imagery rather than explicit debate.  \n\nLANGUAGE IMPROVEMENTS:  \n1. [Dashes vs. Clarity]  \n   - Expert: ""Reduce dash overuse; replace one with a colon.""  \n   - Author: ""Kept 3 dashes for rhythm but revised one to colon in intro.""  \n   - Resolution: ➤ Strategic punctuation balance.  \n\n2. [Imagery Precision]  \n   - Expert: ""Clarify \'glowing faces\' ambiguity.""  \n   - Author: ""Revised to \'faces dimmed by screens\' for sharper critique.""  \n   - Resolution: ✓ Vivid and unambiguous.  \n\nSTRUCTURE IMPROVEMENTS:  \n1. [Narrative Flow]  \n   - Expert: ""Reorder paragraphs to end on solutions.""  \n   - Author: ""Adopted: Hook → Social → Education → Call-to-action.""  \n   - Resolution: ✓ Stronger persuasive arc.  \n\n2. [Transitions]  \n   - Expert: ""Add explicit bridges between sections.""  \n   - Author: ""Used implicit pivots (e.g., \'Yet for every grandparent...\') for newspaper tone.""  \n   - Resolution: ➤ Genre-appropriate subtlety.  \n\n']"
1708	0.65	"['  \n\nCONTENT IMPROVEMENTS: \n1. [Position Clarity]\n   - Expert: ""Establish clear stance (pro/con/balanced) with thesis statement""  \n   - Author: Prefers exploratory tone but acknowledges need for focus  \n   - Resolution: ➤ Hybrid approach: ""Computers enhance society when used intentionally, though overuse risks isolation""  \n\n2. [Evidence Quality]  \n   - Expert: ""Replace vague claims (\'keeps busy\') with concrete examples""  \n   - Author: Adds Khan Academy stats and niece\'s coding anecdote  \n   - Resolution: ✓ Blends data (22% score improvement) with personal narrative  \n\n3. [Audience Awareness]  \n   - Expert: ""Address newspaper readers directly with local relevance""  \n   - Author: Resists formality but adds library/School District references  \n   - Resolution: ➤ ""Our town\'s \'Tech-Free Tuesdays\' prove balance is possible""  \n\nLANGUAGE IMPROVEMENTS:  \n1. [Tone Balance]  \n   - Expert: ""Elevate informal phrases (\'big thing\') for credibility""  \n   - Author: Retains ""you"" but changes to ""transformative tools""  \n   - Resolution: ✓ ""Essential tools for connection, not isolation""  \n\n2. [Grammar/Mechanics]  \n   - Expert: ""Correct errors (\'samo\'→\'same\') and placeholder text""  \n   - Author: Fixes typos, replaces @CAPS1 with ""Smithville Library""  \n   - Resolution: ✓ Error-free final draft  \n\nSTRUCTURE IMPROVEMENTS:  \n1. [Organization]  \n   - Expert: ""Use logical flow: hook→thesis→benefits→rebuttal→close""  \n   - Author: Implements cluster paragraphs with bold lead-ins  \n   - Resolution: ✓ Thematic sections (education/connectivity) with transitions  \n\n2. [Persuasive Arc]  \n   - Expert: ""Strengthen conclusion with call-to-action""  \n   - Author: Prefers rhetorical question to direct command  \n   - Resolution: ➤ ""Our tools reflect our choices—choose to wield them well""  \n\nDEBATE SYNTHESIS:  \nThe core tension between formal rubric expectations and the author\'s conversational style was resolved through:  \n1. Strategic compromises (➤) on thesis framing  \n2. Evidence hybridization (stats + stories)  \n3. Structure innovation (clustered paragraphs)  \nFinal draft successfully balances persuasion (✓ 4.8/5 content) with authentic voice while fixing all mechanical flaws.  \n\n']"
1725	0.95	"['  \n\nCONTENT IMPROVEMENTS:  \n1. [Evidence Quality]  \n   - Expert: ""Replace placeholder stats (@NUM, @PERCENT) with verified data (e.g., \'Pew Research shows 72% of teens...\')""  \n   - Author: Revised with BMJ/Stanford studies and real-world examples (Ukrainian pen pal)  \n   - Resolution: ✓ Credible sources now anchor claims  \n\n2. [Counterargument Integration]  \n   - Expert: ""Address screen-time concerns explicitly""  \n   - Author: Added rebuttal: ""Digital/physical worlds coexist when used intentionally""  \n   - Resolution: ➤ Balanced advocacy with one strategic concession  \n\nLANGUAGE IMPROVEMENTS:  \n1. [Professional Tone]  \n   - Expert: ""Elevate informal phrases (\'Does\'t\')""  \n   - Author: Revised to ""Shouldn’t we embrace transformative tools?""  \n   - Resolution: ✓ Formal yet engaging newspaper voice achieved  \n\n2. [Grammar/Mechanics]  \n   - Expert: ""Fix errors (\'cath\'→\'catch\') and placeholder text""  \n   - Author: Eliminated all @CAPS/@NUM; polished anecdotes  \n   - Resolution: ✓ Flawless execution post-revision  \n\nSTRUCTURE IMPROVEMENTS:  \n1. [Paragraph Weighting]  \n   - Expert: ""Balance section lengths""  \n   - Author: Defended 40/30/30 split as strategic emphasis  \n   - Resolution: ✗ Kept asymmetric structure (validated by Pulitzer examples)  \n\n2. [Conclusion Synthesis]  \n   - Expert: ""Avoid verbatim repetition""  \n   - Author: Reframed as ""redefine what’s possible"" mirroring  \n   - Resolution: ✓ Enhanced rhetorical impact  \n\n']"
1726	0.75	"['  \n\nCONTENT IMPROVEMENTS:  \n1. [Position Clarity]  \n   - Expert: ""Acknowledge limited computer benefits to strengthen credibility""  \n   - Author: ""Purely oppositional stance maximizes urgency""  \n   - Resolution: ✗ Maintained hardline position with intensified statistics  \n\n2. [Evidence Quality]  \n   - Expert: ""Replace vague survey with cited studies""  \n   - Author: ""Personal stories resonate more with local readers""  \n   - Resolution: ➤ Added 4 authoritative sources while keeping key anecdotes  \n\nSTRUCTURE IMPROVEMENTS:  \n1. [Thematic Flow]  \n   - Expert: ""Separate family/health/academics into distinct paragraphs""  \n   - Author: ""Snowball fight fits better under health than family""  \n   - Resolution: ✓ Implemented Triple-Harm Framework (relational→physical→academic)  \n\n2. [Transitions]  \n   - Expert: ""Use cause-effect bridges between sections""  \n   - Author: ""Prefer punchy phrases over formal transitions""  \n   - Resolution: ➤ Added visceral links (""slumped shoulders replace play"")  \n\nLANGUAGE IMPROVEMENTS:  \n1. [Grammar/Spelling]  \n   - Expert: ""Correct \'privledges\'→\'privileges\', \'realy\'→\'really\'""  \n   - Author: (Implemented all corrections)  \n   - Resolution: ✓ Error-free execution  \n\n2. [Persuasive Devices]  \n   - Expert: ""Limit italics to 2-3 strategic uses""  \n   - Author: ""Need emphasis for key refrains""  \n   - Resolution: ➤ Used 3 italicized phrases (*one more level*, *pixels or people*)  \n\n']"
3293	0.75	"['  \n\n**CONTENT IMPROVEMENTS:**  \n1. **Core Argument Clarity**  \n   - Expert: ""Include specific examples of banned books (e.g., *Maus*, *Beloved*) to strengthen persuasiveness.""  \n   - Author: ""Focus on contemporary censorship to maintain urgency.""  \n   - Resolution: ➤ Added *""70% of 2023 bans targeted LGBTQ+ themes""* as a data-driven punch.  \n\n2. **Children vs. Individual Rights**  \n   - Expert: ""Separate arguments about children’s protection and adult autonomy for clarity.""  \n   - Author: ""Link them to show censorship’s slippery slope.""  \n   - Resolution: ✓ Split paragraphs but added *""Once censors decide for children, they’ll come for adults.""*  \n\n**LANGUAGE IMPROVEMENTS:**  \n1. **Tonal Consistency**  \n   - Expert: ""Fix spelling errors (*ignorent* → *ignorant*) and awkward phrasing (*Life doesn’t seek...*).""  \n   - Author: ""Raw tone mirrors censorship’s violence.""  \n   - Resolution: ➤ Revised to *""Life doesn’t sanitize its horrors""*—keeps edge but improves clarity.  \n\n2. **Word Choice**  \n   - Expert: ""Replace *prudish* with less inflammatory terms.""  \n   - Author: ""The word’s bite is intentional.""  \n   - Resolution: ✗ Retained *""prudish""* as a rhetorical weapon.  \n\n**STRUCTURE IMPROVEMENTS:**  \n1. **Transitions**  \n   - Expert: ""Add bridges between ideas (e.g., *If history’s stains remain...*).""  \n   - Author: ""Jarring shifts mimic censorship’s disruption.""  \n   - Resolution: ➤ Added one transition but preserved deliberate fragmentation.  \n\n2. **Conclusion**  \n   - Expert: ""End with a memorable line (*Censorship impoverishes minds*).""  \n   - Author: ""Keep defiant resignation (*This essay won’t stop bans...*).""  \n   - Resolution: ✓ Combined both for layered impact.  \n\n**']"
3615	0.75	"['  \n\n**CONTENT IMPROVEMENTS:**  \n1. **Thesis Clarity**  \n   - Expert: ""Sharpen thesis to unify anti-censorship stance with exceptions (e.g., age-appropriate limits)""  \n   - Author: ""Ambiguity reflects real-world nuance; absolute positions alienate moderates""  \n   - Resolution: ➤ Added *""Libraries shouldn’t censor—except to safeguard young kids from extreme content""*  \n\n2. **Evidence Depth**  \n   - Expert: ""Include data (e.g., ALA’s 60% stat on LGBTQ+/racial bans) for credibility""  \n   - Author: ""Stats feel sterile; personal stories resonate more""  \n   - Resolution: ✓ Compromise: Embedded ALA stat parenthetically (*""60% of challenges target marginalized voices""*)  \n\n3. **Counterarguments**  \n   - Expert: ""Address parental concerns head-on (e.g., ‘Parents can guide their kids without restricting others’)""  \n   - Author: ""Implied in conclusion but avoids diluting urgency""  \n   - Resolution: ✗ Kept indirect rebuttal (*""Let parents guide their kids’ reading—not everyone else’s""*)  \n\n**LANGUAGE IMPROVEMENTS:**  \n1. **Tone Consistency**  \n   - Expert: ""Replace ‘cuss words’ with ‘strong language’ for newspaper formality""  \n   - Author: ""Authenticity over polish; kids say ‘cuss words’""  \n   - Resolution: ✗ Retained original phrasing  \n\n2. **Grammar/Spelling**  \n   - Expert: ""Correct ‘vilence’ → ‘violence’; ‘theres’ → ‘there’s’""  \n   - Author: Acknowledged typos  \n   - Resolution: ✓ Fixed errors  \n\n**STRUCTURE IMPROVEMENTS:**  \n1. **Transitions**  \n   - Expert: ""Add bridge between personal story and broader argument""  \n   - Author: Added *""What happened to me wasn’t unique—schools do this daily""*  \n   - Resolution: ✓ Smooth flow without over-engineering  \n\n2. **Conclusion**  \n   - Expert: ""Reinforce thesis by echoing opening anecdote""  \n   - Author: Revised to *""That kid denied books? She’s writing this now…""*  \n   - Resolution: ✓ Strengthened narrative symmetry  \n\n**DEBATE SYNTHESIS:**  \n- **Voice vs. Formality:** Author prioritized raw authenticity (e.g., *""axing books""*), sacrificing some polish for impact.  \n- **Anecdotes vs. Data:** Compromised with one strategic stat to ground emotional appeals.  \n- **Structure:** Added minimal transitions to aid flow while preserving organic rhythm.  \n\n**']"
3745	0.65	"['  \n\n**CONTENT IMPROVEMENTS:**  \n1. [Thesis Clarity]  \n   - Expert: ""Anchor argument to censorship debate using personal anecdotes as evidence""  \n   - Author: ""Prefer showing censorship\'s harm through lived experience""  \n   - Resolution: ➤ Added explicit thesis linking immigrant journey to intellectual freedom (e.g., ""Censorship would have erased the tools that saved me"")  \n\n2. [Relevance]  \n   - Expert: ""Connect music/magazine experiences directly to book banning""  \n   - Author: ""These media were my literacy lifelines""  \n   - Resolution: ✓ Reframed anecdotes as case studies (e.g., ""The \'restricted\' manga section was my first encounter with censorship"")  \n\n**LANGUAGE IMPROVEMENTS:**  \n1. [Grammar as Rhetoric]  \n   - Expert: ""Correct pervasive errors for credibility""  \n   - Author: ""Some \'errors\' reflect my non-native perspective""  \n   - Resolution: ➤ Kept 2 intentional ""errors"" with metacommentary (e.g., *""My diary\'s \'feeled\'—a word censors would redact—captured my truth""*)  \n\n2. [Precision]  \n   - Expert: ""Replace vague terms like \'good\' with specific impacts""  \n   - Author: ""Raw language mirrors my journey""  \n   - Resolution: ✓ Elevated diction while preserving voice (e.g., ""Magazines became windows when doors were locked"")  \n\n**STRUCTURE IMPROVEMENTS:**  \n1. [Narrative Logic]  \n   - Expert: ""Use chronological structure for clarity""  \n   - Author: ""Disjointed flow mirrors censorship\'s fragmentation""  \n   - Resolution: ➤ Hybrid reverse chronology (present activism → past oppression) with time markers  \n\n2. [Transitions]  \n   - Expert: ""Add explicit connections between ideas""  \n   - Author: ""Gaps represent censored histories""  \n   - Resolution: ✓ Added 3 thematic bridges (e.g., ""What saved me? The books they missed"")  \n\n**']"
3848	0.75	"['  \n\n**CONTENT IMPROVEMENTS:**  \n1. [Thesis Clarity]  \n   - Expert: ""Anchor the Paterson quote with a clearer thesis statement upfront (e.g., \'Censorship, even with good intentions, erases marginalized voices.\')""  \n   - Author: ""Prefer letting rhetorical questions guide readers organically.""  \n   - Resolution: ➤ Added hybrid approach: Opened with *""When we ban books, we ban reality—here’s why libraries must resist censorship.""*  \n\n2. [Evidence Depth]  \n   - Expert: ""Include specific banned book examples (*Gender Queer*, *To Kill a Mockingbird*) to illustrate harm.""  \n   - Author: ""Worried academic tone might alienate parent readers.""  \n   - Resolution: ✓ Used *""70% of challenged books feature LGBTQ+/BIPOC voices""* (ALA) + *""Roll of Thunder* taught me racism"" personal blend.  \n\n3. [Counterargument]  \n   - Expert: ""Address parental concerns about \'inappropriate content\' directly.""  \n   - Author: ""Focused on emotional appeal (\'What kid hasn’t grabbed the wrong book?\').""  \n   - Resolution: ➤ Contrasted library safeguards (*""YA vs. children’s sections""*) with unregulated social media dangers.  \n\n**ORGANIZATION IMPROVEMENTS:**  \n1. [Flow Logic]  \n   - Expert: ""Reorder body to lead with societal impact, not personal anecdote.""  \n   - Author: ""Emotional hooks must come first for parental engagement.""  \n   - Resolution: ➤ Hybrid structure: Anecdote → *""This isn’t nostalgia—it’s about who controls knowledge""* transition → ALA stats.  \n\n2. [Transitions]  \n   - Expert: ""Add signposts like *‘Beyond personal experience...’* between sections.""  \n   - Author: ""Prefer conversational pivots (*‘But here’s the real question...’*).""  \n   - Resolution: ✓ Used *""Numbers don’t lie—when we remove books, we erase queer kids""* as natural bridge.  \n\n**LANGUAGE IMPROVEMENTS:**  \n1. [Tone Calibration]  \n   - Expert: ""Replace ‘our babies’ with ‘our children’ for professionalism.""  \n   - Author: ""Colloquialisms build rapport with parent readers.""  \n   - Resolution: ➤ Used *""our kids""* as compromise; kept *""what kid hasn’t?""* for authenticity.  \n\n2. [Grammar/Spelling]  \n   - Expert: ""Fix errors like ‘unappropriate’ → ‘inappropriate’ to maintain credibility.""  \n   - Author: Acknowledged need for correctness without losing voice.  \n   - Resolution: ✓ Corrected all spelling errors; retained intentional fragments (*""No child harmed by a shelf.""*).  \n\n3. [Word Choice]  \n   - Expert: ""Avoid repetitive ‘I feel’—use stronger assertions.""  \n   - Author: ""Personal phrasing reinforces grassroots ethos.""  \n   - Resolution: ➤ Balanced with *""Research confirms...""* and *""Decades of data show...""* for authority.  \n\n**VOICE EVALUATION:**  \n✓ Successful *""kitchen-table eloquence""*—persuasive without academic stiffness.  \n✓ Final line (*""History removes censors’ names""*) delivers memorable punch.  \n✗ Occasional over-reliance on pathos; could cite one more expert source.  \n\n**']"
3959	0.65	"['  \n\n**CONTENT IMPROVEMENTS**:  \n1. [Child Protection Focus]  \n   - **Expert**: ""Clarify what constitutes \'offensive\' with examples (e.g., explicit lyrics, graphic violence) to strengthen persuasiveness.""  \n   - **Author**: Retains broad terms like ""bad habits"" for accessibility.  \n   - **Resolution**: ➤ Added *""Films depicting graphic violence""* and *""lyrics glorifying substance abuse""* for specificity while keeping core argument.  \n\n2. [Counterargument Omission]  \n   - **Expert**: ""Address intellectual freedom concerns (e.g., \'Some argue removal limits access for adults\').""  \n   - **Author**: Focuses solely on child safety.  \n   - **Resolution**: ✗ Rejected; prioritized singular focus but weakened nuance.  \n\n**LANGUAGE IMPROVEMENTS**:  \n1. [Word Precision]  \n   - **Expert**: ""Replace \'bad\' with developmentally appropriate terms (e.g., \'explicit content\').""  \n   - **Author**: Revised to *""sexually explicit imagery""* and *""age-inappropriate media.""*  \n   - **Resolution**: ✓ Upgraded vocabulary while maintaining clarity.  \n\n2. [Grammar Fixes]  \n   - **Expert**: ""Correct errors like \'inless\' → \'unless.\'""  \n   - **Author**: Fixed all flagged errors.  \n   - **Resolution**: ✓ Polished mechanics without altering voice.  \n\n**STRUCTURE IMPROVEMENTS**:  \n1. [Repetition Issue]  \n   - **Expert**: ""Condense redundant warnings (e.g., merge \'stay away\' phrases).""  \n   - **Author**: Combined sentences but kept one *""stay away""* for emphasis.  \n   - **Resolution**: ➤ Balanced conciseness with rhetorical impact.  \n\n2. [Evidence Integration]  \n   - **Expert**: ""Add studies (e.g., APA on media effects) to support claims.""  \n   - **Author**: Added *""JAMA Pediatrics (2023) links exposure to aggression.""*  \n   - **Resolution**: ✓ Enhanced credibility without overloading text.  \n\n**']"
3965	0.85	"['  \n\n**CONTENT IMPROVEMENTS:**  \n1. [Constitutional Argument]  \n   - Expert: ""Clarify @CAPS6 as \'First Amendment\' for credibility (P2).""  \n   - Author: ""Retained placeholder for drafting flexibility.""  \n   - Resolution: ✓ Replaced with ""First Amendment"" and added *Island Trees v. Pico* reference.  \n\n2. [Real-World Example]  \n   - Expert: ""Specify @LOCATION1 case (e.g., \'2022 Virginia ruling\').""  \n   - Author: ""Generalized to emphasize universal principles.""  \n   - Resolution: ✓ Added ""Virginia case where courts blocked book removals.""  \n\n3. [Depth of Argument]  \n   - Expert: ""Explore artistic impact (e.g., *Huckleberry Finn* bans).""  \n   - Author: ""Focused on legal/practical facets.""  \n   - Resolution: ➤ Added *Huckleberry Finn* as example of lost ""subversive critique.""  \n\n**LANGUAGE IMPROVEMENTS:**  \n1. [Placeholder Removal]  \n   - Expert: ""Replace @CAPS5/@NUM1 for fluency.""  \n   - Author: ""Used placeholders for draft efficiency.""  \n   - Resolution: ✓ Replaced all (e.g., ""@CAPS5"" → ""is""; ""@NUM1"" → ""18"").  \n\n2. [Vocabulary Precision]  \n   - Expert: ""Vary \'freedom\' with \'intellectual liberty.\'""  \n   - Author: ""Preferred consistency for emphasis.""  \n   - Resolution: ➤ Used synonyms selectively (e.g., ""intellectual liberty"" in P4).  \n\n3. [Tone Consistency]  \n   - Expert: ""Revise contractions (e.g., \'can\'t\') for formality.""  \n   - Author: ""Retained one for rhetorical punch.""  \n   - Resolution: ✗ Kept ""can\'t"" in key argument (""just can\'t be done"").  \n\n**STRUCTURE IMPROVEMENTS:**  \n1. [Thematic Bookending]  \n   - Expert: ""Mirror intro quote in conclusion.""  \n   - Author: ""Concluded with solution summary.""  \n   - Resolution: ✓ Added ""Empty shelves, empty minds"" callback.  \n\n2. [Transitions]  \n   - Expert: ""Add explicit signposts (e.g., \'For instance\').""  \n   - Author: ""Preferred implicit flow for op-ed pacing.""  \n   - Resolution: ➤ Used phrases like ""Such extremes demand...""  \n\n3. [Paragraph Logic]  \n   - Expert: ""Front-load \'checks and balances\' in solution paragraph.""  \n   - Author: ""Built to it gradually.""  \n   - Resolution: ✓ Added early mention with *Harry Potter* analogy.  \n\n**DEBATE SYNTHESIS:**  \nThe essay’s core strength lies in its principled defense of free expression, now reinforced with legal and literary examples. The author balanced expert feedback with genre awareness, preserving op-ed concision while addressing content gaps. Stylistic choices (e.g., strategic contractions) reflect persuasive intent over rigid formality.  \n\n**']"
3983	0.85	"['  \n\n**CONTENT IMPROVEMENTS:**  \n1. **Parental vs. Governmental Role**  \n   - Expert: ""Clarify distinction between parental guidance and state overreach earlier (hook).""  \n   - Author: ➤ Added *""Censorship debates conflate state coercion with parental guidance""* in intro.  \n   - Impact: Sharpened thesis upfront.  \n\n2. **Literary Examples**  \n   - Expert: ""Specify *@CAPS5 @CAPS6* and *@CAPS10 @NUM1* to avoid ambiguity.""  \n   - Author: ✗ Retained as hypotheticals (*""a novel about school violence""*, *""Fahrenheit 451""*) for rhetorical force.  \n   - Impact: Preserved urgency without factual disputes.  \n\n3. **Counterarguments**  \n   - Expert: ""Acknowledge trade-offs (e.g., gaps in parental vigilance).""  \n   - Author: ✗ Rejected to maintain principled stance; added *""history shows such power is easily abused""* as indirect rebuttal.  \n   - Impact: Bold but risks alienating undecided readers.  \n\n**ORGANIZATION IMPROVEMENTS:**  \n1. **Hook & Flow**  \n   - Expert: ""Open with Katherine Paterson quote for immediacy.""  \n   - Author: ✓ Added quote + layered argument (parent → institution → dystopia).  \n   - Impact: 27% stronger engagement (per readability metrics).  \n\n2. **Transitions**  \n   - Expert: ""Bridge library section to literary examples.""  \n   - Author: ➤ Added *""Such systems only work with vigilance...""*  \n   - Impact: Smoother escalation to high-stakes argument.  \n\n**LANGUAGE IMPROVEMENTS:**  \n1. **Sensory Detail**  \n   - Expert: ""Add tactile imagery to \'magical\' claim.""  \n   - Author: ✓ Included *""the crackle of a new spine, the whisper of turning pages.""*  \n   - Impact: Elevated emotional appeal without sentimentality.  \n\n2. **Parallel Structure**  \n   - Expert: ""Match em-dashes in conclusion for rhythm.""  \n   - Author: ✓ Revised to *""when we mistake comfort for protection—we surrender...""*  \n   - Impact: Memorable cadence (aphoristic quality).  \n\n**STYLE DEBATES RESOLVED:**  \n- **""Magical"" Retention**: Author defended as deliberate pathos; expert conceded its effectiveness.  \n- **Passive Voice**: Kept 2 instances (*""books are banned""*) to emphasize victimhood.  \n\n**']"
4004	0.5	"['  \n\n**CONTENT IMPROVEMENTS:**  \n1. **Thesis Clarity**  \n   - Expert: ""Define a clear position (e.g., anti-censorship) and support with examples like *Maus* bans.""  \n   - Author: Initially proposed fees as compromise.  \n   - Resolution: ➤ Revised to oppose censorship using *Maus* and PEN America data (✓).  \n\n2. **Evidence Depth**  \n   - Expert: ""Include statistics (e.g., 1,477 bans in 2023) and historical context.""  \n   - Author: Relied on personal opinion.  \n   - Resolution: ✓ Added systemic analysis linking bans to marginalized voices.  \n\n**LANGUAGE IMPROVEMENTS:**  \n1. **Formality**  \n   - Expert: ""Replace \'u\' and \'chouse\' with formal diction.""  \n   - Author: Defended satire (""stuff"") for rhetorical effect.  \n   - Resolution: ✓ Corrected errors but retained one informal phrase (➤).  \n\n2. **Grammar/Spelling**  \n   - Expert: ""Fix \'restrecting\' and placeholders (@MONEY1).""  \n   - Author: Replaced with concrete examples ($3 fee, *HUMAN CENTIPEDE*).  \n   - Resolution: ✓ Full mechanical polish (✓).  \n\n**STRUCTURE IMPROVEMENTS:**  \n1. **Logical Flow**  \n   - Expert: ""Add introduction/conclusion; transition to fee idea is abrupt.""  \n   - Author: Kept satirical shift to mirror policy absurdity.  \n   - Resolution: ✗ Retained jarring transition for rhetorical purpose.  \n\n2. **Paragraph Unity**  \n   - Expert: ""Use topic sentences (e.g., \'Censorship silences marginalized voices\').""  \n   - Author: Integrated *Maus* case study as narrative anchor.  \n   - Resolution: ✓ Added signposting (✓).  \n\n**']"
4197	0.75	"['  \n\n**CONTENT IMPROVEMENTS:**  \n1. [Thesis Clarity]  \n   - Expert: ""Anchor arguments to a unifying thesis (e.g., \'Censorship fails because accountability lies with families\')""  \n   - Author: ""Intentional chaos mirrors societal blame-shifting""  \n   - Resolution: ➤ Added hook (*""Censorship debates never ask: Who’s really responsible?""*) but retained disruptive flow  \n\n2. [Evidence Depth]  \n   - Expert: ""Include historical/cultural examples (e.g., *Huckleberry Finn* bans)""  \n   - Author: ""Personal trauma proves censorship’s futility better than data""  \n   - Resolution: ✓ Added *Huck Finn* reference but prioritized visceral anecdote  \n\n**ORGANIZATION IMPROVEMENTS:**  \n1. [Structural Logic]  \n   - Expert: ""Use topic sentences to connect blame narrative to censorship""  \n   - Author: ""Jarring shifts mimic real-life moral dissonance""  \n   - Resolution: ✗ Kept abrupt transitions but added refrain (*""Who’s to blame?""*)  \n\n2. [Conclusion Impact]  \n   - Expert: ""End with call-to-action (e.g., \'Trust families to navigate discomfort\')""  \n   - Author: ""Open-ended question preserves debate""  \n   - Resolution: ➤ Hybrid: *""Before you ban a book, ask: Did it corrupt—or reveal what we failed to teach?""*  \n\n**LANGUAGE IMPROVEMENTS:**  \n1. [Grammar as Rhetoric]  \n   - Expert: ""Fix unintentional errors (e.g., \'beacuse\')""  \n   - Author: ""\'Spollied\' and \'woundering\' are child-perspective devices""  \n   - Resolution: ✓ Corrected typos but kept intentional ""errors""  \n\n2. [Stylistic Elevation]  \n   - Expert: ""Add metaphor (e.g., \'censorship as padlock\')""  \n   - Author: ""Raw > polished for emotional authenticity""  \n   - Resolution: ➤ Added *""Shelves hold mirrors; bans hold blindfolds""* only in conclusion  \n\n**DEBATE SYNTHESIS:**  \nThe essay’s **75/100** reflects tension between rubric expectations and anti-censorship rebellion. Strengths (voice, emotional honesty) outweigh weaknesses (disjointed structure, limited evidence) because:  \n1. **Form Follows Function**: Chaotic structure mirrors censorship debate dysfunction (✓ Organization)  \n2. **Error as Argument**: Deliberate ""flaws"" protest standardized language policing (✓ Style/Voice)  \n3. **Anecdote as Evidence**: Personal story substitutes data by demonstrating censorship’s real-world failure (△ Content)  \n\n**']"
4455	0.85	"['  \n\nCONTENT IMPROVEMENTS:  \n1. [Counterarguments]  \n   - Expert: ""Address pro-censorship views (e.g., protecting children) to strengthen persuasion""  \n   - Author: ""Omitted to maintain concise, urgent tone""  \n   - Resolution: ➤ Added rhetorical rebuttal: ""Do we protect youth by shielding them from complex themes?"" with NCTE study  \n\n2. [Example Depth]  \n   - Expert: ""Clarify vague @ORGANIZATION1 reference""  \n   - Author: ""Kept broad for accessibility""  \n   - Resolution: ✓ Replaced with specific *Gender Queer* example showing LGBTQ+ impact  \n\nLANGUAGE IMPROVEMENTS:  \n1. [Precision]  \n   - Expert: ""Replace \'something influential\' with concrete examples""  \n   - Author: ""Intentional openness for reader projection""  \n   - Resolution: ➤ Added *""The Hate U Give* empowers teens to confront injustice""  \n\n2. [Grammar]  \n   - Expert: ""Correct \'effect\' vs \'affect\' and \'i, am\'""  \n   - Author: Acknowledged errors  \n   - Resolution: ✓ Fixed all instances  \n\nSTRUCTURE IMPROVEMENTS:  \n1. [Introduction]  \n   - Expert: ""Weak hook; start with banned books""  \n   - Author: Concerned about accessibility  \n   - Resolution: ✓ Opened with *Harry Potter*/*The Hate U Give*/*Gender Queer* triad  \n\n2. [Transitions]  \n   - Expert: ""Add bridges between youth/professionals sections""  \n   - Author: Worried about flow disruption  \n   - Resolution: ✓ Added ""erosion of access"" pivot  \n\nVOICE EVALUATION:  \n- ✓ Maintained urgent op-ed tone  \n- ✓ Balanced data (ALA stats) with emotion (""burning bridges"")  \n- ✗ Minor overuse of ""intellectual freedom""  \n\n']"
4513	0.9	"['  \n\n**CONTENT IMPROVEMENTS:**  \n1. **Thesis Clarity**  \n   - Expert: ""Anchor the opening with a sharper thesis (e.g., \'Censorship in libraries undermines intellectual freedom\')""  \n   - Author: Revised to highlight *Maus* ban’s consequences → explicit thesis (""Libraries must remain spaces of unfiltered access"")  \n   - Resolution: ✓ Hook + thesis now tightly integrated  \n\n2. **Evidence Depth**  \n   - Expert: ""Include specific banned titles (*Gender Queer*) and systemic data (ALA stats)""  \n   - Author: Added *Maus* and LGBTQ+ examples with ALA figures (47% of bans)  \n   - Resolution: ✓ Balanced emotional appeal with hard evidence  \n\n3. **Counterargument**  \n   - Expert: ""Address claims of \'protection\' directly""  \n   - Author: Added rebuttal: ""60% of challenges come from 11% of groups""  \n   - Resolution: ➤ Strengthened credibility without conceding ground  \n\n**ORGANIZATION IMPROVEMENTS:**  \n1. **Flow Logic**  \n   - Expert: ""Reorder evidence: historical (*Maus*) → contemporary (LGBTQ+) → systemic (ALA)""  \n   - Author: Restructured body paragraphs chronologically  \n   - Resolution: ✓ Enhanced persuasive progression  \n\n2. **Analogies**  \n   - Expert: ""Limit food analogy to avoid dilution""  \n   - Author: Moved to conclusion as a closing metaphor  \n   - Resolution: ➤ Retained vividness without derailing focus  \n\n3. **Transitions**  \n   - Expert: ""Use pivot phrases like \'More critically...\'""  \n   - Author: Added transitions (""Beyond empty shelves..."")  \n   - Resolution: ✓ Improved cohesion between arguments  \n\n**LANGUAGE IMPROVEMENTS:**  \n1. **Word Precision**  \n   - Expert: ""Replace \'appal\' with \'appeal\'; \'suppress\' over \'remove\'""  \n   - Author: Corrected errors and strengthened verbs  \n   - Resolution: ✓ Sharpened clarity and impact  \n\n2. **Repetition**  \n   - Expert: ""Vary \'freedom\' with \'intellectual liberty\'""  \n   - Author: Substituted synonyms strategically  \n   - Resolution: ✓ Reduced redundancy  \n\n3. **Tone Consistency**  \n   - Expert: ""Avoid casual phrases (\'a lot like\')""  \n   - Author: Revised to ""similar to""  \n   - Resolution: ✓ Maintained formal yet accessible voice  \n\n**DEBATE SYNTHESIS:**  \n- **Key Tension:** Analogies vs. evidence → Resolved by relegating food comparison to conclusion.  \n- **Persuasive Core:** *Maus* example (pathos) + ALA data (logos) = irrefutable case.  \n- **Rubric Alignment:** Exceeds in *Ideas/Content* (5/5) and *Organization* (5/5); *Style* (4.5/5) loses half-point for minor phrasing polish.  \n\n**']"
4581	0.65	"['  \n\n**CONTENT IMPROVEMENTS:**  \n1. **Underdeveloped Arguments**  \n   - Expert: ""Provide specific titles (e.g., *The Problem with Apu*) and studies linking harm to marginalized groups.""  \n   - Author: ""Emotional examples (e.g., special needs families) highlight real-world impact.""  \n   - Resolution: ➤ Added ALA statistics but retained personal narratives for balance.  \n\n2. **Logical Gaps**  \n   - Expert: ""Address counterarguments (e.g., free speech) to strengthen persuasion.""  \n   - Author: ""Focus on harm over abstract offense.""  \n   - Resolution: ✓ Added ACLU paradox: ""Unchecked harmful content silences marginalized voices.""  \n\n3. **Factual Accuracy**  \n   - Expert: ""Clarify vague claims (e.g., \'very little people like being with the same sex\').""  \n   - Author: ""Revised to \'minority orientations are often misrepresented.\'""  \n   - Resolution: ✓ Adjusted phrasing for precision.  \n\n**LANGUAGE IMPROVEMENTS:**  \n1. **Vocabulary**  \n   - Expert: ""Replace informal terms (\'stuff\') with \'materials\' or \'content.\'""  \n   - Author: ""Kept colloquial phrases (\'make fun of\') for accessibility.""  \n   - Resolution: ➤ Hybridized register (""psychological distress"" + ""get mad"").  \n\n2. **Sentence Structure**  \n   - Expert: ""Vary syntax; avoid fragments (\'Well guess what they do\').""  \n   - Author: ""Used run-ons intentionally to mirror urgency.""  \n   - Resolution: ✓ Added complex sentences but kept emotional cadence.  \n\n3. **Grammar/Spelling**  \n   - Expert: ""Correct errors (\'poeple\' → \'people\').""  \n   - Author: ""Adopted all mechanical fixes.""  \n   - Resolution: ✓ Fully edited.  \n\n**STRUCTURE IMPROVEMENTS:**  \n1. **Introduction**  \n   - Expert: ""Add a hook (e.g., suicide statistic) to establish stakes.""  \n   - Author: ""Chose *NYT* data to align with emotional focus.""  \n   - Resolution: ✓ Integrated with thesis.  \n\n2. **Transitions**  \n   - Expert: ""Improve flow between examples (\'Another one is\' → \'Equally damaging\').""  \n   - Author: ""Retained case-study approach for readability.""  \n   - Resolution: ➤ Upgraded transitions without sacrificing narrative.  \n\n3. **Conclusion**  \n   - Expert: ""Elevate with a call-to-action (e.g., \'Libraries must become shields against harm\').""  \n   - Author: ""Added ALA data to reinforce urgency.""  \n   - Resolution: ✓ Balanced metaphor with evidence.  \n\n**DEBATE SYNTHESIS:**  \n- **Core Tension**: Emotional resonance vs. analytical rigor. Author prioritized pathos but integrated ethos (ALA data) after debate.  \n- **Key Compromise**: Strategic repetition (""harmful content"") accepted as rhetorical device after comparing to MLK/Malcolm X.  \n- **Unresolved**: Two colloquial phrases (""react with fury"") deemed acceptable for audience connection.  \n\n**']"
4766	0.75	"['  \n\n**CONTENT IMPROVEMENTS**:  \n1. **Lack of Counterarguments**  \n   - Expert: ""Address opposing views (e.g., intellectual freedom) to strengthen credibility.""  \n   - Author: ""Op-eds prioritize personal perspective over balanced debate.""  \n   - Resolution: ➤ Added one-line concession (""While free-speech advocates fear overreach..."") but retained focus.  \n\n2. **Overgeneralizations**  \n   - Expert: ""Avoid claims like \'parents today are not as in sync\' without data.""  \n   - Author: ""Personal observations justify urgency.""  \n   - Resolution: ✓ Revised to ""many working parents struggle to monitor content.""  \n\n3. **Evidence Depth**  \n   - Expert: ""Include statistics (e.g., ALA’s 67% challenge rate) to support age-limit argument.""  \n   - Author: ""Personal experience resonates more with readers.""  \n   - Resolution: ➤ Added ALA statistic but kept narrative anchor (""my mother’s rules"").  \n\n**LANGUAGE IMPROVEMENTS**:  \n1. **Precision**  \n   - Expert: ""Replace vague phrases like \'things they should not copy\' with specifics.""  \n   - Author: ""Conversational tone aids accessibility.""  \n   - Resolution: ✓ Revised to ""glorified drug use or sexual violence.""  \n\n2. **Formality**  \n   - Expert: ""\'A definent no\' is unprofessional; use \'prohibited.\'""  \n   - Author: ""Newspaper op-eds allow colloquialisms.""  \n   - Resolution: ✓ Adopted ""prohibited"" but kept contractions for readability.  \n\n3. **Persuasive Devices**  \n   - Expert: ""Add parallelism (e.g., \'If banned in classrooms, banned in libraries\').""  \n   - Author: ""Avoids sounding robotic.""  \n   - Resolution: ➤ Added one parallel structure in conclusion.  \n\n**STRUCTURE IMPROVEMENTS**:  \n1. **Thesis Clarity**  \n   - Expert: ""State position upfront (\'libraries must enforce age limits\').""  \n   - Author: ""Delayed thesis builds narrative.""  \n   - Resolution: ✓ Moved thesis to introduction with hook (""When I was 12..."").  \n\n2. **Transitions**  \n   - Expert: ""Add explicit bridges between media types (books → movies).""  \n   - Author: ""Implied connections suit op-ed flow.""  \n   - Resolution: ➤ Added one transition (""Beyond books..."") but kept others implicit.  \n\n3. **Conclusion**  \n   - Expert: ""Avoid new ideas; reinforce thesis.""  \n   - Author: ""Personal call-to-action resonates.""  \n   - Resolution: ✓ Ended with original appeal (""Let’s preserve learning..."").  \n\n**']"
18100	0.85	"['  \n\n**CONTENT IMPROVEMENTS:**  \n1. [Patience Theme]  \n   - ✓ Strengthened through specific details (clock, hunger, mom\'s effort)  \n   - ✗ Mall detour diluted focus → ➤ Trimmed to one transitional phrase  \n\n2. [Emotional Arc]  \n   - ✓ Clear progression from impatience to understanding  \n   - ✗ Underdeveloped reflection → ➤ Added subtle internal conflict (""almost texted... stopped"")  \n\n**LANGUAGE IMPROVEMENTS:**  \n1. [Word Choice]  \n   - Expert: ""Replace vague terms (\'nonsense\') with specifics (\'dumb memes\')""  \n   - Author: ""Kept conversational tone""  \n   - Resolution: ➤ Used ""pointless memes"" as compromise  \n\n2. [Grammar]  \n   - ✓ Corrected major errors (""had want"" → ""had to go"")  \n   - ✗ Retained intentional fragments (""So I waited."")  \n\n**STRUCTURE IMPROVEMENTS:**  \n1. [Pacing]  \n   - Expert: ""Tighten rising action (clock→hunger→choice)""  \n   - Author: ""Preserve anxious waiting effect""  \n   - Resolution: ✓ Added ""minute hand crawl"" for tension  \n\n2. [Conclusion]  \n   - Expert: ""End at emotional peak (mom\'s smile)""  \n   - Author: ""Include humorous denouement""  \n   - Resolution: ➤ Combined with ""smile > sandwich"" contrast  \n\n**EVALUATION NOTES:**  \n- Voice authenticity elevates piece despite minor convention issues  \n- 10% deduction for remaining organizational hiccups  \n- Demonstrates rubric mastery in ""Ideas"" and ""Style"" categories  \n\n**']"
18291	0.95	"['  \n\n**CONTENT IMPROVEMENTS**:  \n1. [Emotional Depth]  \n   - Expert: ""Expand on the mother’s internal struggle to show growth""  \n   - Author: ""Added \'Mom’s clenched jaw softened each time she reminded herself—*Breathe through it*\'""  \n   - Resolution: ✓ Deepened character arc while preserving conciseness  \n\n2. [Economic Context]  \n   - Expert: ""Diaper cost mention may distract from theme""  \n   - Author: ""Kept as tangible stakes that make patience heroic""  \n   - Resolution: ➤ Tightened to ""As diaper receipts piled up, so did Mom’s deep breaths""  \n\n**LANGUAGE IMPROVEMENTS**:  \n1. [Word Repetition]  \n   - Expert: ""Vary \'patience\' in conclusion for lexical range""  \n   - Author: ""Changed final line to \'*Steadiness* isn’t endless, but renewable\'""  \n   - Resolution: ✓ Balanced motif with fresh phrasing  \n\n2. [Sensory Anchoring]  \n   - Expert: ""Add physical details to ground abstractions""  \n   - Author: ""Inserted \'bleach-permanent hands\' and \'sour-milk scent\'""  \n   - Resolution: ✓ Transformed theme into visceral experience  \n\n**STRUCTURE IMPROVEMENTS**:  \n1. [Paragraph Density]  \n   - Expert: ""Break up single paragraph for readability""  \n   - Author: ""Kept intact to mirror caregiving chaos, added em-dash signposts""  \n   - Resolution: ✗ Preserved intentional form with rhythmic guides  \n\n2. [Full-Circle Ending]  \n   - Expert: ""Tie conclusion to opening definition""  \n   - Author: ""Revised to echo introduction: \'...patience has softened her edges\'""  \n   - Resolution: ✓ Strengthened narrative cohesion  \n\n**CONVENTIONS**:  \n- ✓ Flawless execution after fixing ""alot"" → ""a lot"" and clarifying placeholders  \n\n**']"
18386	0.92	"['  \n\n**CONTENT IMPROVEMENTS**:  \n1. [Thematic Focus]  \n   - Expert: ""Clarify autographs\' significance earlier (e.g., \'dreamed all season\')""  \n   - Author: ""Implied value through crowd frenzy suffices""  \n   - Resolution: ✗ Kept subtlety; added tactile detail (""gripped pen like trophy"")  \n\n2. [Emotional Arc]  \n   - Expert: ""Expand on coping strategies during wait""  \n   - Author: ""Physical sensations (sweat, sunburn) show endurance""  \n   - Resolution: ✓ Added ""sneakers lost squeak"" as time marker  \n\n**LANGUAGE IMPROVEMENTS**:  \n1. [Voice Authenticity]  \n   - Expert: ""Correct \'supriezd\'/\'pertiant\' for conventions""  \n   - Author: ""Phonetic spellings preserve child\'s perspective""  \n   - Resolution: ➤ Added author\'s note defending stylistic choices  \n\n2. [Sentence Variety]  \n   - Expert: ""Include periodic sentence for impact""  \n   - Author: ""Short bursts mirror impatient thoughts""  \n   - Resolution: ✗ Maintained staccato rhythm but enriched imagery (""bouncing like popcorn"")  \n\n**STRUCTURE IMPROVEMENTS**:  \n1. [Pacing]  \n   - Expert: ""Smooth transitions for clarity""  \n   - Author: ""Jagged rhythm mirrors wait\'s agony""  \n   - Resolution: ✓ Added sensory time cues without sacrificing tension  \n\n2. [Payoff Balance]  \n   - Expert: ""Foreshadow frosty reward""  \n   - Author: ""Surprise mirrors life\'s patience lessons""  \n   - Resolution: ✗ Kept delayed reveal; strengthened final metaphor (""ink smeared like resolve"")  \n\n**']"
18492	0.85	"['  \n\n**CONTENT IMPROVEMENTS:**  \n1. [Motivation Clarity]  \n   - Expert: ""Specify why this hunt matters (e.g., first time, tradition)""  \n   - Author: ""Subtlety preserves authenticity; frayed gloves imply history""  \n   - Resolution: ✗ Kept implicit via *""gloves, frayed at the seams""*  \n\n2. [Emotional Depth]  \n   - Expert: ""Add internal struggle during wait (e.g., boredom, doubt)""  \n   - Author: ""Minimalism mirrors child’s focus; *‘knee pressed into root’* shows discipline""  \n   - Resolution: ➤ Added *""swallowing my disappointment""* as compromise  \n\n**LANGUAGE IMPROVEMENTS:**  \n1. [Sentence Rhythm]  \n   - Expert: ""Vary structure for readability (e.g., combine *‘They vanished. Dad sighed.’*)""  \n   - Author: ""Fragments replicate hunting’s tension""  \n   - Resolution: ✗ Retained staccato rhythm as stylistic choice  \n\n2. [Dialogue Punctuation]  \n   - Expert: ""Use comma after *‘rule’* for natural flow""  \n   - Author: ""Em-dash (*—*) mirrors abrupt silence""  \n   - Resolution: ✓ Adopted em-dash for thematic consistency  \n\n**STRUCTURE IMPROVEMENTS:**  \n1. [Foreshadowing]  \n   - Expert: ""Hint at *‘silence’* earlier (e.g., *‘Dad’s rule: No talking’*)""  \n   - Author: ""Opening line (*‘Words spook...’*) now anchors motif""  \n   - Resolution: ✓ Added rule while preserving minimalism  \n\n2. [Paragraph Balance]  \n   - Expert: ""Split long wait description for rhythm""  \n   - Author: ""Single block conveys monotony""  \n   - Resolution: ✗ Maintained unified paragraph as thematic device  \n\n**CONVENTIONS:**  \n- ✓ Fixed *""me and did""* → *""my dad and I""*  \n- ✓ Corrected *""run way""* → *""ran away""*  \n- ✗ Retained placeholders (*@DATE1*) as stylistic artifacts  \n\n**']"
18533	0.65	"['  \n\n**CONTENT IMPROVEMENTS**:  \n1. [Thematic Clarity]  \n   - Expert: ""Clarify how waiting reflects patience (e.g., stakes, emotions)""  \n   - Author: ""Gaming context implies patience through strategy""  \n   - Resolution: ➤ Added *""In this game, patience wasn’t virtue—it was survival""* to link action to theme  \n\n2. [Detail Expansion]  \n   - Expert: ""Describe physical/emotional tension during waiting""  \n   - Author: ""Slang (\'boom\') mirrors gaming adrenaline""  \n   - Resolution: ✓ Added *""My hands shook—one wrong move would alert the enemy""*  \n\n3. [Reflection]  \n   - Expert: ""End with a lesson about patience""  \n   - Author: ""Gaming rewards show patience’s value""  \n   - Resolution: ➤ Added *""Boom. The perfect patient strike""* as implicit payoff  \n\n**LANGUAGE IMPROVEMENTS**:  \n1. [Word Choice]  \n   - Expert: ""Replace \'wated\' with \'waited\'; fix \'patients\'""  \n   - Author: ""Kept \'boom\' for genre authenticity""  \n   - Resolution: ✓ Corrected errors but retained gaming vernacular  \n\n2. [Sentence Structure]  \n   - Expert: ""Combine fragments for flow""  \n   - Author: ""Short sentences mirror gameplay tension""  \n   - Resolution: ➤ Added transitions (*""After agonizing minutes...""*) while preserving rhythm  \n\n**STRUCTURE IMPROVEMENTS**:  \n1. [Logical Sequence]  \n   - Expert: ""Clarify cause-effect (waiting → success)""  \n   - Author: ""Gamers understand implied strategy""  \n   - Resolution: ✓ Added *""In this stealth mission, rushing meant instant failure""*  \n\n2. [Balance]  \n   - Expert: ""Expand waiting (60% of text) vs. action (40%)""  \n   - Author: ""Action brevity matches gaming payoff""  \n   - Resolution: ✗ Kept lean structure but deepened waiting details  \n\n**CONVENTIONS IMPROVEMENTS**:  \n1. [Grammar/Spelling]  \n   - Expert: ""Fix \'he walk ed past\'""  \n   - Author: Acknowledged errors  \n   - Resolution: ✓ Corrected to *""he walked past""*  \n\n2. [Punctuation]  \n   - Expert: ""Add commas after introductory phrases""  \n   - Author: ""Minimalism suits gaming tone""  \n   - Resolution: ➤ Added select commas (*""After agonizing minutes, his footsteps...""*)  \n\n**']"
18649	0.75	"['  \n\n**CONTENT IMPROVEMENTS:**  \n1. **Focus on Patience**  \n   - Expert: ""Clarify stakes—why does patience matter here?"" (Rubric: ""thorough development"")  \n   - Author: ""Universal relatability (waiting sucks) suffices""  \n   - Resolution: ➤ Added subtle urgency (""late August, the park’s last weekend before school"")  \n\n2. **Reflection Depth**  \n   - Expert: ""Add internal monologue to show growth""  \n   - Author: ""Physical details (clenched jaw, license plates) imply restraint""  \n   - Resolution: ✓ Used active coping (""counted license plates"") to *show* patience  \n\n**ORGANIZATION IMPROVEMENTS:**  \n1. **Structural Pacing**  \n   - Expert: ""Break traffic jam into its own paragraph for climax""  \n   - Author: ""Minimalist flow mirrors endurance""  \n   - Resolution: ✓ Added strategic break with transition (""The park lights dimmed..."")  \n\n2. **Logical Flow**  \n   - Expert: ""Trim redundant ride descriptions (current: 4 waits)""  \n   - Author: ""Repetition mirrors monotony""  \n   - Resolution: ➤ Kept 2 key waits (initial line + traffic jam)  \n\n**LANGUAGE IMPROVEMENTS:**  \n1. **Word Choice**  \n   - Expert: ""\'Patients\' → \'patience\'; \'detoer\' → \'detour\'"" (Conventions)  \n   - Author: ""Defends casual tone (\'so we take forever\')""  \n   - Resolution: ✓ Fixed errors but retained voice-appropriate informality  \n\n2. **Sentence Variety**  \n   - Expert: ""Reduce \'so\' openings for rhythm""  \n   - Author: ""Run-ons reflect frustration""  \n   - Resolution: ➤ Revised 50% of cases (e.g., ""The drive stretched longer..."")  \n\n**CONVENTIONS IMPROVEMENTS:**  \n1. **Grammar/Spelling**  \n   - Expert: ""Correct \'back sent\' → \'back seat\'""  \n   - Author: Accepted all technical fixes  \n   - Resolution: ✓ Full compliance without over-polishing  \n\n**DEBATE SYNTHESIS:**  \n- **Core Tension:** Rubric\'s demand for ""thorough development"" vs. author\'s minimalist ethos.  \n- **Resolution:** Physical details (heat, counting plates) substituted for explicit reflection, satisfying both parties.  \n- **Symbolic Line:** *""The hotel AC hissed through my clenched jaw""* preserved as thematic anchor.  \n\n**']"
18666	0.5	"['  \n\n**CONTENT IMPROVEMENTS:**  \n1. **Focus & Development**  \n   - Expert: ""Anchor abstract ideas (e.g., church impatience) with sensory details (e.g., \'pew wood sticky under palms\') to ground the theme.""  \n   - Author: ""Fragmentation mirrors patience\'s chaotic nature.""  \n   - Resolution: ➤ Added vivid snippets (""Cheerios like prayer beads"") while preserving intentional disjointedness.  \n\n2. **Thematic Clarity**  \n   - Expert: ""End with a clear lesson (e.g., \'Patience means accepting chaos\').""  \n   - Author: ""Reject pat morals; real patience is messy.""  \n   - Resolution: ✗ Kept ambiguous ending but sharpened phrasing (""Some thrive in stillness; others squirm"").  \n\n**LANGUAGE IMPROVEMENTS:**  \n1. **Authenticity vs. Clarity**  \n   - Expert: ""Replace unclear slang (\'bang talents\') with precise metaphors (\'secret weapon\').""  \n   - Author: ""Youth vernacular captures raw perspective.""  \n   - Resolution: ✓ Upgraded to ""quiet currency"" (colloquial yet vivid).  \n\n2. **Conventions Overhaul**  \n   - Expert: ""Fix critical errors (e.g., \'@PERSON1\' → proper nouns).""  \n   - Author: ""Early draft artifacts; intentional in final version.""  \n   - Resolution: ✓ Polished to error-free Standard English.  \n\n**STRUCTURE IMPROVEMENTS:**  \n1. **Rhythmic Framing**  \n   - Expert: ""Use headers (\'STANDBY\') to organize fragmented scenes.""  \n   - Author: ""Structure should mirror liturgical repetition.""  \n   - Resolution: ✓ Adopted cyclical 3-act format (church/school/reflection).  \n\n2. **Motif Reinforcement**  \n   - Expert: ""Thread recurring images (e.g., counting) to connect jumps.""  \n   - Author: ""Cheerios and organ sounds as emotional anchors.""  \n   - Resolution: ✓ Scenes now linked via sensory echoes (e.g., ""six minutes"" ↔ ""eight Cheerios"").  \n\n**']"
18704	0.75	"['  \n\n**CONTENT IMPROVEMENTS**:  \n1. [Patience Demonstration]  \n   - Expert: ""Shift from distraction (game) to active endurance for stronger theme alignment""  \n   - Author: ""Gameplay represents modern coping—a valid form of patience""  \n   - Resolution: ➤ Reframed game as ""channeling frustration into focus"" (P5)  \n\n2. [Thematic Depth]  \n   - Expert: ""Add reflection on how patience changed the narrator""  \n   - Author: ""Subtle growth (\'quiet battle\') preserves authenticity""  \n   - Resolution: ✓ Added tactile metaphor: ""patience could be handheld"" (P8)  \n\n**LANGUAGE IMPROVEMENTS**:  \n1. [Voice vs. Polish]  \n   - Expert: ""Elevate phrases like \'Time went past fast\'""  \n   - Author: ""Colloquialism reflects child\'s perspective""  \n   - Resolution: ➤ Compromised with ""The game’s glow swallowed the minutes"" (P6)  \n\n2. [Grammar]  \n   - Expert: ""Correct \'Me and my dad\' to \'My dad and I\'""  \n   - Author: (Accepted) ✓ Fixed all mechanical errors  \n\n**STRUCTURE IMPROVEMENTS**:  \n1. [Pacing]  \n   - Expert: ""Balance conflict/resolution word count""  \n   - Author: ""70/30 ratio mirrors waiting experience""  \n   - Resolution: ✗ Kept asymmetry with tighter transitions (P3→P4)  \n\n2. [Metaphor System]  \n   - Expert: ""Clarify game-patience connection""  \n   - Author: Expanded to ""tool in palm"" motif (P7)  \n   - Resolution: ✓ Thematically unified  \n\n**DEBATE SYNTHESIS**:  \nThe evaluation process revealed three core insights:  \n1. **Active Patience**: Modern coping mechanisms (e.g., gaming) can demonstrate patience when framed as intentional discipline.  \n2. **Duration as Device**: Structural asymmetry (elongated conflict) can authentically mirror thematic experiences.  \n3. **Voice Preservation**: Rubrics should distinguish between errors and intentional voice choices (e.g., childlike phrasing).  \n\n**']"
19070	0.5	"['  \n\nCONTENT IMPROVEMENTS:  \n1. [Thematic Clarity]  \n   - Expert: ""Specify patience through concrete examples (e.g., waiting rooms)""  \n   - Author: ""Abstraction mirrors universal waiting""  \n   - Resolution: ✗ Retained minimalism with epigraph framing  \n\n2. [Genre Alignment]  \n   - Expert: ""Add narrative structure for rubric compliance""  \n   - Author: ""Poetic fragmentation embodies patience""  \n   - Resolution: ➤ Submitted as experimental prose poem  \n\nLANGUAGE IMPROVEMENTS:  \n1. [Precision]  \n   - Expert: ""Clarify \'patients\'→\'patience\' spelling error""  \n   - Author: ""Intentional fragmentation stays""  \n   - Resolution: ✓ Fixed critical typo only  \n\n2. [Syntax]  \n   - Expert: ""Use transitions between fragments""  \n   - Author: ""Line breaks enforce waiting tension""  \n   - Resolution: ✗ Kept disjointed structure  \n\nSTRUCTURE IMPROVEMENTS:  \n1. [Epigraph Function]  \n   - Expert: ""Italicize epigraph for separation""  \n   - Author: ""Plain text merges threshold/poem""  \n   - Resolution: ➤ Used colon for subtle framing  \n\n2. [Sensory Anchoring]  \n   - Expert: ""Add one concrete detail (e.g., \'stale coffee\')""  \n   - Author: ""Flickering bulb implies all settings""  \n   - Resolution: ✗ Rejected as reductive  \n\n']"
19177	0.85	"['  \n\n**CONTENT IMPROVEMENTS**:  \n1. [Thematic Depth]  \n   - Expert: ""Add why patience matters (e.g., impact on family)""  \n   - Author: ""Shows through actions, not lectures""  \n   - Resolution: ➤ Added *""making time matter""* to imply lesson  \n\n2. [Repetition]  \n   - Expert: ""Vary \'never complains\' phrasing""  \n   - Author: ""Refrain mirrors constancy""  \n   - Resolution: ✓ Kept core repetition but added *""steady guide""* once  \n\n**ORGANIZATION IMPROVEMENTS**:  \n1. [Transitions]  \n   - Expert: ""Smooth jumps between scenarios""  \n   - Author: ""Preserve raw observational tone""  \n   - Resolution: ➤ Added *""Even when...""* subtly  \n\n2. [Conclusion]  \n   - Expert: ""Deepen reflection""  \n   - Author: ""Restatement reinforces identity""  \n   - Resolution: ➤ Added *""teaches without words""*  \n\n**LANGUAGE IMPROVEMENTS**:  \n1. [Grammar]  \n   - Expert: ""Fix \'patients\'/\'apreciates\'""  \n   - Author: —  \n   - Resolution: ✓ Corrected all errors  \n\n2. [Phrasing]  \n   - Expert: ""Clarify \'out bust\'""  \n   - Author: —  \n   - Resolution: ✓ Changed to *""lose her temper""*  \n\n3. [Imagery]  \n   - Expert: ""Specify \'long day\'""  \n   - Author: ""Keep universal""  \n   - Resolution: ✗ Retained original  \n\n**STRUCTURE SYNTHESIS**:  \n- Circular design ✓ (mirrors patience\'s constancy)  \n- Time-based flow ✓ (day → night → morning)  \n- Refrain as motif ✓ (intentional repetition)  \n\n**']"
19273	0.95	"['  \n\n**CONTENT IMPROVEMENTS:**  \n1. [Thematic Focus]  \n   - Expert: ""Clarify placeholders (@CAPS5) for immersion""  \n   - Author: ""Intentional during drafting, but agree they disrupt flow""  \n   - Resolution: ✓ Replaced with ""Steel Vengeance"" and ""Cedar Point""  \n\n2. [Emotional Arc]  \n   - Expert: ""Deepen portrayal of patience struggle""  \n   - Author: ""Prefer concise frustration (\'queue-time slip crumpled\')""  \n   - Resolution: ➤ Added ""My phone died first, then my optimism"" for layered tension  \n\n**LANGUAGE IMPROVEMENTS:**  \n1. [Word Choice]  \n   - Expert: ""\'Amazingly epic\' feels redundant""  \n   - Author: Defended minimalism but accepted ""electrifying""  \n   - Resolution: ✓ ""The drop tore a scream into laughter""  \n\n2. [Sentence Rhythm]  \n   - Expert: ""Smooth transition to climax""  \n   - Author: ""Jarring shift mirrors patience snapping""  \n   - Resolution: ✗ Kept abrupt ""Unfortunately..."" with added kinetic metaphor  \n\n**STRUCTURE IMPROVEMENTS:**  \n1. [Narrative Symmetry]  \n   - Expert: ""Bookend with opening glass motif""  \n   - Author: ""Reject forced symmetry; prefer kinetic payoff""  \n   - Resolution: ➤ Added ""shattered into adrenaline"" as thematic callback  \n\n2. [Climax Construction]  \n   - Expert: ""Add sensory details in queue""  \n   - Author: ""Distractions dilute focus""  \n   - Resolution: ✗ Used active verbs (""hiss,"" ""spat"") for visceral immersion  \n\n**DEBATE SYNTHESIS:**  \nThe core tension—between rubric conventions and artistic vision—yielded breakthroughs:  \n1. **Fragments as Craft**: Chopped sentences (""Ninety minutes."") were defended as emotional realism (Kafka-esque)  \n2. **Kinetic Metaphor**: ""First hill"" physics analogy transformed structure into theme  \n3. **Rule-Bending**: Em dashes and intentional fragments became strengths through purposeful use  \n\n**EVALUATION NOTES:**  \n- Docked 5 points for minor convention tweaks (semicolon → em dash)  \n- 95/100 reflects transcendent execution within academic constraints  \n- ""The wait was the ride\'s first hill"" now a rubric-defying masterstroke  \n\n**']"
19327	0.75	"['  \n\n**CONTENT IMPROVEMENTS:**  \n1. **Focus on Patience**  \n   - ✓ Strengthened by visceral details (""stomach growled like a caged animal"") and metaphorical impact (""words stuck like gum"").  \n   - ✗ Weakness: Underdeveloped reflection on why patience matters (e.g., no explicit lesson beyond ""waiting felt warmer"").  \n\n2. **Dialogue Effectiveness**  \n   - ✓ Friend’s line (""everyone will get to eat"") succinctly contrasts impatience with patience.  \n   - ➤ Added implied growth via ending: *""Patience microwaved it with laughter.""*  \n\n**LANGUAGE IMPROVEMENTS:**  \n1. **Authentic Voice vs. Clarity**  \n   - ✓ Retained childlike diction (""tryed"") for authenticity.  \n   - ✗ Inconsistent colloquialisms (""reason"" corrected, but ""bearl"" remains).  \n\n2. **Sentence Rhythm**  \n   - ➤ Repetitive phrasing (""some are and some are not"") accepted as intentional rhythm.  \n\n**STRUCTURE IMPROVEMENTS:**  \n1. **Narrative Arc**  \n   - ✓ Clear three-act structure: hunger → friend’s wisdom → emotional shift.  \n   - ✗ Abrupt resolution improved but still minimal (e.g., no aftermath reflection).  \n\n**CONVENTIONS:**  \n1. **Spelling/Punctuation**  \n   - ✗ Multiple errors (""bearl,"" ""siting"") disrupt readability.  \n   - ➤ Author defended selective corrections to preserve voice.  \n\n**']"
19349	0.65	"['  \n\n**CONTENT IMPROVEMENTS:**  \n1. [Focus]  \n   - Expert: ""Choose one clear focus—either your patience or your mother\'s—and develop it with specific examples (e.g., describe a single incident where patience was tested).""  \n   - Author: ""Wanted to show both perspectives to contrast internal vs. external patience.""  \n   - Resolution: ➤ Merge ideas by using the mother\'s example to reflect on the writer\'s growth (""I saw Mom endure rudeness; it changed how I wait in lines"").  \n\n2. [Relevance]  \n   - Expert: ""Clarify ambiguous phrases like \'I can oh patient person\'—does this mean losing patience?""  \n   - Author: ""Intent was to show impatience after long waits.""  \n   - Resolution: ✓ Rewrite as: ""I lose patience when forced to wait; Mom doesn’t.""  \n\n3. [Detail]  \n   - Expert: ""Add sensory details to the mother\'s workplace scene (e.g., sounds, smells) to make it vivid.""  \n   - Author: ""Could describe the clatter of dishes or angry voices.""  \n   - Resolution: ✓ Added in revision: ""The diner buzzed with shouts, but Mom’s \'Have a nice day\' cut through like a bell.""  \n\n**LANGUAGE IMPROVEMENTS:**  \n1. [Grammar]  \n   - Expert: ""Correct \'we very rude\' to \'were very rude\' and \'look were she work’s\' to \'place where she works.\'""  \n   - Author: ""Acknowledges typos.""  \n   - Resolution: ✓ Fixed in final draft.  \n\n2. [Sentence Structure]  \n   - Expert: ""Break run-ons (\'I am always... patient person\').""  \n   - Author: ""Wanted to mimic impatient thoughts.""  \n   - Resolution: ➤ Revised with intentional fragments: ""I tap my foot. Clock ticks. Mom stays still.""  \n\n**STRUCTURE IMPROVEMENTS:**  \n1. [Flow]  \n   - Expert: ""Reorder ideas: Start with your struggle, then Mom’s example, then your reflection.""  \n   - Author: ""Prefers abrupt shift to mirror patience’s uneven nature.""  \n   - Resolution: ✗ Kept original structure but strengthened transitions (""Unlike me, Mom..."").  \n\n2. [Conclusion]  \n   - Expert: ""End with a lesson (e.g., \'Now I try to mimic her calm\').""  \n   - Author: ""Wants to imply growth without spelling it out.""  \n   - Resolution: ➤ Added subtle hint: ""Her voice echoes when I sigh.""  \n\n**']"
19414	0.85	"['  \n\n**CONTENT IMPROVEMENTS:**  \n1. **Focus on Patience**  \n   - Expert: ""Clarify the emotional stakes of waiting (e.g., why the concert mattered deeply to the narrator).""  \n   - Author: ""The payoff (\'best sight in the world\') implies value; explicit backstory might dilute immediacy.""  \n   - Resolution: ➤ Added *""His blues were a language I’d have sat forever to hear""* to subtly justify the wait.  \n\n2. **Specificity**  \n   - Expert: ""Replace placeholders (@NUM, @CAPS) with concrete details.""  \n   - Author: ""Placeholders were drafting aids; final version uses \'20 minutes,\' \'Dad.\'""  \n   - Resolution: ✓ All placeholders removed; time markers now anchor tension.  \n\n**LANGUAGE IMPROVEMENTS:**  \n1. **Word Choice**  \n   - Expert: ""Avoid vague descriptors (\'heartbreaking\').""  \n   - Author: ""Raw language mirrors impatience; revised to *\'The delay carved a hole in my chest.\'*""  \n   - Resolution: ✓ Balanced authenticity with precision.  \n\n2. **Sentence Rhythm**  \n   - Expert: ""Vary sentence length to mirror anxiety (e.g., short bursts during wait).""  \n   - Author: ""Used staccato phrases (*\'I groaned. The stage stayed empty.\'*) for effect.""  \n   - Resolution: ✓ Enhanced pacing without losing voice.  \n\n**STRUCTURE IMPROVEMENTS:**  \n1. **Transitions**  \n   - Expert: ""Smooth time jumps (\'After 20 minutes\' → \'When Buddy finally appeared\').""  \n   - Author: ""Added sensory cues (*\'My soda went warm\'*) to bridge moments.""  \n   - Resolution: ✓ Time flows organically.  \n\n2. **Ending**  \n   - Expert: ""Clarify how patience transformed the narrator.""  \n   - Author: ""Closed with *\'the silence between notes that made the music matter\'* to imply growth.""  \n   - Resolution: ✓ Thematic resolution without didacticism.  \n\n**CONVENTIONS:**  \n- ✓ Fixed spelling (*""sandwiches""*), capitalization (*""Buddy Guy""*), and punctuation.  \n- ✗ Retained informal contractions (*""Dad had to be lying""*) for authenticity.  \n\n**DEBATE SYNTHESIS:**  \n- **Metaphor vs. Explanation**: Author defended subtlety (*""bow drawn tight""*) over explicit lessons, honoring the blues\' ethos.  \n- **Sensory Details**: Compromised on one visceral image (*""unblinking stage lights""*) to avoid overload.  \n\n**']"
20800	0.75	"['  \n\n**CONTENT IMPROVEMENTS:**  \n1. [Thematic Development]  \n   - Expert: ""Expand laughter\'s role with concrete examples (e.g., \'His laugh drowned my doubts\') to meet \'in-depth exploration\'""  \n   - Author: ""Ambiguity reflects real-life complexity (ex-boyfriend subplot)""  \n   - Resolution: ➤ Added *""umbrella/papercut""* metaphors while preserving unresolved tension  \n\n2. [Detail Specificity]  \n   - Expert: ""Replace placeholders (e.g., \'@CAPS1-book\'→\'Facebook\'s glow\') for immersion""  \n   - Author: ""Anonymity protects real people""  \n   - Resolution: ✓ Kept ""@PERSON1/2"" but revised 5/7 placeholders with vivid details  \n\n**LANGUAGE IMPROVEMENTS:**  \n1. [Motif Crafting]  \n   - Expert: ""Repeat \'gravelly laugh\' 3x for rhythmic impact""  \n   - Author: ""Wanted organic emergence""  \n   - Resolution: ✓ Strategically placed at hook/crisis/resolution  \n\n2. [Grammar Precision]  \n   - Expert: ""Correct \'would of\'→\'would\'ve\'; replace \'a lot\'""  \n   - Author: ""Teen voice justifies some informality""  \n   - Resolution: ➤ Fixed critical errors but kept colloquial dialogue  \n\n**STRUCTURE IMPROVEMENTS:**  \n1. [Chronology vs. Theme]  \n   - Expert: ""Open *in medias res* with phone call laughter""  \n   - Author: ""Chronology mirrors lived experience""  \n   - Resolution: ➤ Hybrid structure: flashback with time markers (*""Two months earlier...""*)  \n\n2. [Subplot Balance]  \n   - Expert: ""Trim ex-boyfriend scenes by 20%""  \n   - Author: ""Conflict shows laughter\'s healing contrast""  \n   - Resolution: ✓ Kept one key scene (*""u up?""* text) as foil  \n\n**DEBATE SYNTHESIS:**  \nThe core tension—**authenticity vs. craft**—yielded optimal compromises:  \n- Structural flexibility (flashbacks) served emotional truth  \n- Placeholders became stylistic choices rather than limitations  \n- Unresolved conflict deepened theme when anchored to motifs  \n\n**EVALUATION BREAKDOWN:**  \n| Rubric Criteria  | Score (1-10) | Rationale |  \n|------------------|-------------|------------|  \n| Ideas & Content  | 8 | Thematic potential elevated by metaphors, but ex-boyfriend subplot slightly dilutes focus |  \n| Organization      | 7 | Hybrid structure improves flow, but motif repetition could be more nuanced |  \n| Voice            | 9 | Exceptional authenticity; teenage voice preserved despite edits |  \n| Word Choice      | 8 | ""Umbrella/papercut"" metaphors excel; minor placeholder residue |  \n| Sentence Fluency | 7 | Effective fragments, but limited complex sentences |  \n| Conventions      | 8 | Intentional errors (e.g., ""@CAPS12"") balanced by polished grammar |  \n\n**']"
20959	0.92	"['  \n\n**CONTENT IMPROVEMENTS:**  \n1. [Thematic Exploration]  \n   - Expert: ""Expand the laughter motif earlier (e.g., nervous giggles during introductions)""  \n   - Author: ""Added *\'@PERSON3’s snort-laugh cracked the tension\'* to foreshadow bonding""  \n   - Resolution: ✓ Enhanced throughline with organic humor  \n\n2. [Placeholder Resolution]  \n   - Expert: ""Replace @CAPS1/@DATE3 with concrete details""  \n   - Author: ""Substituted *\'Mill Creek\'* and *\'summer of 2012\'*""  \n   - Resolution: ✓ Grounded narrative in specificity  \n\n**LANGUAGE IMPROVEMENTS:**  \n1. [Word Choice]  \n   - Expert: ""Avoid clichés like *\'opposites attract\'*""  \n   - Author: ""Revised to *\'our differences combusted into camaraderie\'*""  \n   - Resolution: ✓ Fresh metaphor aligns with fiery imagery  \n\n2. [Grammar]  \n   - Expert: ""Correct *\'your/you\'re\'* and possessive *\'its\'*""  \n   - Author: ""Fixed all instances (e.g., *\'you\'re on the laughing high\'*)""  \n   - Resolution: ✓ Polished without losing voice  \n\n**STRUCTURE IMPROVEMENTS:**  \n1. [Paragraph Flow]  \n   - Expert: ""Split lengthy arrival scene for readability""  \n   - Author: ""Divided into physical/emotional reactions""  \n   - Resolution: ➤ Balanced immersion and pacing  \n\n2. [Transitions]  \n   - Expert: ""Bridge discomfort-to-bonding shift""  \n   - Author: ""Added *\'chorus of cracked laughter\'* between scenes""  \n   - Resolution: ✓ Thematic glue for montage  \n\n3. [Circularity]  \n   - Expert: ""Strengthen opener/closer connection""  \n   - Author: ""Bookended with *\'hazy summer\'* imagery""  \n   - Resolution: ✓ Satisfying structural echo  \n\n**DEBATE SYNTHESIS:**  \n- **Held Ground**: Author preserved breathless pebble hill paragraph to mirror chaos, defending it as *""structural mimesis.""* Experts conceded after seeing intentionality.  \n- **Compromises**: Author resisted nonlinear structure but enhanced chronology with sharper turning points.  \n- **Key Insight**: The essay’s success lies in *controlled spontaneity*—crafted sentences (e.g., *""creek-chilled adrenaline""*) that feel unrehearsed.  \n\n**EVALUATION NOTES:**  \n- **Strengths**: Voice (95/100), Imagery (98/100), Emotional Payoff (94/100)  \n- **Growth Area**: Transitions (88/100) – though improved, some scene shifts remain abrupt.  \n- **Rubric Alignment**: Exceeds in *Word Choice* and *Ideas*; meets *Organization* at high level.  \n\n**']"
20971	0.85	"['  \n\n**CONTENT IMPROVEMENTS:**  \n1. [Emotional Arc]  \n   - Expert: ""Expand reflection in conclusion to balance emotional arc (e.g., how the river became a new \'sacred ground\').""  \n   - Author: ""Abrupt resolution mirrors childhood\'s sudden healing; adding metaphor (\'laughter rippled downstream\') shows—not tells—transformation.""  \n   - Resolution: ➤ Added subtle callback (""The river became our new ‘special place’"") to bookend without over-explaining.  \n\n2. [Parental Motivation]  \n   - Expert: ""Clarify parents\' intent earlier (e.g., \'Dad had been watching us mope\').""  \n   - Author: ""Prefer to imply through actions (cheerfulness, packing tubes) to preserve child\'s limited perspective.""  \n   - Resolution: ✓ Added *""Dad had exchanged that look with Mom all week""*—enough hinting, not over-explaining.  \n\n**LANGUAGE IMPROVEMENTS:**  \n1. [Precocious Voice]  \n   - Expert: ""\'Insidious\' feels overly formal for a child.""  \n   - Author: ""Defended as character trait (bookish kid); added context: *\'I’d read ‘insidious’ in a pirate novel.\'*""  \n   - Resolution: ✓ Kept with justification, balancing advanced diction and childlike hyperbole (""twelve feet!"").  \n\n2. [Placeholder Clarity]  \n   - Expert: ""Replace @CAPS placeholders (disrupt flow).""  \n   - Author: ""Agreed; final draft uses natural pronouns (\'my brother,\' \'Dad\').""  \n   - Resolution: ✓ Fixed all instances.  \n\n**STRUCTURE IMPROVEMENTS:**  \n1. [Sensory Transitions]  \n   - Expert: ""Bridge squeak → river chatter for auditory continuity.""  \n   - Author: ""Added *\'The river’s chatter replaced the bridge’s squeaks in our symphony of places.\'*""  \n   - Resolution: ✓ Enhanced ""memory logic"" without forced symmetry.  \n\n2. [Pacing]  \n   - Expert: ""Car ride drags; tighten with active verbs (\'spat us out at...\').""  \n   - Author: ""Revised to *\'The endless road finally spat us out at...\'* but kept some redundancy to mirror child\'s anxiety.""  \n   - Resolution: ➤ Balanced pacing and voice authenticity.  \n\n**']"
20983	0.85	"['  \n\n**CONTENT IMPROVEMENTS:**  \n1. [Thesis Development]  \n   - Expert: ""Add research on laughter\'s psychological benefits (e.g., cortisol reduction) for broader credibility""  \n   - Author: ""Personal anecdotes better convey emotional truth for this reflective piece""  \n   - Resolution: ➤ Added ""neural handshake"" metaphor to bridge science/experience  \n\n2. [Example Balance]  \n   - Expert: ""Include a second brief example before the extended baby shower scene""  \n   - Author: ""The shower anecdote\'s depth justifies its focus as a \'set piece\'""  \n   - Resolution: ✗ Kept single impactful example but enhanced foreshadowing  \n\n**LANGUAGE IMPROVEMENTS:**  \n1. [Verb Precision]  \n   - Expert: ""Replace generic \'cracking a joke\' with more vivid action""  \n   - Author: ""Wanted to maintain authentic family voice""  \n   - Resolution: ✓ Changed to ""volleyed her first joke"" (kept voice, added energy)  \n\n2. [Sentence Variety]  \n   - Expert: ""Break up consecutive long sentences in the reunion scene""  \n   - Author: ""Run-ons mirror breathless laughter""  \n   - Resolution: ➤ Added strategic fragment (""Twelve months of distance. Gone..."")  \n\n**STRUCTURE IMPROVEMENTS:**  \n1. [Transitions]  \n   - Expert: ""Smooth abrupt shift to baby shower with lead-in""  \n   - Author: ""Abruptness mirrors laughter\'s tension-breaking nature""  \n   - Resolution: ➤ Added 7-word bridge (""Milestones reveal truths..."")  \n\n2. [Proportional Weighting]  \n   - Expert: ""Reduce baby shower\'s 47% word count dominance""  \n   - Author: ""Extended scene earns space via layered meanings""  \n   - Resolution: ✗ Kept structure, strengthened thematic echoes  \n\n**KEY DEBATE OUTCOMES:**  \n✓ Accepted: Grammar fixes (""eachother"" → ""each other"")  \n✗ Rejected: Adding academic studies (preserved personal tone)  \n➤ Compromised: Colloquial voice kept but sharpened (""get along famously"")  \n\n**']"
21198	0.75	"['  \n\n**CONTENT IMPROVEMENTS**:  \n1. [Character Motivation]  \n   - Expert: ""Clarify brother’s resilience earlier (e.g., link glue-eating to his humor)""  \n   - Author: ""Glue scene establishes his quirks organically""  \n   - Resolution: ➤ Added *""Typical of him—last year, he’d eaten glue""* to connect traits  \n\n2. [Detail Relevance]  \n   - Expert: ""Trim school focus to emphasize birthday/kickball climax""  \n   - Author: ""School scene shows his growth""  \n   - Resolution: ✗ Kept but tightened with *""At 6, he was proud to walk alone""*  \n\n**LANGUAGE IMPROVEMENTS**:  \n1. [Grammar/Clarity]  \n   - Expert: ""Fix errors (e.g., \'brang\'→\'brought\') for credibility""  \n   - Author: ""Vernacular (\'we both mad\') preserves voice""  \n   - Resolution: ✓ Corrected objective errors; kept stylistic quirks  \n\n2. [Sensory Enhancement]  \n   - Expert: ""Add tactile details (e.g., basketball’s \'pebbled texture\')""  \n   - Author: ""Child narrator might not notice""  \n   - Resolution: ➤ Added selectively (*""frosting-glittering fingers""*)  \n\n**STRUCTURE IMPROVEMENTS**:  \n1. [Pacing]  \n   - Expert: ""Isolate kickball hit for comedic effect""  \n   - Author: ""Run-on sentences mirror child’s excitement""  \n   - Resolution: ✓ Used paragraph break: *""THWACK. The ball connected...""*  \n\n2. [Flashback Integration]  \n   - Expert: ""Anchor glue anecdote with transition""  \n   - Author: ""Disjointedness mimics memory""  \n   - Resolution: ➤ Added *""His grin reminded me of last year’s glue feast""*  \n\n**DEBATE SYNTHESIS**:  \n- **Voice vs. Precision**: Experts prioritized grammar fixes; author defended vernacular as authentic. Compromise: Corrected only distracting errors (✓).  \n- **Tangential Details**: Experts suggested cuts; author argued for character depth. Resolution: Kept with stronger ties to theme (➤).  \n- **Humor Timing**: Structural edits (isolating *THWACK*) enhanced slapstick without losing childlike chaos (✓).  \n\n**']"
21205	0.85	"['  \n\n**CONTENT IMPROVEMENTS:**  \n1. [Thematic Depth]  \n   - Expert: ""Expand on laughter\'s bonding power (e.g., \'These moments turn strangers into conspirators\')""  \n   - Author: ""Over-explanation kills spontaneity""  \n   - Resolution: ➤ Added implicit depth through physical details (""stifling giggles,"" ""dropped clipboard"")  \n\n2. [Anecdote Variety]  \n   - Expert: ""Include a second brief example showing laughter\'s versatility""  \n   - Author: ""Single story preserves raw focus""  \n   - Resolution: ✗ Kept one anecdote but intensified its sensory impact  \n\n**LANGUAGE IMPROVEMENTS:**  \n1. [Precision]  \n   - Expert: ""Replace vague \'pretty funny time\' with specific actions""  \n   - Author: Needed to maintain breathless rhythm  \n   - Resolution: ✓ Cut phrase entirely, replaced with ""dove behind a display""  \n\n2. [Voice Consistency]  \n   - Expert: ""Avoid over-polished phrases like \'laughter’s magic\'""  \n   - Author: ""Zero regrets"" aligns with authentic voice  \n   - Resolution: ✓ Preserved snarky conclusion  \n\n**STRUCTURE IMPROVEMENTS:**  \n1. [Paragraph Breaks]  \n   - Expert: ""Add break for readability""  \n   - Author: ""Single paragraph mirrors gasping retelling""  \n   - Resolution: ✗ Kept unbroken structure as intentional stylistic choice  \n\n2. [Placeholder Use]  \n   - Expert: ""Reduce @ORGANIZATION1 repetitions""  \n   - Author: ""Jarring effect mirrors disorientation""  \n   - Resolution: ➤ Used once for maximum impact  \n\n**KEY DEBATE OUTCOMES:**  \n✓ Kinetic storytelling accepted as ""in-depth exploration""  \n✓ Clerk\'s clipboard action validated as thematic insight  \n✗ Rejected added introspection to preserve voice  \n➤ Balanced rubric requirements with authentic expression  \n\n**']"
