essay_id	score	feedback
0	0.75	"['  \n**CONTENT IMPROVEMENTS:**  \n- The essay covers key aspects of dolphin sleep, such as unihemispheric sleep and respiration, but some points are repetitive (e.g., multiple mentions of predator avoidance). Condense redundant information and expand on lesser-explained concepts, such as how chemoreceptors influence breathing.  \n- More critical analysis is needed. For example, how does unihemispheric sleep compare to other marine mammals? Are there exceptions or controversies in the research? Adding contrasting studies or unanswered questions would strengthen the content.  \n- The introduction could better frame the significance of studying dolphin sleep. Instead of a broad statement about animal sleep, focus on why dolphins are a unique case study.  \n\n**LANGUAGE IMPROVEMENTS:**  \n- Some sentences are awkwardly phrased (e.g., ""Dolphins can rest for a relatively long period of time due to unihemispheric sleep""). Revise for conciseness: ""Unihemispheric sleep allows dolphins to rest for extended periods.""  \n- Avoid passive voice where possible (e.g., ""it is believed to be moving"" → ""the medium moves continuously"").  \n- Minor grammatical errors: ""Lymin et al. (2006)"" vs. ""Lyamin et al. (2008)""—ensure consistent spelling of author names.  \n\n**STRUCTURE IMPROVEMENTS:**  \n- The essay jumps between topics (e.g., respiration, predator avoidance) without clear transitions. Group related ideas into paragraphs with topic sentences (e.g., one paragraph on unihemispheric sleep, another on breathing adaptations).  \n- The conclusion is missing. Summarize key findings and suggest implications or future research directions.  \n- References are formatted inconsistently (e.g., ""Lymin"" vs. ""Lyamin,"" italics missing for journal names). Follow a standard citation style (APA/MLA) strictly.  \n']"
1	0.75	"['  \n**CONTENT IMPROVEMENTS:**  \n1. **Depth of Analysis**: The essay compares costs effectively but could delve deeper into why pricing differs (e.g., market competition, infrastructure). For example, why is Mexico cheaper for voice calls?  \n2. **Evidence and Citations**: The references are minimal and vague (e.g., ""Web""). Replace with specific sources (e.g., AT&T’s official pricing pages, government reports).  \n3. **Alternative Solutions**: The discussion on WhatsApp is useful but could explore other apps (e.g., Telegram, Signal) or local options in Japan (e.g., Line).  \n4. **Critical Perspective**: Add a section on drawbacks (e.g., high data costs, Wi-Fi dependency) or user experiences to balance the analysis.  \n\n**LANGUAGE IMPROVEMENTS:**  \n1. **Clarity and Conciseness**: Some sentences are overly wordy (e.g., ""The given assessment will primarily focus...""). Simplify: ""This essay analyzes AT&T’s costs and alternatives in Japan, Mexico, and South Africa.""  \n2. **Grammar/Word Choice**:  \n   - ""Thrice less costly"" → ""Three times cheaper"" (more natural).  \n   - ""Plausible alternative"" → ""Practical option"" (less formal).  \n3. **Repetition**: Avoid repeating ""in the case of"" and ""therefore""; vary transitions (e.g., ""Moreover,"" ""However"").  \n4. **Tone**: Shift from passive (""It should be noted"") to active voice (""Note that..."").  \n\n**STRUCTURE IMPROVEMENTS:**  \n1. **Introduction**: Expand the opening to include a hook (e.g., ""Global travelers often face steep communication costs..."") and a clear thesis statement.  \n2. **Headings**: ""Costs"" and ""Alternatives"" are clear, but subsections (e.g., ""Voice Calls,"" ""Data"") would improve flow.  \n3. **Table Integration**: Refer to Table 1 more fluidly (e.g., ""As shown in Table 1, Mexico’s voice rates are significantly lower..."").  \n4. **Conclusion**: Strengthen by summarizing key takeaways and suggesting future trends (e.g., ""As Wi-Fi expands, apps like WhatsApp may reduce reliance on traditional roaming."").  \n5. **References**: Format properly (APA/MLA) with full URLs or DOI links for credibility.  \n\n']"
2	0.75	"['  \n**CONTENT IMPROVEMENTS:**  \n- The introduction could better establish the significance of interactive tools in the consulting process rather than stating generalities.  \n- Each tool\'s section should include more concrete examples or case studies to demonstrate real-world effectiveness.  \n- The benefits sections are somewhat repetitive; condense or reorganize to avoid redundancy.  \n- The conclusion is too brief—expand on how these tools collectively enhance business outcomes.  \n\n**LANGUAGE IMPROVEMENTS:**  \n- Avoid awkward phrasing (e.g., ""It is important realize"" → ""It is important **to** realize"").  \n- Some sentences are overly simplistic or choppy (e.g., ""Playposit is a multimedia platform which allows to create..."" → ""Playposit is a multimedia platform **that enables users** to create..."").  \n- Replace vague terms like ""a variety of"" with more precise language (e.g., ""multiple question formats"" instead of ""various types of questions"").  \n- Proofread for minor grammatical errors (e.g., ""allows to generate"" → ""allows **users** to generate"").  \n\n**STRUCTURE IMPROVEMENTS:**  \n- The bullet-point format disrupts flow; integrate key points into cohesive paragraphs.  \n- Add subheadings (e.g., **""Features,"" ""Benefits""**) to improve readability.  \n- Transitions between sections are abrupt—use linking sentences to guide the reader.  \n- The ""Features and Benefits"" section for QR Code Generator is merged; separate for clarity.  \n- Ensure consistency in section lengths (e.g., Google Forms section is disproportionately long).  \n']"
3	0.75	"['  \n**CONTENT IMPROVEMENTS:**  \n1. **Depth of Analysis**: The essay briefly mentions benefits and drawbacks but does not explore them in sufficient detail. For example, it could discuss specific studies or statistics showing cost savings or recidivism rates compared to incarceration.  \n2. **Examples and Evidence**: While sources are cited, the arguments would be stronger with concrete examples (e.g., a case where electronic monitoring failed or succeeded) or data (e.g., percentage reduction in prison overcrowding).  \n3. **Balanced Perspective**: The drawbacks are listed but not critically analyzed. For instance, how often do restricted-area conflicts occur? Are there policies to address them?  \n\n**LANGUAGE IMPROVEMENTS:**  \n1. **Clarity and Precision**: Some sentences are awkwardly phrased (e.g., ""technology does not always lead to better community supervision outcomes""). Rewrite for clarity: ""While technology improves supervision, it is not a flawless solution.""  \n2. **Word Choice**: Replace vague terms like ""controversial situations"" with more specific language (e.g., ""ethical dilemmas"" or ""practical challenges"").  \n3. **Grammar/Flow**: Fix minor errors (e.g., ""Technology plays the central part"" → ""Technology plays a central role""). Use transitions (e.g., ""Furthermore,"" ""In contrast"") to improve flow.  \n\n**STRUCTURE IMPROVEMENTS:**  \n1. **Thesis Statement**: The introduction should clearly state the essay’s purpose (e.g., ""This essay examines the advantages and limitations of electronic monitoring, arguing that its benefits outweigh its drawbacks despite implementation challenges."").  \n2. **Paragraph Organization**: Group related ideas (e.g., merge the two sentences about restricted areas into one paragraph). Add a dedicated conclusion summarizing key points and reinforcing the thesis.  \n3. **Reference Integration**: References are cited but not discussed in context. Introduce sources more naturally (e.g., ""According to the Electronic Frontier Foundation (2019), electronic monitoring reduces stigma by..."").  \n\n']"
4	0.75	"['  \n**CONTENT IMPROVEMENTS:**  \n- The essay effectively highlights gender disparities in addiction and treatment but would benefit from **more recent or diverse sources** to strengthen credibility. The references are over a decade old.  \n- **More statistical evidence** would bolster claims (e.g., exact percentages for gender differences in addiction rates or treatment outcomes).  \n- The discussion on trauma and addiction is compelling but **needs expansion**—how exactly do integrated trauma treatments improve outcomes?  \n- **Counterarguments or limitations** (e.g., critiques of women-only programs) would add nuance.  \n\n**LANGUAGE IMPROVEMENTS:**  \n- **Clarity issues**: Phrases like ""females deemed drug addicts or alcoholics are viewed as pervert and promiscuous"" are overly blunt and could be reworded for sensitivity (e.g., ""Women with addiction often face stigmatization, including harmful stereotypes about promiscuity"").  \n- **Repetitive phrasing**: ""When judged against males"" appears twice; vary language (e.g., ""Compared to men"" or ""In contrast to male addicts"").  \n- **Awkward constructions**: ""Females suffer a great extent of the physiological destruction earlier"" → ""Women experience severe physiological damage earlier in addiction.""  \n- **Inconsistent terminology**: Alternates between ""females"" and ""women""; stick to one for cohesion.  \n\n**STRUCTURE IMPROVEMENTS:**  \n- **Thesis statement is implied but not explicit**. A clear opening claim (e.g., ""Gender significantly influences addiction susceptibility, treatment barriers, and outcomes"") would anchor the essay.  \n- **Paragraph flow could be smoother**. The jump from stigma (para 2) to socioeconomic factors (para 3) feels abrupt. Use transitions like ""Beyond stigma, socioeconomic disparities also shape women\'s treatment access.""  \n- **Conclusion is abrupt**. Summarize key points and reiterate the call for gender-responsive programs more emphatically.  \n- **Subheadings** (e.g., ""Stigma and Gender,"" ""Biological Differences"") could improve readability.  \n']"
5	0.65	"['  \n**CONTENT IMPROVEMENTS:**  \n- The introduction defines key terms (race, ethnicity, majority/minority) but could better establish the essay’s central argument or thesis.  \n- Theoretical explanations (e.g., functionalist, conflict, pluralism) are listed but not critically analyzed or connected to real-world examples beyond brief mentions.  \n- The bibliography is incomplete (e.g., ""Farley, 20007"" has a typo; some citations lack clarity). Strengthen references with peer-reviewed sources and ensure accuracy.  \n- More concrete examples (beyond Santa Fe art or Arab-Israeli relations) would illustrate theories more effectively.  \n\n**LANGUAGE IMPROVEMENTS:**  \n- Grammar/typos: ""Deeply rooted"" (capitalization), ""Durkkgems"" (misspelling), ""Thos notion"" (""This notion""), ""2000"" (inconsistent citation formatting).  \n- Awkward phrasing: ""The interaction with one another between the ethnic and a group varies"" → ""Interactions between ethnic groups vary.""  \n- Wordiness: ""The main characteristic of ideological racism is that it justifies domination..."" → ""Ideological racism justifies domination...""  \n- Avoid passive voice: ""They are unable to achieve their will"" → ""They lack the power to achieve their goals.""  \n\n**STRUCTURE IMPROVEMENTS:**  \n- The ""Theories"" section reads like a disjointed list. Group related theories (e.g., functionalist/conflict as macro-level; assimilation/pluralism as micro-level) and use transitions.  \n- Missing conclusion: Summarize key points and propose implications or future directions.  \n- Paragraph flow: Some paragraphs are overly long (e.g., conflict theory). Break into smaller, focused sections with topic sentences.  \n- Headings/subheadings could organize content (e.g., ""Defining Terms,"" ""Theoretical Frameworks,"" ""Case Studies"").  \n']"
6	0.75	"['  \n**CONTENT IMPROVEMENTS:**  \n1. **Thesis Clarity:** The introduction hints at the controversy around immigration but does not clearly state the essay’s central argument until later. A stronger, more concise thesis statement upfront would improve coherence.  \n2. **Evidence Balance:** While the essay cites multiple sources, some claims (e.g., immigrants’ abuse of social benefits) lack nuanced evidence. Adding specific data or counterarguments would strengthen credibility.  \n3. **Depth of Analysis:** The discussion of the Heckscher–Ohlin model is useful but could be more tightly linked to the Canadian context. Explain how the model’s predictions manifest in Canada’s immigration policies or labor market.  \n4. **Hypothesis Refinement:** The hypothesis (""immigration is an essential part of the Canadian economy"") is broad. Narrow it to a testable claim (e.g., ""Immigrant labor boosts GDP growth in sectors X and Y"").  \n\n**LANGUAGE IMPROVEMENTS:**  \n1. **Wordiness:** Phrases like ""obviously one of the most controversial issues"" or ""as a rule, triggers a range of negative economic consequences"" are vague. Replace with precise language (e.g., ""Immigration remains contentious due to its perceived economic trade-offs"").  \n2. **Awkward Phrasing:** Sentences like ""the positive effects... are also to be born in mind"" are clunky. Revise for fluency (""However, immigration’s positive economic effects warrant equal consideration"").  \n3. **Inconsistent Terminology:** Alternate terms like ""migrant workers,"" ""immigrants,"" and ""infiltrators"" risk confusion. Standardize to ""immigrant workers"" unless distinguishing legal/illegal status.  \n4. **Passive Voice:** Overuse (e.g., ""the surveys consist of..."") weakens impact. Use active voice (""The surveys include..."").  \n\n**STRUCTURE IMPROVEMENTS:**  \n1. **Section Flow:** The ""Problem Statement"" and ""Theoretical Framework"" sections feel disjointed. Merge them into a cohesive ""Background"" section to contextualize the H-O model’s relevance earlier.  \n2. **Methodology Clarity:** The survey design is described twice (under ""Local Authorities as Respondents"" and ""Design of Surveys""). Consolidate for brevity and clarity.  \n3. **Conclusion Expansion:** The conclusion abruptly restates the thesis without synthesizing key findings. Summarize results (e.g., ""Data confirms immigrant labor’s net GDP contribution outweighs social costs"") and propose policy steps.  \n4. **Subheadings:** Some subheadings (e.g., ""Immigrants as a Cheap Labor Force"") are overly simplistic. Use analytical titles (e.g., ""Economic Contributions of Low-Wage Immigrant Labor"").  \n']"
7	0.85	"['  \n**CONTENT IMPROVEMENTS:**  \n- The analysis of the research article is thorough but somewhat descriptive. A more critical perspective—such as questioning the validity of the sample size (347 students) or discussing potential biases in self-reported survey data—would strengthen the essay.  \n- The ""Scholarly Contribution"" section could explicitly state how this study fills gaps in existing literature rather than just summarizing prior research.  \n- The conclusion could better synthesize key findings and their broader implications for workplace security policies.  \n\n**LANGUAGE IMPROVEMENTS:**  \n- Some phrases are repetitive (e.g., ""the authors stated"" appears multiple times). Vary phrasing (e.g., ""Jones and Aiken argue,"" ""the study highlights"").  \n- Avoid passive constructions like ""is made visible"" → ""becomes evident.""  \n- Clarify ambiguous phrasing: e.g., ""the variables are justified"" could be ""the authors justify the variables by explaining their relevance.""  \n\n**STRUCTURE IMPROVEMENTS:**  \n- The ""Problem Statement"" and ""Scholarly Contribution"" sections overlap slightly. Consider merging or refining their focus (e.g., use ""Problem Statement"" for the research gap and ""Scholarly Contribution"" for the study\'s unique value).  \n- The ""Concluding Remarks"" section should explicitly restate the research question and summarize how the study answered it, rather than directing readers to other sections.  \n- Add subheadings under ""Research Design"" (e.g., ""Sample,"" ""Methods,"" ""Limitations"") for better flow.  \n']"
8	0.75	"['  \n**CONTENT IMPROVEMENTS:**  \n1. **Clarify the research focus:** The essay mentions evaluating ""the information system used by the staff of the dental center and the possibility of employing Cerner,"" but it later refers to ""Warped"" and ""Ward"" without clear explanation. Ensure consistency in naming the systems under review.  \n2. **Expand on methodology:** The survey and interview methods are mentioned, but details (e.g., survey questions, interview themes) would strengthen credibility.  \n3. **Address limitations more critically:** While limitations are listed, their impact on the study’s validity could be analyzed further (e.g., how a small sample skews results).  \n4. **Strengthen recommendations:** Suggest specific technological improvements (e.g., interface redesign, training modules) rather than general calls for ""adjustments.""  \n\n**LANGUAGE IMPROVEMENTS:**  \n1. **Correct errors and typos:** Examples: ""tWarped eed program"" (Recommendations section), ""qualitatively qualitatively quantitativeive"" (Recommendations).  \n2. **Improve clarity:** Replace vague phrases like ""some technological improvements"" with concrete examples (e.g., ""simplified navigation menus"").  \n3. **Avoid repetition:** ""Electronic Health Records"" is repeated excessively; use synonyms like ""EHR systems"" or pronouns.  \n4. **Refine phrasing:** ""Ward has such disadvantages as a complicated interface"" → ""The Ward system’s drawbacks include a cumbersome interface.""  \n\n**STRUCTURE IMPROVEMENTS:**  \n1. **Revise the abstract:** It should succinctly summarize key findings (e.g., ""Staff reported efficiency gains but highlighted interface challenges"").  \n2. **Reorganize limitations:** Group related issues (e.g., combine sample size and demographic biases into one paragraph).  \n3. **Balance sections:** The ""Recommendations"" section is overly long; condense by merging similar suggestions (e.g., combine sampling and demographic criteria).  \n4. **Add transitions:** Use linking phrases between sections (e.g., ""Given these limitations, future research should..."").  \n']"
9	0.75	"['  \n**CONTENT IMPROVEMENTS:**  \n1. **Depth of Analysis**: The essay covers key ethical concerns but often states them superficially. For example, the discussion on religious objections to genetic testing could be expanded with specific theological arguments or counterarguments.  \n2. **Evidence & Citations**: While sources are cited, their integration is weak. Direct quotations or paraphrased evidence would strengthen claims (e.g., Moore’s 1996 argument on consent).  \n3. **Balance**: The essay leans heavily on predictive testing ethics but neglects other controversies (e.g., eugenics, insurance discrimination). Addressing these would broaden the scope.  \n4. **Originality**: The arguments are conventional. Adding unique perspectives (e.g., cultural differences in ethical views) would enhance originality.  \n\n**LANGUAGE IMPROVEMENTS:**  \n1. **Clarity**: Some sentences are convoluted (e.g., ""This has in effect facilitated the advancement of diagnostic and curative medicine which in turn has resulted in almost accurate gene disorder treatment""). Simplify for readability.  \n2. **Grammar/Word Choice**:  \n   - ""Genetic testing is of two basic types"" → ""Genetic testing falls into two main categories.""  \n   - ""Ethically, for predictive genetic testing to be done to anyone"" → ""Ethically, predictive testing requires.""  \n3. **Repetition**: Phrases like ""genetic disorder"" are overused. Substitute with synonyms (e.g., ""inherited condition"").  \n4. **Tone**: The tone fluctuates between academic and informal (e.g., ""odds concerning unethical issues""). Maintain formal consistency.  \n\n**STRUCTURE IMPROVEMENTS:**  \n1. **Thesis Statement**: The introduction lacks a clear thesis. Add a sentence like, ""This paper examines the ethical dilemmas of genetic testing, focusing on consent, privacy, and societal implications.""  \n2. **Paragraph Flow**: Ideas jump abruptly (e.g., from religious objections to child testing). Use transition phrases (e.g., ""Beyond religious concerns, testing in minors raises..."").  \n3. **Conclusion**: The ending is abrupt. Summarize key points and propose solutions (e.g., stricter regulations or public education campaigns).  \n4. **Citation Format**: Sources are listed but not formatted consistently (e.g., missing italics for journal titles). Follow APA/MLA guidelines strictly.  \n']"
10	0.75	"['  \n**CONTENT IMPROVEMENTS:**  \n1. **Deeper Analysis:** The essay summarizes the research well but could delve deeper into the implications of the findings. For example, how might the results influence policy or clinical practice beyond general recommendations for social workers?  \n2. **Critical Evaluation:** While the quantitative approach is explained, the essay could critique its limitations more thoroughly, such as potential biases in survey methods or the exclusion of qualitative insights.  \n3. **Broader Context:** Linking the research to broader societal issues (e.g., systemic discrimination, healthcare disparities) would strengthen the relevance of the discussion.  \n\n**LANGUAGE IMPROVEMENTS:**  \n1. **Clarity:** Some sentences are overly complex (e.g., ""The use of digital surveys was objective in developing numerical data intended to identify how the variables inter-relate""). Simplify for readability: ""Digital surveys helped quantify relationships between variables.""  \n2. **Precision:** Replace vague phrases like ""most fundamentally"" with stronger transitions (e.g., ""Crucially,"" or ""Notably,"").  \n3. **Grammar/Repetition:** Avoid redundant phrasing (e.g., ""The purpose of the research is to identify..."" → ""The study examines...""). Also, correct minor errors like ""EBP working context"" (should be ""EBP practice context"").  \n\n**STRUCTURE IMPROVEMENTS:**  \n1. **Thesis Clarity:** The introduction should explicitly state the essay’s purpose (e.g., to review and critique the article’s methodology and findings).  \n2. **Paragraph Flow:** Improve transitions between ideas. For instance, the shift from methodology to recommendations feels abrupt; connect them logically.  \n3. **Conclusion:** End with a concise summary of key takeaways or future research directions (e.g., ""Future studies could combine qualitative methods to explore emotional dimensions of discrimination"").  \n']"
11	0.75	"['  \n**CONTENT IMPROVEMENTS:**  \n- The essay effectively highlights the potential discrimination caused by vaccine certificates, but it could benefit from more concrete examples or data to strengthen its claims. For instance, citing specific cases of discrimination or statistics on vaccine accessibility would add credibility.  \n- The counterarguments are briefly mentioned but not thoroughly explored. Expanding on opposing viewpoints (e.g., public health benefits of vaccine certificates) would make the argument more balanced and persuasive.  \n- The conclusion is repetitive and does not offer new insights or solutions. Suggesting policy alternatives or ways to mitigate discrimination would provide a stronger closing.  \n\n**LANGUAGE IMPROVEMENTS:**  \n- The language is often vague or imprecise. For example, ""the trends in this sense are indeed dangerous"" could be rephrased for clarity: ""The trend of excluding unvaccinated individuals poses significant societal risks.""  \n- Some sentences are overly complex or awkwardly structured (e.g., ""Wenham uses Pathos as a tool of rhetorical persuasion...""). Simplify for readability: ""Wenham employs emotional appeals to persuade readers.""  \n- Avoid redundant phrases like ""roughly speaking"" or ""in fact,"" which weaken the argument\'s professionalism.  \n\n**STRUCTURE IMPROVEMENTS:**  \n- The introduction and conclusion are too similar, both summarizing the same points. The conclusion should synthesize the discussion or propose future implications.  \n- Paragraph transitions are abrupt. Use linking phrases (e.g., ""Furthermore,"" ""On the other hand"") to guide the reader.  \n- The counterargument paragraph feels tacked on. Integrate opposing views earlier and more seamlessly to create a cohesive flow.  \n']"
12	0.75	"['  \n**CONTENT IMPROVEMENTS:**  \n1. **Depth of Analysis:** The essay covers a broad range of issues but often skims the surface. For example, the discussion on nuclear vs. renewable energy could delve deeper into specific case studies or data comparisons to strengthen arguments.  \n2. **Evidence Integration:** While sources are cited, some claims lack direct support (e.g., ""developing nations lag behind in enacting policies""). Adding specific examples or statistics would bolster credibility.  \n3. **Originality:** The paper relies heavily on cited material. Incorporating more original insights or critical evaluation of existing research would enhance its academic rigor.  \n4. **Future Research Section:** This is well-articulated but could be more actionable—suggesting specific methodologies (e.g., case studies, surveys) would add value.  \n\n**LANGUAGE IMPROVEMENTS:**  \n1. **Clarity & Conciseness:** Some sentences are overly wordy (e.g., ""The implication of hazardous wastes on people’s health is experienced through microbiological contaminants by air, soil, or even water""). Simplify for readability.  \n2. **Grammar & Syntax:** Minor errors exist, such as inconsistent verb tenses (""The World Bank (2013) confirms"" vs. ""Massawe et al. (2014) regard""). Proofreading is recommended.  \n3. **Academic Tone:** Avoid informal phrasing like ""This position is much welcome."" Replace with formal alternatives (""This perspective is supported by..."").  \n4. **Repetition:** Terms like ""hazardous wastes"" are overused. Use synonyms (e.g., ""toxic byproducts,"" ""dangerous residues"") to vary language.  \n\n**STRUCTURE IMPROVEMENTS:**  \n1. **Flow Between Sections:** Transitions are abrupt (e.g., from Literature Review to Findings). Add bridging sentences to connect ideas logically.  \n2. **Subheadings:** The ""Findings"" section could be split into thematic subsections (e.g., ""Health Risks,"" ""Recycling Benefits"") for better navigation.  \n3. **Introduction:** The thesis statement is buried. Move the paper’s purpose (""This paper reviews these issues..."") to the opening paragraph for clarity.  \n4. **Conclusion:** Summarize key findings more succinctly. The current conclusion repeats points made earlier without synthesis.  \n5. **Reference List:** Ensure all in-text citations match the reference list (e.g., ""Ulfik & Nowak, 2014"" appears in-text but is listed as ""Ulfik, A., & Nowak, S."").  \n\n']"
13	0.75	"['  \n**CONTENT IMPROVEMENTS:**  \n1. **Depth of Analysis**: While the essay lists important elements (e.g., management, structure, security), it often summarizes rather than analyzes. For example, discussing *how* shared goals mitigate conflicts or *specific* legal risks in IT outsourcing would strengthen the argument.  \n2. **Original Insights**: The essay heavily relies on cited sources without synthesizing unique perspectives. Adding critical evaluation (e.g., trade-offs between cost savings and employee displacement) would enhance originality.  \n3. **Examples**: Concrete examples (e.g., a case study of a failed/prominent IT outsourcing contract) would illustrate points more effectively than general statements.  \n\n**LANGUAGE IMPROVEMENTS:**  \n1. **Clarity**: Some sentences are convoluted (e.g., ""The outsource buyer and provider can work hand in hand after stating the desirable outcomes""). Simplify for readability: ""The vendor and buyer should align on desired outcomes to foster collaboration.""  \n2. **Grammar/Repetition**: Fix minor errors (e.g., ""consider analyze"" → ""consider and analyze"") and avoid repetitive phrases like ""when developing a contract.""  \n3. **Tone**: Shift from overly formal (""emanate from"") to concise, professional language (""result from"").  \n\n**STRUCTURE IMPROVEMENTS:**  \n1. **Flow**: The transition between sections (e.g., ""Management"" to ""Structure"") is abrupt. Use subheadings or transitional phrases (e.g., ""Beyond management, the contract’s structural framework..."").  \n2. **Executive Summary**: Condense to 3-4 key points; currently, it mirrors the introduction.  \n3. **Conclusion**: Expand beyond summary—restate the ""win-win"" thesis and propose actionable steps (e.g., ""Regular audits ensure sustainability"").  \n']"
14	0.75	"['  \n**CONTENT IMPROVEMENTS:**  \n- The introduction is too broad; it should focus more sharply on the hand rather than general body functions.  \n- Some sections, like ""Sensory Stimulus Pathways,"" are overly detailed compared to others, creating imbalance. Consider condensing or expanding sections for consistency.  \n- The conclusion is abrupt and could better synthesize key findings or implications of the research.  \n- More critical analysis of cited sources would strengthen the argument (e.g., comparing studies or highlighting gaps in research).  \n\n**LANGUAGE IMPROVEMENTS:**  \n- Avoid repetitive phrasing (e.g., ""the muscles which form part of the hand"" appears multiple times).  \n- Replace vague terms like ""critical"" or ""tremendous"" with more precise language (e.g., ""essential for grip strength"").  \n- Some sentences are awkwardly structured (e.g., ""The idea of feeling a bug crawling on the skin allows an individual to flick it off before biting the skin"" could be: ""When a bug crawls on the skin, sensory receptors trigger a reflex to flick it away"").  \n- Check for minor grammatical errors (e.g., ""everybody’s duty"" should be ""every body part’s function"").  \n\n**STRUCTURE IMPROVEMENTS:**  \n- The transition between sections (e.g., from muscles to sensory pathways) is abrupt. Use topic sentences to guide the reader.  \n- The ""Stroke"" section feels disconnected from the rest of the essay. Integrate it earlier or expand its relevance to hand anatomy.  \n- Subheadings (e.g., ""Adduction Movement"") help, but some paragraphs are overly long. Break them into shorter, focused segments.  \n- The references are properly cited but could be better woven into the narrative (e.g., ""As Yu and Smith (2017) demonstrate..."" instead of standalone citations).  \n']"
15	0.75	"['  \n**CONTENT IMPROVEMENTS:**  \n- The introduction could better frame the scope and significance of PTSD to engage the reader.  \n- Some sections (e.g., ""Developmental Theories"") feel tangential; focus more on direct relevance to PTSD.  \n- Strengthen the argument for Cognitive Behavioral Therapy (CBT) by including more recent studies or contrasting it with less effective treatments.  \n- The conclusion is abrupt; summarize key findings and implications more effectively.  \n\n**LANGUAGE IMPROVEMENTS:**  \n- Avoid repetitive phrasing (e.g., ""research has shown"" appears multiple times).  \n- Correct grammatical errors (e.g., ""only a eventually few develop PTSD"" → ""only a small percentage eventually develop PTSD"").  \n- Replace passive voice with active voice for clarity (e.g., ""the use of CBT is the most effective"" → ""CBT is the most effective"").  \n- Define acronyms (e.g., EMDR) upon first use for reader accessibility.  \n\n**STRUCTURE IMPROVEMENTS:**  \n- Reorganize sections to flow logically: causes → symptoms → treatments → comparative efficacy.  \n- Use subheadings more effectively (e.g., merge ""Behavioral Theories"" and ""Cognitive Theories"" under ""Treatment Approaches"").  \n- Break long paragraphs into smaller, focused ones (e.g., the ""Cognitive Theories"" section).  \n- Ensure consistent citation format (e.g., some references lack full details or use inconsistent punctuation).  \n']"
16	0.75	"['  \n**CONTENT IMPROVEMENTS:**  \n1. **Clarify Market Size Estimation:** The market size estimation of $40-45 billion is mentioned but lacks detailed justification. Provide more specific data sources or breakdowns (e.g., regional demand, competitor benchmarks) to strengthen credibility.  \n2. **Expand on Risks:** While the intrapreneurial approach is highlighted as a risk mitigator, the essay does not explicitly address potential challenges (e.g., client acquisition, competition). A dedicated ""Risks"" section would improve balance.  \n3. **Justify Personnel Numbers:** The rationale for hiring 4 career planners and 5 financial analysts is unclear. Link these figures to projected client volume or service capacity.  \n4. **Profitability Assumptions:** The projection of 1,000 clients spending $500 each in the first month seems optimistic. Include supporting data (e.g., conversion rates, industry averages) to validate this claim.  \n\n**LANGUAGE IMPROVEMENTS:**  \n1. **Avoid Repetition:** Phrases like ""skills, experience, and knowledge"" are overused (e.g., in ""Personnel Requirement""). Vary wording (e.g., ""expertise,"" ""proficiency"").  \n2. **Correct Errors:** ""Intrepreneurial"" should be ""intrapreneurial""; ""Are Kip It simple Approach"" is likely a typo (""Adopt the Keep It Simple Approach"").  \n3. **Formalize Tone:** Replace informal phrasing (e.g., ""luckily,"" ""last but not least"") with professional alternatives (""Fortunately,"" ""additionally"").  \n4. **Clarify Jargon:** Define terms like ""KISS approach"" and ""contribution margin"" for readers unfamiliar with business terminology.  \n\n**STRUCTURE IMPROVEMENTS:**  \n1. **Reorganize Sections:** Merge ""Market Size"" and ""Total Sales Value"" (currently fragmented) into a single, cohesive section under ""Business Description.""  \n2. **Improve Flow:** The transition from ""Product Scalability"" to ""Venture Cost"" is abrupt. Add a bridging sentence to connect these logically (e.g., ""To support scalability, the following initial costs are anticipated..."").  \n3. **Standardize Headings:** Ensure parallel structure (e.g., ""Retail Services"" vs. ""Personnel Requirement"" → ""Retail Service Offerings"" and ""Personnel Requirements"").  \n4. **Enhance Conclusion:** The conclusion is overly optimistic. Summarize key points (e.g., scalability, innovation) and acknowledge next steps (e.g., pilot testing, investor engagement).  \n']"
17	0.75	"['  \n**CONTENT IMPROVEMENTS:**  \n1. **Depth of Analysis**: The discussion on ERP systems is largely descriptive rather than analytical. For instance, the section on ""Managing Global Performance"" could delve deeper into specific case studies or empirical data to substantiate claims about ERP\'s impact on cost reduction and efficiency.  \n2. **Originality**: Much of the content reiterates existing literature without offering fresh insights or critical perspectives. Adding unique viewpoints or recent trends (e.g., cloud-based ERP, AI integration) would strengthen the paper.  \n3. **Evidence**: While references are cited, some claims (e.g., ""ERP systems help businesses manage diversity"") lack direct evidence or examples. Including real-world examples or statistics would bolster credibility.  \n\n**LANGUAGE IMPROVEMENTS:**  \n1. **Clarity**: Some sentences are convoluted (e.g., ""Realizing the requirements to have accurate information, many global firms have decided to align ERP systems...""). Simplify for readability.  \n2. **Repetition**: Phrases like ""seamless"" and ""global visibility"" are overused. Vary vocabulary (e.g., ""unified,"" ""transparent operations"").  \n3. **Grammar/Flow**: Fix minor errors (e.g., ""donated"" → ""offered"" in ""varied opinions... have been donated""). Use transitions (e.g., ""Furthermore,"" ""Conversely"") to improve flow between sections.  \n\n**STRUCTURE IMPROVEMENTS:**  \n1. **Section Balance**: The ""Discussion"" section is overly long compared to others. Break it into subsections (e.g., ""Challenges of ERP Implementation"") for better organization.  \n2. **Introduction/Conclusion**: The introduction could better outline the paper’s structure, while the conclusion repeats points verbatim from earlier sections. Summarize key findings and suggest future research directions.  \n3. **Headings**: Some headings (e.g., ""The linkage between Global businesses"") are awkwardly phrased. Revise for precision (e.g., ""ERP Systems and Global Business Integration"").  \n']"
18	0.75	"['  \n**CONTENT IMPROVEMENTS:**  \n1. **Deeper Analysis Needed**: While the essay describes the campaign’s goals and strategy, it would benefit from a more critical evaluation. For example, what specific evidence supports the claim that the campaign is effective? Are there measurable outcomes or public reactions?  \n2. **Examples & Evidence**: The discussion about the campaign’s potential offensiveness is vague. Specific examples of controversial images or public reactions would strengthen the argument.  \n3. **Audience Relevance**: The section on ""Who is this campaign for?"" could be expanded. How does the campaign resonate with different demographics? Personal connections or case studies would add depth.  \n\n**LANGUAGE IMPROVEMENTS:**  \n1. **Clarity & Conciseness**: Some sentences are overly wordy (e.g., ""The company has identified a gap in the job market which it wants to fill by playing the agency role...""). Simplify for readability: ""The company bridges a gap in the job market by connecting job seekers with employers.""  \n2. **Grammar & Syntax**: Fix minor errors like missing articles (""the agency role"" → ""an agency role"") and awkward phrasing (""some may find the ad to be offensive depending on the types of occupations highlighted"" → ""some may find the ad offensive due to its portrayal of certain occupations"").  \n3. **Stronger Transitions**: Use transitional phrases (e.g., ""In contrast,"" ""Furthermore"") to improve flow between paragraphs.  \n\n**STRUCTURE IMPROVEMENTS:**  \n1. **Logical Flow**: The essay jumps between objectives, strategy, and effectiveness without clear transitions. Group related ideas (e.g., merge all effectiveness critiques into one section).  \n2. **Introduction & Conclusion**: The introduction could better frame the essay’s purpose, while the conclusion should summarize key points and offer a final judgment on the campaign’s success.  \n3. **Subheadings**: Break long sections (e.g., ""What is the campaign’s strategy?"") into smaller subsections for readability.  \n\n']"
19	0.75	"['  \n**CONTENT IMPROVEMENTS:**  \n1. **Clarify the Context:** The essay mentions ""three countries"" but never specifies which ones. Adding names or at least descriptors (e.g., ""industrialized Country S,"" ""resource-rich Country D"") would improve clarity.  \n2. **Deeper Analysis:** The stakeholder section identifies groups (governments, businesses, civil society) but doesn’t explore their conflicting interests or power dynamics in enough detail. For example, how might civil society pressure governments effectively?  \n3. **Evidence & Examples:** The 1987 agreement is mentioned but not explained. Provide specifics (e.g., ""The 1987 River Basin Accord failed due to lack of enforcement mechanisms"").  \n4. **Solution Specificity:** The proposed intergovernmental agency needs more detail. How would it function? What resources would it have?  \n\n**LANGUAGE IMPROVEMENTS:**  \n1. **Grammar/Clarity:**  \n   - ""The stakeholders on this issue are the central governments of the three countries, the local government bodies the industrial and business groups and the civil society groups interested on the issue."" → Use serial commas and correct prepositions: ""Stakeholders include the central governments of the three countries, local government bodies, industrial and business groups, and civil society groups interested **in** the issue.""  \n   - ""Ways should be found to convince the businesses..."" → Passive voice weakens impact. Revise: ""Governments must convince businesses...""  \n2. **Word Choice:**  \n   - ""Enforcer"" sounds punitive. Consider ""coordinator"" or ""regulatory body.""  \n   - ""Slowdown in their production"" → ""reduce output"" (more concise).  \n3. **Repetition:** The phrase ""the countries that we are discussing"" appears twice; vary phrasing (e.g., ""the involved nations"").  \n\n**STRUCTURE IMPROVEMENTS:**  \n1. **Executive Summary:** Should succinctly preview key points (e.g., ""This paper analyzes stakeholder conflicts in the X River Basin and proposes a trilateral agency to enforce environmental standards""). Currently, it’s too vague.  \n2. **Headings & Flow:**  \n   - The ""Stakeholder and Governance Analysis"" section is overly long. Break it into sub-sections (e.g., ""Conflicting Interests,"" ""Proposed Solutions"").  \n   - The conclusion repeats ideas from earlier. Summarize key takeaways or call to action instead (e.g., ""Without swift trilateral cooperation, ecological degradation will escalate"").  \n3. **Transitions:** Add bridging sentences between sections (e.g., ""Having outlined stakeholder tensions, the next section explores governance solutions"").  \n']"
20	0.65	"['  \n**CONTENT IMPROVEMENTS:**  \n1. **Depth and Analysis**: The essay lists events (e.g., domestication, dynasties, inventions) but does not explain their significance or connect them to broader cultural themes. For example, how did Confucianism shape governance? Why was the Great Wall built? Add cause-and-effect analysis.  \n2. **Thesis Clarity**: The introduction mentions dynastic rule but does not establish a clear thesis. Specify the essay’s focus (e.g., ""This essay examines how cultural advancements in art, literature, and technology defined pre-1400 Chinese civilization"").  \n3. **Source Integration**: Over-reliance on paraphrased citations (e.g., ""Townsend Para 4"") without critical engagement. Synthesize sources to support original arguments (e.g., compare Buddhist and Confucian impacts).  \n4. **Chronological Flow**: The timeline jumps abruptly (e.g., Neolithic to Bronze Age without transitions). Group developments by dynasty or theme (e.g., ""Under the Han Dynasty, art and trade flourished..."").  \n\n**LANGUAGE IMPROVEMENTS:**  \n1. **Clarity and Conciseness**: Avoid vague phrasing (e.g., ""the kind of political practice"" → ""dynastic rule""). Trim redundant phrases (""indeed,"" ""later on"").  \n2. **Grammar/Mechanics**: Fix errors like missing articles (""the use of ink started"" → ""the use of ink began""), inconsistent tense (""there was the construction"" → ""the Great Wall was constructed""), and awkward syntax (""the people he was ruling over"" → ""his subjects"").  \n3. **Formal Tone**: Replace informal terms (""a coup"" → ""a rebellion"") and passive voice (""there was noted the use"" → ""scholars noted the use"").  \n4. **Precision**: Specify claims (e.g., ""most of Europe"" → ""many European societies"") and define terms (e.g., ""classical renaissance in China"" needs context).  \n\n**STRUCTURE IMPROVEMENTS:**  \n1. **Organization**: The ""Period’s description"" section is a disjointed list. Use subheadings (e.g., ""Art and Literature,"" ""Technological Innovations"") for logical flow.  \n2. **Introduction/Conclusion**: The introduction lacks a roadmap; the conclusion merely summarizes. Restate the thesis in the conclusion and reflect on cultural legacy (e.g., ""These advancements laid the foundation for China’s global influence"").  \n3. **Paragraph Unity**: Some paragraphs mix topics (e.g., pottery and literature in one paragraph). Dedicate one paragraph per idea, starting with topic sentences.  \n4. **Citations**: Follow a consistent format (e.g., MLA/APA). Replace ""Para"" with page numbers or omit if unnecessary.  \n\n']"
21	0.75	"['  \n**CONTENT IMPROVEMENTS:**  \n1. **Depth of Analysis:** While the essay identifies key accounting issues, the explanations are somewhat superficial. For example, the discussion on deferred taxes could be expanded to clarify why the 30% tax rate is non-compliant with ASPE and what specific adjustments are needed.  \n2. **Evidence and Examples:** The argument about ice and desert wines being profitable despite low cash flows needs more supporting data. Include specific figures or trends to strengthen the claim.  \n3. **Recommendations:** The suggestions for handling the machinery sale are practical but could be more detailed. Explain how the revaluation should be conducted (e.g., using fair market value) and why the deposit structure is advantageous.  \n\n**LANGUAGE IMPROVEMENTS:**  \n1. **Clarity and Conciseness:** Some sentences are awkwardly phrased (e.g., ""the two products are evidently the most the most profitable""). Revise for fluency: ""the two products are clearly the most profitable.""  \n2. **Grammar and Syntax:** Fix minor errors like repetition (""the most the most"") and tense consistency (e.g., ""the company may incur more losses if the machinery is maintained under operation"" → ""if the machinery remains operational"").  \n3. **Formal Tone:** Replace informal phrases like ""good deal"" with professional alternatives like ""optimal solution.""  \n\n**STRUCTURE IMPROVEMENTS:**  \n1. **Logical Flow:** The essay jumps between topics (e.g., claims to machinery sale). Group related issues (e.g., discuss all ASPE compliance problems together) and use subheadings for clarity.  \n2. **Transitions:** Add transitional phrases to connect ideas (e.g., ""Furthermore, regarding the machinery sale..."").  \n3. **Conclusion:** End with a summary of key recommendations or a forward-looking statement to tie the analysis together.  \n']"
22	0.75	"['  \n**CONTENT IMPROVEMENTS:**  \n1. **Deeper Analysis:** Expand on how each coach’s strategies uniquely impacted their teams’ performance or the broader NCAA landscape. For example, how did Summitt’s ""few but firm rules"" translate to measurable success?  \n2. **Comparative Insights:** Add a section contrasting the coaches’ approaches (e.g., Summitt’s discipline vs. Stringer’s family-oriented style) to highlight nuances in leadership.  \n3. **Practical Implications:** Link leadership theories (e.g., transformational vs. servant leadership) to the coaches’ methods to strengthen academic rigor.  \n\n**LANGUAGE IMPROVEMENTS:**  \n1. **Simplify Vocabulary:** Replace convoluted phrases (e.g., ""enumerate the coaching leadership strategies"" → ""analyze coaching strategies"") for clarity.  \n2. **Avoid Redundancy:** Phrases like ""thoughts and motivations"" recur excessively; vary wording (e.g., ""philosophy"" or ""core beliefs"").  \n3. **Active Voice:** Shift passive constructions (e.g., ""are fundamentally instrumental"" → ""play a key role"") for conciseness.  \n\n**STRUCTURE IMPROVEMENTS:**  \n1. **Thematic Organization:** Group similar leadership traits (e.g., ""Mentorship"" or ""Discipline"") across coaches instead of repeating the same subheadings for each.  \n2. **Stronger Transitions:** Use bridging sentences between sections (e.g., ""While Summitt emphasized rules, Stringer prioritized familial bonds"").  \n3. **Conclusion Expansion:** Move beyond summary—address how these leadership models could inspire future coaches or reshape sports pedagogy.  \n']"
23	0.75	['  \n**CONTENT IMPROVEMENTS:**  \n1. **Depth of Analysis**: The essay outlines the HR manager’s responsibilities well but could delve deeper into specific examples or case studies to illustrate how these roles directly impact product/service quality. For instance, how does training translate to fewer defects in production?  \n2. **Critical Engagement**: The argument would benefit from addressing potential counterarguments or challenges HR managers face in implementing total quality management (e.g., resistance to change, budget constraints).  \n3. **Updated References**: Some sources (e.g., Walker, 1998; Yuki, 1994) are outdated. Replace with recent studies to strengthen credibility and relevance.  \n\n**LANGUAGE IMPROVEMENTS:**  \n1. **Clarity and Precision**: Avoid vague phrases like *“an extent of supervising”* (→ *“extending to supervising”*) and *“This can be the basis of offering training”* (→ *“This justifies training initiatives”*).  \n2. **Grammar/Word Choice**:  \n   - *“Lead to”* → *“Led to”* (past tense).  \n   - *“He can show this by instilling”* → *“They can demonstrate this by instilling”* (gender-neutral language).  \n3. **Conciseness**: Trim redundant phrases (e.g., *“as far as operations are concerned”* → *“in operations”*).  \n\n**STRUCTURE IMPROVEMENTS:**  \n1. **Thesis Clarity**: The introduction should explicitly state the essay’s central claim (e.g., *“HR managers ensure quality by fostering a culture of excellence, bridging communication gaps, and aligning training with organizational goals”*).  \n2. **Paragraph Flow**: Use transition words (*“Furthermore,” “Consequently”*) to connect ideas between paragraphs (e.g., after discussing training, link to how it reduces defects).  \n3. **Conclusion**: Expand beyond summary—reiterate the HR manager’s strategic importance and suggest future trends (e.g., digital tools for quality monitoring).  \n\n']
24	0.75	"['  \n**CONTENT IMPROVEMENTS:**  \n1. **Depth of Analysis:** While the essay addresses key questions, some arguments are superficial. For example, the discussion on the ""two-year degree"" requirement could delve deeper into alternative qualifications or real-world examples of successful officers without degrees.  \n2. **Evidence & Examples:** More specific data or case studies would strengthen claims. For instance, citing statistics on hiring outcomes or officer performance related to education levels would add credibility.  \n3. **Conclusion:** The essay ends abruptly. A summary of key recommendations or a forward-looking statement would provide closure.  \n\n**LANGUAGE IMPROVEMENTS:**  \n1. **Clarity & Conciseness:** Some sentences are overly wordy (e.g., ""The fact that the written exam is not in line with the current technology turns off the potential applicants...""). Simplify for readability: ""Outdated exam technology discourages applicants.""  \n2. **Grammar & Syntax:** Minor errors exist, such as missing articles (""the"") and awkward phrasing (""More over"" → ""Moreover""). Proofreading would help.  \n3. **Tone:** The tone shifts between formal and informal (e.g., ""turns off the potential applicants""). Maintain consistent professionalism.  \n\n**STRUCTURE IMPROVEMENTS:**  \n1. **Flow:** Transitions between sections are weak. Use linking phrases (e.g., ""Having discussed X, we now turn to Y"") to guide the reader.  \n2. **Headings & Subheadings:** Break long paragraphs (e.g., under ""What Changes Should You Suggest..."") into bullet points or subheadings for easier navigation.  \n3. **Introduction & Conclusion:** The introduction sets up the topic well, but the conclusion is missing. Add a final paragraph summarizing key points and implications.  \n']"
25	0.65	"['  \n**CONTENT IMPROVEMENTS:**  \n1. **Clarify Key Concepts:** The definition of a tax lien is unclear (""a law that is imposed...""). Instead, explain it as a legal claim by the government on assets due to unpaid taxes.  \n2. **Expand on Consequences:** The essay mentions tax liens affecting credit scores and loans but doesn’t explain how (e.g., higher interest rates, stricter approval criteria). Provide specific examples or data.  \n3. **Strengthen the Argument:** The shift from tax liens to purchasing cars/homes is abrupt. Connect these ideas more logically—explain why lenders hesitate and how liens complicate approvals.  \n4. **Cite Reliable Sources:** The single source (Loftis) is insufficient. Include IRS guidelines or financial studies to support claims.  \n\n**LANGUAGE IMPROVEMENTS:**  \n1. **Grammar and Syntax:** Fix errors like ""owedur unpaid taxes,"" ""the Unites states,"" and ""this becomes is a clear indication."" Use proofreading tools to correct typos and awkward phrasing.  \n2. **Word Choice:** Replace vague terms like ""a little bit complicated"" with precise language (e.g., ""financially burdensome""). Avoid informal phrasing (""make a call"").  \n3. **Conciseness:** Eliminate redundancy (e.g., ""the lien dispatched as soon as possible"" → ""the lien promptly removed"").  \n4. **Active Voice:** Use active constructions (e.g., ""The IRS imposes a lien"" instead of ""A lien is imposed by the IRS"").  \n\n**STRUCTURE IMPROVEMENTS:**  \n1. **Thesis Statement:** Introduce a clear thesis early (e.g., ""Tax liens hinder car purchases by damaging creditworthiness and limiting loan options"").  \n2. **Logical Flow:** Reorganize paragraphs to: (1) Define tax liens, (2) Explain credit impacts, (3) Detail car/home loan challenges, (4) Propose solutions.  \n3. **Transitions:** Use phrases like ""Consequently"" or ""For example"" to link ideas between paragraphs.  \n4. **Conclusion:** Summarize key points and restate the thesis. The current ending is abrupt.  \n']"
26	0.65	"['  \n**CONTENT IMPROVEMENTS:**  \n1. **Depth of Analysis:** The essay briefly mentions types of captive insurers but does not explore their functions, benefits, or drawbacks in detail. Expand on each type with examples or case studies.  \n2. **Accuracy & Relevance:** Some statements are vague (e.g., ""Captive insurers have an aim of protecting the interest of original beneficiaries""). Clarify who these beneficiaries are and how protection is achieved.  \n3. **Supporting Evidence:** The essay lacks concrete data or citations to validate claims (e.g., Bahrain being a ""largest captive insurance centre""). Include statistics or authoritative sources.  \n4. **Pros & Cons:** The advantages and disadvantages are listed superficially. Elaborate on how tax implications or underwriting risks specifically impact companies.  \n\n**LANGUAGE IMPROVEMENTS:**  \n1. **Clarity & Precision:** Avoid ambiguous phrasing (e.g., ""they get involved in ensuring underwriting investments""). Rewrite for clarity: ""They oversee underwriting and investment processes.""  \n2. **Grammar & Syntax:** Fix errors like ""Every insurance company has a limit to the risk that they will undertake"" (should be ""it will undertake"").  \n3. **Repetition:** Phrases like ""spreading risks"" are overused. Use synonyms (e.g., ""risk distribution,"" ""liability mitigation"").  \n4. **Formal Tone:** Replace informal constructions (e.g., ""When we talk of the company..."") with professional language (""Regarding the company’s diversified income..."").  \n\n**STRUCTURE IMPROVEMENTS:**  \n1. **Introduction:** The opening paragraph is disjointed. Start with a clear definition of captive insurance and its purpose.  \n2. **Logical Flow:** The essay jumps between types, pros/cons, and Bahrain’s role without transitions. Group related ideas (e.g., types first, then regional examples, then analysis).  \n3. **Paragraph Unity:** Some paragraphs mix multiple ideas (e.g., the ""Pros and Cons"" section). Split into dedicated paragraphs for each point.  \n4. **Conclusion:** Missing. Summarize key takeaways or future trends in captive insurance.  \n5. **Citations:** Format references properly (APA/MLA) and integrate them into the text (e.g., ""According to Gower and Davies (2006),..."").  \n\n']"
27	0.75	"['  \n**CONTENT IMPROVEMENTS:**  \n1. **Depth of Analysis:** The argument would be stronger with more detailed examples or case studies of mismanagement in respiratory departments. Currently, the discussion relies heavily on general statistics without linking them to specific management failures.  \n2. **Balanced Perspective:** While the essay argues against nurses as managers, it could acknowledge potential benefits (e.g., clinical insight) and counterarguments before dismissing the practice entirely.  \n3. **Research Focus:** The proposed research topic is clear, but the essay could better outline the methodology (e.g., how the mismanaged department will be studied) and expected outcomes.  \n\n**LANGUAGE IMPROVEMENTS:**  \n1. **Clarity & Precision:** Some sentences are awkwardly phrased (e.g., ""Mismanagement of the respiratory department must not create challenges for patients""). Rewrite for clarity: ""Mismanagement in respiratory departments should not compromise patient care.""  \n2. **Word Choice:** Replace vague terms like ""numerous competitions"" with specifics (e.g., ""competition for funding, staff retention, or accreditation"").  \n3. **Grammar/Flow:** Fix minor errors (e.g., ""180,000 annual deaths due to of asthma"" → ""180,000 annual deaths due to asthma""). Use transitions (e.g., ""Furthermore,"" ""Conversely"") to improve flow.  \n\n**STRUCTURE IMPROVEMENTS:**  \n1. **Thesis Placement:** The central claim (nurses ≠ managers) appears late. State it clearly in the introduction.  \n2. **Paragraph Focus:** Some paragraphs mix ideas (e.g., the second paragraph discusses both mismanagement and nurse/manager roles). Split into two paragraphs: one on mismanagement consequences, another on role differentiation.  \n3. **Conclusion:** The ending is abrupt. Summarize key points and restate the research’s significance (e.g., implications for hospital policy).  \n\n']"
28	0.65	"['  \n**CONTENT IMPROVEMENTS:**  \n1. **Depth of Analysis**: The essay relies heavily on surface-level descriptions (e.g., listing IBM’s products and competitors) without critical analysis. For example, Porter’s theory is mentioned but not applied in depth. Add insights into *how* IBM’s strategies differentiate it from competitors.  \n2. **Originality**: Overuse of citations (e.g., Williams, 76) makes the content feel derivative. Paraphrase and synthesize ideas rather than relying on repetitive references.  \n3. **Focus**: Sections like ""Ethics and Social Responsibility"" and ""Governance"" are underdeveloped. Expand on IBM’s ethical frameworks or governance challenges with specific examples (e.g., data privacy policies).  \n4. **Relevance**: Some details (e.g., the personal internship anecdote) distract from the core topic. Remove tangential content or tie it explicitly to IBM’s management practices.  \n\n**LANGUAGE IMPROVEMENTS:**  \n1. **Clarity**: Avoid convoluted phrasing (e.g., ""This is a critical provision in the realms of technology and business expansion""). Simplify to: ""This is vital for technological and business growth.""  \n2. **Grammar/Usage**: Fix errors like ""United states"" (capitalize ""States""), ""Smartphone’s"" (remove apostrophe), and awkward constructions (e.g., ""This been the fact"" → ""Given this fact"").  \n3. **Repetition**: Phrases like ""Leadership management pattern at IBM has really contributed to its success"" recur excessively. Vary wording or consolidate points.  \n4. **Tone**: Shift from informal (""very good at meeting needs"") to professional (""excels in client satisfaction"").  \n\n**STRUCTURE IMPROVEMENTS:**  \n1. **Flow**: The essay jumps abruptly between topics (e.g., from competitive advantage to auditing). Use subheadings more effectively (e.g., merge ""Production Department"" and ""Quality Department"" under ""Operations"").  \n2. **Transitions**: Add bridging sentences between sections (e.g., ""Having discussed IBM’s governance, the next section explores its operational controls..."").  \n3. **Visuals**: The placeholder for graphs (""Below is IBM price, earnings and dividend graph"") lacks context. Either omit or describe their significance in the text.  \n4. **Conclusion**: The current conclusion is repetitive. Summarize key takeaways (e.g., IBM’s adaptability in global markets) and propose future challenges.  \n']"
29	0.75	"['  \n**CONTENT IMPROVEMENTS:**  \n1. **Depth of Analysis**: While the essay defines multi-literacy and lists its types (linguistic, visual, gestural, spatial, and aural), it does not critically analyze how these literacies interact or their broader implications in education or society. Adding a discussion on challenges or real-world applications would strengthen the argument.  \n2. **Examples**: Some sections (e.g., visual and gestural literacy) include helpful examples, but others (e.g., spatial and aural literacy) are underdeveloped. Expanding these with more concrete scenarios (e.g., how spatial literacy affects classroom dynamics) would improve clarity.  \n3. **References**: The sources are cited but not integrated deeply into the analysis. For instance, the Andrei (2014) reference could be used to support claims about technology’s role in linguistic literacy.  \n\n**LANGUAGE IMPROVEMENTS:**  \n1. **Precision**: Phrases like ""in this way"" are overused and vague. Replace with more specific transitions (e.g., ""Consequently,"" ""For instance"").  \n2. **Word Choice**: Some terms are repetitive (e.g., ""students should"" appears frequently). Vary phrasing (e.g., ""learners must,"" ""pupils need to"").  \n3. **Clarity**: Sentences like ""Messages sent by silence should also be considered"" are awkward. Revise for fluency (e.g., ""Silence can also convey meaning, such as the absence of a bell signaling a class in session"").  \n\n**STRUCTURE IMPROVEMENTS:**  \n1. **Flow**: The essay jumps between types of literacy without smooth transitions. Use topic sentences to guide the reader (e.g., ""Beyond linguistic skills, visual literacy plays an equally critical role"").  \n2. **Conclusion**: The ending is abrupt. Add a concluding paragraph summarizing key points or reflecting on the importance of multi-literacy in modern education.  \n3. **Paragraph Balance**: The section on linguistic literacy is disproportionately long. Either shorten it or expand other sections to match its depth.  \n']"
30	0.85	"['  \n**CONTENT IMPROVEMENTS:**  \n1. **Deeper Analysis**: While the essay effectively identifies themes (love, memory, past/present), it could delve deeper into Bunin’s stylistic choices (e.g., symbolism, narrative perspective) and their impact. For example, explore how the landscapes mirror emotional states or how silence functions in dialogue.  \n2. **Thesis Clarity**: The introduction’s thesis is broad. Narrow it to a specific argument (e.g., ""Bunin’s stories reveal love as an inescapable, haunting force through fragmented memory and subdued emotion"").  \n3. **Evidence Integration**: Some quotes are dropped without sufficient analysis (e.g., the driver’s comment in ""Dark Paths"" about the innkeeper’s wealth). Tie evidence directly to thematic claims (e.g., how class dynamics complicate love).  \n4. **Originality**: Move beyond summarizing plots. Contrast Bunin’s treatment of love with Chekhov’s or Tolstoy’s to highlight his uniqueness.  \n\n**LANGUAGE IMPROVEMENTS:**  \n1. **Conciseness**: Avoid redundancy (e.g., ""unique to many authors we may be exposed to in American literature"" → ""distinct from American literature"").  \n2. **Precision**: Replace vague phrases like ""larger-than-life character"" with specific accolades or influences (e.g., ""Bunin’s Nobel Prize cemented his legacy as..."").  \n3. **Syntax**: Revise awkward constructions (e.g., ""the effect that the past has on the present, and our memories"" → ""how memory reshapes the present"").  \n4. **Tone**: Some informal phrases (""love birds"") clash with academic tone. Use ""former lovers"" or ""reunited pair.""  \n\n**STRUCTURE IMPROVEMENTS:**  \n1. **Paragraph Flow**: The transition between stories feels abrupt. Use a bridging sentence (e.g., ""While ‘Dark Paths’ explores regret, ‘Grammar of Love’ examines obsession"").  \n2. **Conclusion**: Expand beyond summary. Reinforce the thesis by synthesizing how both stories collectively critique love’s illusions.  \n3. **Organization**: Group related ideas (e.g., merge paragraphs on ""past/present"" and ""memory"" for cohesion).  \n4. **Hook/Closure**: The introduction could better hook readers with a provocative question or quote. The ending’s call to ""consider Bunin with regard"" is weak; end with a striking insight (e.g., ""Bunin’s unresolved endings haunt us—like memory itself"").  \n']"
31	0.75	"['  \n**CONTENT IMPROVEMENTS:**  \n1. **Depth of Analysis**: The essay covers key points but remains superficial. For example, discussing the legal implications of hiring could be expanded with case studies or legal precedents.  \n2. **Evidence & Examples**: More concrete examples (e.g., real-world consequences of poor hiring) would strengthen arguments. The comparison of job ads is useful but could tie back to broader recruitment principles.  \n3. **Critical Perspective**: The essay assumes employers are solely responsible for employee behavior; addressing systemic factors (e.g., workplace culture) would add nuance.  \n\n**LANGUAGE IMPROVEMENTS:**  \n1. **Grammar & Clarity**: Fix errors like *""the employer should have know""* (→ *known*) and *""too brief, the company or hospital is not mentioned""* (run-on).  \n2. **Word Choice**: Replace vague phrases (e.g., *""handled with care""* → *""managed through structured support protocols""*).  \n3. **Conciseness**: Tighten repetitive sections (e.g., job ad advice lists redundant points like *""clearly written""* multiple times).  \n\n**STRUCTURE IMPROVEMENTS:**  \n1. **Flow**: The transition from termination to job ads is abrupt. Use subheadings (e.g., *""Termination Protocols""*, *""Job Advertisement Design""*) to guide readers.  \n2. **Paragraph Focus**: Some paragraphs mix ideas (e.g., discipline and termination). Split into dedicated sections.  \n3. **Conclusion**: End with a summary or forward-looking statement (e.g., *""Effective recruitment requires...""*) instead of stopping abruptly after the ad comparison.  \n']"
32	0.85	"['  \n**CONTENT IMPROVEMENTS:**  \n[1. **Depth of Analysis:** The personal opinion section could delve deeper into the implications of the study’s findings, such as how businesses in Muslim economies might apply these insights.  \n2. **Critical Engagement:** While the critique about institutional quality vs. public sentiment is valid, it could be expanded with examples or references to similar studies to strengthen the argument.  \n3. **Clarify Hypotheses:** The summary briefly mentions Khattak’s hypothesis but could explicitly state it earlier for clarity (e.g., ""Khattak hypothesizes that institutional quality mediates the CSR-financial performance link"").]  \n\n**LANGUAGE IMPROVEMENTS:**  \n[1. **Conciseness:** Some phrases are redundant (e.g., ""during recent years"" → ""recently"").  \n2. **Precision:** Replace vague terms like ""certain benefits"" with specifics (e.g., ""tangible financial gains"").  \n3. **Grammar/Flow:** Minor errors like ""the former may positively impact"" could be reworded for smoother reading (e.g., ""sustainability practices may improve"").  \n4. **Word Choice:** ""Pro-environmental behavior"" is awkward here; ""sustainability initiatives"" fits better.]  \n\n**STRUCTURE IMPROVEMENTS:**  \n[1. **Headings Consistency:** The ""Table of Contents"" is unnecessary for a 500-word essay; remove it to streamline.  \n2. **Transition Clarity:** Add a sentence bridging ""Results"" and ""Personal Opinion"" to connect findings to the critique (e.g., ""While the results are compelling, their interpretation warrants scrutiny..."").  \n3. **Paragraph Balance:** The ""Methodology"" section is overly dense; break it into two paragraphs (e.g., separate data sources from analytical methods).  \n4. **Conclusion:** End with a stronger closing thought (e.g., how future research could address the gaps identified).]  \n']"
33	0.75	"['  \n**CONTENT IMPROVEMENTS:**  \n1. **Expand on historical context**: Briefly mention key events (e.g., the rise of unions in the 19th century, major strikes) to ground the discussion in concrete examples.  \n2. **Provide evidence for claims**: Instead of stating ""labor unions are still relevant,"" cite statistics or recent cases (e.g., union-led wage increases, workplace safety reforms) to strengthen the argument.  \n3. **Address counterarguments**: Acknowledge criticisms of unions (e.g., bureaucracy, declining membership) to create a more balanced perspective.  \n4. **Clarify personal stance**: The phrase ""I have a feeling"" weakens credibility. Replace with researched insights or expert opinions.  \n\n**LANGUAGE IMPROVEMENTS:**  \n1. **Avoid vague phrasing**: Replace ""almost similar problems"" with ""shared challenges like low wages and unsafe conditions.""  \n2. **Improve word choice**: ""Remunerations"" is overly formal; ""wages"" or ""pay"" would sound more natural.  \n3. **Correct grammar/usage**: ""Without fear of victimization or whatsoever"" → ""without fear of victimization or retaliation.""  \n4. **Vary sentence structure**: Combine short sentences (e.g., ""This called for a joint solution..."") to improve flow.  \n\n**STRUCTURE IMPROVEMENTS:**  \n1. **Add an introduction/thesis**: Open with a hook (e.g., a striking fact about union history) and clearly state the essay’s purpose.  \n2. **Organize body paragraphs thematically**: Dedicate one paragraph to historical relevance, another to modern examples, and a third to challenges/future outlook.  \n3. **Include transitions**: Use phrases like ""In contrast,"" or ""For instance,"" to connect ideas between paragraphs.  \n4. **Conclude effectively**: Summarize key points and end with a forward-looking statement (e.g., ""Unions must adapt to globalization to remain impactful"").  \n']"
34	0.75	"['  \n**CONTENT IMPROVEMENTS:**  \n- The essay effectively describes each learning center and its benefits, but it could delve deeper into *why* these activities are developmentally appropriate. For example, explaining how block play specifically enhances problem-solving skills would strengthen the argument.  \n- The discussion on barriers (e.g., space constraints) is useful but could be expanded with practical solutions beyond equipment selection, such as scheduling or supervision strategies.  \n- While references are included, integrating more direct quotes or studies to substantiate claims would enhance credibility.  \n\n**LANGUAGE IMPROVEMENTS:**  \n- Some sentences are repetitive (e.g., ""develop gross-motor and fine-motor skills"" appears multiple times). Varying phrasing would improve readability.  \n- The tone is formal but somewhat dry. Adding more vivid language (e.g., ""children *delight* in exploring textures"" instead of ""children learn to understand"") would make the essay more engaging.  \n- Minor grammatical issues, such as ""effective to guarantee"" (better: ""effective in guaranteeing""), could be polished for smoother flow.  \n\n**STRUCTURE IMPROVEMENTS:**  \n- The introduction clearly outlines the centers but could better preview the essay’s structure (e.g., ""This report will examine..."").  \n- Transitions between sections are abrupt. For instance, the shift from describing centers to barriers feels disjointed; a bridging sentence would help.  \n- The conclusion summarizes well but could reinforce the *significance* of these centers (e.g., long-term impacts on learning) rather than just restating their benefits.  \n']"
35	0.75	"['  \n**CONTENT IMPROVEMENTS:**  \n1. **Deeper Analysis Needed** – The discussion on business processes and organizational systems is descriptive but lacks critical evaluation. For instance, while the benefits of the process view are mentioned, there is no exploration of potential drawbacks or counterarguments. Adding a comparative analysis (e.g., traditional vs. systems view) would strengthen the content.  \n2. **More Concrete Examples** – The Copa Airlines section is a good start, but it could be expanded with specific data or case studies to illustrate how the proposed changes would work in practice. For example, how has the Seven Domains Model been successfully applied elsewhere?  \n3. **Clarify Key Terms** – Terms like ""Process Flow Diagram (PFD)"" are introduced without explanation. A brief definition or visual example would help readers unfamiliar with the concept.  \n\n**LANGUAGE IMPROVEMENTS:**  \n1. **Avoid Repetition** – Phrases like ""the best outcomes"" and ""the best practices"" are overused. Replace with more precise terms (e.g., ""optimal efficiency,"" ""industry standards"").  \n2. **Stronger Transitions** – The shift between sections (e.g., ""Organizations as Systems"" to ""The Best Process View"") is abrupt. Use transitional phrases (e.g., ""Building on this concept,..."") to improve flow.  \n3. **Grammar & Clarity** – Some sentences are awkwardly phrased (e.g., ""Such duties might not support the targeted goals""). Revise for conciseness (e.g., ""Unnecessary tasks hinder goal achievement"").  \n\n**STRUCTURE IMPROVEMENTS:**  \n1. **Refine Headings** – The current headings are functional but generic. Consider more action-oriented titles (e.g., ""Advantages of the Process View"" instead of ""The Best Process View"").  \n2. **Improve Visuals** – The essay mentions Fig 1 but does not include it. If a diagram is essential, it should be embedded or described in detail. Alternatively, replace with a table summarizing key processes.  \n3. **Balance Section Length** – The ""Copa Airlines"" section is disproportionately long compared to others. Either expand other sections (e.g., ""Seven Domains Model"") or condense the airline example.  \n4. **Conclusion Missing** – The essay ends abruptly after the Seven Domains Model. Add a brief summary or forward-looking statement to tie the sections together.  \n\n']"
36	0.75	"['  \n**CONTENT IMPROVEMENTS:**  \n1. **Depth of Analysis**: The essay lists key factors (e.g., German overconfidence, Allied industrial superiority) but does not explore them in depth. For example, how exactly did Allied industrial capacity outweigh Germany’s? A deeper discussion of economic and logistical factors would strengthen the argument.  \n2. **Accuracy**: Some claims are oversimplified or inaccurate. For instance, Sweden was not conquered by Germany, and the Treaty of Versailles (1919) did not limit Germany’s WWII-era military—this was the post-WWI disarmament clause. Fact-checking is needed.  \n3. **Balance**: The essay briefly mentions Allied weaknesses but focuses disproportionately on German failures. A more balanced comparison of both sides’ strengths/weaknesses would improve coherence.  \n4. **Originality**: Reliance on a single source (Overy, 1997) limits perspective. Incorporating additional scholarly sources would lend credibility and nuance.  \n\n**LANGUAGE IMPROVEMENTS:**  \n1. **Clarity**: Some sentences are awkwardly phrased (e.g., ""German had conquered nearly half of Europe thus making it easy for them to pursue the other countries in war""). Revise for smoother flow: ""Germany’s conquest of nearly half of Europe gave it a strategic advantage.""  \n2. **Word Choice**: Avoid informal terms like ""ganged up"" or ""favorites""; replace with formal alternatives (""formed alliances,"" ""perceived as the strongest"").  \n3. **Grammar/Proofreading**: Fix errors such as ""German had conquered"" (should be ""Germany had conquered"") and ""panther tanks"" (capitalize as ""Panther tanks"").  \n4. **Repetition**: Phrases like ""upper hand"" and ""brutally"" are overused. Vary vocabulary (e.g., ""advantage,"" ""ruthlessly"").  \n\n**STRUCTURE IMPROVEMENTS:**  \n1. **Thesis Statement**: The introduction lacks a clear thesis. Specify the core argument upfront (e.g., ""Germany lost due to strategic overreach, industrial inferiority, and Allied technological innovation"").  \n2. **Paragraph Organization**: Some paragraphs mix unrelated ideas (e.g., Hitler’s indecision and Panther tanks in one paragraph). Dedicate each paragraph to a single topic (e.g., ""German Leadership Flaws"" or ""Allied Industrial Strength"").  \n3. **Transitions**: Abrupt shifts (e.g., from German weaknesses to Allied strengths) confuse the narrative. Use transitional phrases (""In contrast, the Allies capitalized on..."").  \n4. **Conclusion**: The ending is abrupt. Summarize key points and restate the thesis to reinforce the argument.  \n\n']"
37	0.75	"['  \n**CONTENT IMPROVEMENTS:**  \n1. **Deeper Analysis**: Expand on the connection between the Clark Inventory score (75) and specific workplace issues. For example, explain how the removal of supplies directly correlates with the ""mildly healthy"" rating.  \n2. **Evidence Integration**: Strengthen arguments by citing more studies (e.g., Platt et al., 2019) to support claims about incivility’s impact on patient safety.  \n3. **Solution Specificity**: Propose actionable steps for leadership (e.g., monthly feedback sessions) rather than vague suggestions like ""improve communication.""  \n\n**LANGUAGE IMPROVEMENTS:**  \n1. **Clarity**: Replace convoluted phrases (e.g., ""The out-turn of the Assessment of the work environment indicates adverse change"" → ""The assessment results reflect negative changes"").  \n2. **Formality**: Avoid informal language (""rumor has it"" → ""reportedly"").  \n3. **Grammar/Repetition**: Fix errors like ""functioning at my institution"" → ""working at my institution"" and reduce repetitive use of ""civility.""  \n\n**STRUCTURE IMPROVEMENTS:**  \n1. **Flow**: Reorder sections for logical progression—e.g., move the DESC model example to the ""Strategies"" section.  \n2. **Headings**: Use subheadings (e.g., ""Case Study: DESC Model Application"") to break up dense text.  \n3. **Conclusion**: Summarize key points (e.g., ""To mitigate incivility, organizations must prioritize transparency, education, and accountability"") rather than introducing new ideas (HR policies).  \n']"
38	0.75	"['  \n**CONTENT IMPROVEMENTS:**  \n- The essay introduces drug trafficking and Pablo Escobar effectively but could delve deeper into the broader impacts of drug trafficking (e.g., societal harm, economic effects, or global implications).  \n- More specific examples or statistics about Escobar’s cartel (e.g., scale of operations, financial figures, or long-term consequences) would strengthen the argument.  \n- The conclusion feels abrupt; expanding on current anti-trafficking efforts or lingering challenges would provide a more satisfying close.  \n\n**LANGUAGE IMPROVEMENTS:**  \n- Some phrasing is awkward or repetitive (e.g., ""trafficking may also refer to manufacturing, transportation, and distribution"" could be streamlined to ""trafficking includes manufacturing, transporting, and distributing"").  \n- Avoid passive voice where possible (e.g., ""drugs are exchanged for money"" → ""criminals exchange drugs for money"").  \n- Replace vague terms like ""relatively concerning"" with more precise language (e.g., ""persistently problematic"" or ""a pressing global issue"").  \n\n**STRUCTURE IMPROVEMENTS:**  \n- The transition between discussing drug trafficking generally and Escobar’s role is abrupt. A smoother bridge (e.g., ""One of the most notorious figures in drug trafficking history is Pablo Escobar..."") would improve flow.  \n- Paragraphs could be more balanced; the second paragraph is dense, while the third feels underdeveloped. Consider splitting or expanding ideas.  \n- The Works Cited entry is formatted correctly but should be placed on a separate line for clarity.  \n']"
39	0.65	"['  \n**CONTENT IMPROVEMENTS:**  \n1. **Depth of Analysis**: The essay briefly mentions the Golden Age of Islam but does not explore key developments (e.g., scientific advancements, cultural exchanges, or political structures) in detail. Adding specific examples (e.g., contributions of scholars like Avicenna or Al-Ghazali) would strengthen the argument.  \n2. **Modern Context**: The shift to modern radicalism feels abrupt. A smoother transition linking historical influence to contemporary issues (e.g., colonialism’s impact on Islamic societies) would improve flow.  \n3. **Balance**: The focus on terrorism oversimplifies modern Islam. Acknowledging diversity within Islamic communities (e.g., moderate vs. extremist groups) would provide nuance.  \n4. **Citations**: The sources are relevant but underutilized. Direct quotes or paraphrased evidence from Al-Hasani or Chaney & Church could bolster claims.  \n\n**LANGUAGE IMPROVEMENTS:**  \n1. **Clarity**: Some sentences are awkwardly phrased (e.g., ""A minimal part of the Islamic side lay in hatred of the faith""). Rewrite for precision: ""Only a small fraction of Muslims espouse violent extremism.""  \n2. **Word Choice**: Replace vague terms like ""huge number"" with precise statistics (e.g., ""numerous high-profile attacks, including..."").  \n3. **Grammar/Mechanics**: Fix minor errors (e.g., ""Learning Instituted of Pre-Islam"" should be ""Institutions of Pre-Islamic Learning"").  \n4. **Tone**: Avoid sweeping statements like ""respect for Islam is lost,"" which lack evidence. Instead, specify declining perceptions in certain regions.  \n\n**STRUCTURE IMPROVEMENTS:**  \n1. **Thesis Statement**: Introduce a clear thesis early (e.g., ""This essay examines Islam’s golden age in the 11th-12th centuries and contrasts it with modern challenges of radicalism and discrimination."").  \n2. **Paragraph Unity**: The second paragraph mixes historical spread and government-religion dynamics. Split into two paragraphs for clarity.  \n3. **Transitions**: Use linking phrases (e.g., ""In contrast to its historical influence..."" or ""Despite these advancements..."") to connect ideas.  \n4. **Conclusion**: The ending is abrupt. Summarize key points and suggest avenues for reconciliation (e.g., interfaith dialogue) to leave a stronger impression.  \n']"
40	0.75	"['  \n**CONTENT IMPROVEMENTS:**  \n1. **Deeper Analysis Needed**: While the essay covers key concepts like IPTV and Web TV, it often summarizes rather than critically analyzes their societal and economic impacts. For instance, the discussion on cultural diversity could explore specific case studies or contrasting regional adaptations of these technologies.  \n2. **More Recent Sources**: The cited sources (e.g., Held 2006, Noam 2004) are outdated. Including recent studies (post-2020) would strengthen the relevance of the arguments.  \n3. **Clearer Thesis**: The introduction sets up the topic but doesn’t present a strong central argument. A thesis statement (e.g., ""This essay argues that Web TV and IPTV have democratized media access but exacerbated cultural homogenization"") would guide the analysis.  \n\n**LANGUAGE IMPROVEMENTS:**  \n1. **Grammar and Clarity**: Fix minor errors like ""assess"" (misused for ""access"") and awkward phrasing (e.g., ""the seat that television thrives"" → ""see that television thrives"").  \n2. **Conciseness**: Some sentences are overly wordy (e.g., ""The Internet was not just about context or content, it was about communication"" could be tightened to ""The Internet prioritized communication over mere content"").  \n3. **Formal Tone**: Avoid informal terms like ""fun activities"" or ""what’s hot gossip column""; replace with ""interactive features"" or ""popular culture updates.""  \n\n**STRUCTURE IMPROVEMENTS:**  \n1. **Logical Flow**: The essay jumps between topics (e.g., economics to cultural impact). Group related ideas into dedicated paragraphs (e.g., merge all economic effects into one section).  \n2. **Stronger Transitions**: Use transitional phrases (e.g., ""Conversely,"" ""Furthermore"") to link sections, especially between ""Impact on Societies"" and ""Cultural Diversity.""  \n3. **Conclusion Expansion**: The conclusion is abrupt. Summarize key findings and propose future trends (e.g., the rise of AI in IPTV) to leave a lasting impression.  \n']"
41	0.75	"['  \n**CONTENT IMPROVEMENTS:**  \n1. **Research Background:** The introduction briefly mentions the ISIS crisis but does not provide sufficient context on why Emirati youths\' perspectives are uniquely important. Adding statistics or recent events could strengthen the rationale.  \n2. **Research Objectives:** The second objective (""To make recommendations..."") is vague. Specify what kind of recommendations (e.g., policy, educational, or counter-radicalization strategies).  \n3. **Methodology:** The justification for qualitative methods is sound, but the essay does not address potential cultural sensitivities or biases in interviewing Emirati youths about ISIS. Acknowledging these challenges would add rigor.  \n4. **Generalization of Results:** The claim that 100 respondents represent a ""true picture"" is overstated. Clarify sampling techniques (random, stratified?) and limitations.  \n\n**LANGUAGE IMPROVEMENTS:**  \n1. **Clarity:** Replace convoluted phrases like ""Through sociological imagination, it is easy to understand behavior change"" with simpler language (e.g., ""Sociological analysis can reveal behavioral shifts"").  \n2. **Precision:** Avoid redundant terms (e.g., ""scrutinized in detail"" → ""analyzed""). The phrase ""read from the same page"" is informal; use ""shared understanding"" instead.  \n3. **Grammar/Flow:** Fix minor errors (e.g., ""The Saudi youths will express..."" should be ""Emirati youths""). Use transition words (e.g., ""Furthermore,"" ""However"") to improve coherence between sections.  \n\n**STRUCTURE IMPROVEMENTS:**  \n1. **Headings:** Subdivide the ""Methodology"" section into clearer subsections (e.g., ""Data Collection,"" ""Analysis Plan"") for easier navigation.  \n2. **Logical Flow:** The ""Ethical Considerations"" section appears abruptly. Integrate it earlier, perhaps under ""Methodology,"" to align with standard research proposal formats.  \n3. **Conclusion:** The ending is abrupt. Summarize key points (e.g., expected outcomes, societal implications) and avoid introducing new ideas (e.g., the ""single variable"" suggestion).  \n4. **References:** Ensure all in-text citations match the reference list (e.g., ""Al-Jenabi, 2008"" cites a social media study unrelated to ISIS—clarify relevance).  \n\n']"
42	0.65	"['  \n**CONTENT IMPROVEMENTS:**  \n1. **Depth of Analysis:** The discussion on RCA and failure mode analysis is superficial. Expand on how these processes specifically improve patient outcomes with real-world examples or case studies.  \n2. **Evidence & Support:** References are minimal and not well-integrated. Strengthen arguments with more citations from credible sources, particularly in the ""Change Theory"" and ""Role of Nurses"" sections.  \n3. **Patient Case Clarity:** The ""Sentimental Event"" section is vague. Clarify the timeline, specific medical errors, and how negligence directly caused the patient’s death.  \n4. **Practical Solutions:** Proposals like hiring more nurses or disciplinary actions lack detail. Explain how these measures would be implemented and their expected impact.  \n\n**LANGUAGE IMPROVEMENTS:**  \n1. **Grammar & Syntax:** Fix errors like ""indentify"" (identify), ""life’s"" (lives), and awkward phrasing (e.g., ""sentimental events"" should be ""sentinel events"").  \n2. **Precision:** Replace vague terms (e.g., ""some sedatives"" → specify the drug; ""not effective"" → explain why).  \n3. **Formality:** Avoid informal phrasing (""should not only change their attitudes, but also the actions"").  \n4. **Repetition:** Reduce redundancy (e.g., ""physician or nurses"" appears multiple times without adding new information).  \n\n**STRUCTURE IMPROVEMENTS:**  \n1. **Introduction:** Clearly state the essay’s purpose and thesis. The current intro jumps into RCA without context.  \n2. **Flow:** Improve transitions between sections (e.g., abrupt shift from ""Change Theory"" to ""Failure Mode Analysis"").  \n3. **Headings & Subheadings:** Use consistent formatting (e.g., bold or underline section titles) and break long paragraphs (e.g., the ""Failure Mode Analysis"" steps could be a bulleted list).  \n4. **Conclusion:** Add a summary paragraph to tie together key points and restate the thesis. Currently, the essay ends abruptly after discussing nurses’ roles.  \n']"
43	0.75	['  \n**CONTENT IMPROVEMENTS:**  \n1. **Depth of Analysis**: The essay covers key aspects of Zulu culture (religion, migration, social structure) but often skims the surface. For example, the discussion on Zulu religion could delve deeper into how ancestral worship shapes daily life or how Christianity coexists with traditional beliefs.  \n2. **Originality**: The content relies heavily on general knowledge and cited sources without offering unique insights or critical perspectives. Adding a comparative analysis (e.g., Zulu vs. other African tribes) would enrich the essay.  \n3. **Accuracy**: Some claims need stronger sourcing. For instance, the statement about Zulu migration from the Congo lacks a specific citation. Clarify whether this is a consensus view or debated among historians.  \n\n**LANGUAGE IMPROVEMENTS:**  \n1. **Clarity**: Avoid vague phrasing like “unique factors” (paragraph 2) or “certain aspects” (paragraph 2). Specify what makes Zulu rituals distinct.  \n2. **Grammar/Word Choice**:  \n   - “Parts of the representatives of the people exist today in a modified state” (introduction) is awkward. Reword to: “Some modern Zulu communities have adapted their traditions.”  \n   - “The Zulu people can be characterized as a fast-growing yet extremely powerful state” (paragraph 4) conflates “people” and “state.” Use “kingdom” or “society” for clarity.  \n3. **Flow**: Transitional phrases are weak. For example, “It is worth noting that” (paragraph 4) could be replaced with “Historically, the Zulu kingdom’s power derived from…”  \n\n**STRUCTURE IMPROVEMENTS:**  \n1. **Thesis Statement**: The introduction’s thesis (“It is necessary to analyze the cultural history…”) is too broad. Narrow it to a specific argument, e.g., “This essay argues that the Zulu’s military and religious practices were central to their historical dominance.”  \n2. **Paragraph Unity**: Some paragraphs mix unrelated ideas. Paragraph 2 discusses language, religion, and death rituals—split these into separate sections for focus.  \n3. **Conclusion**: The essay ends abruptly with a historical note. Add a concluding paragraph summarizing key points and reflecting on the Zulu’s modern legacy.  \n4. **Citations**: Integrate in-text citations more smoothly (e.g., “According to Giblin (2019), Zulu rituals include…”).  \n']
44	0.75	"['  \n**CONTENT IMPROVEMENTS:**  \n1. **Thesis Clarity:** The introduction hints at the importance of movies but does not clearly state a central argument. A stronger thesis (e.g., ""Movies serve as both mirrors and shapers of American societal values, reflecting evolving political, economic, and cultural trends"") would anchor the discussion.  \n2. **Depth of Analysis:** The essay lists themes (e.g., social issues, gender roles) but does not critically analyze *how* movies influence or reflect society. For instance, how do specific films like *Sunset Boulevard* or *Public Enemy* illustrate societal shifts?  \n3. **Evidence & Examples:** The references to films and theorists (Barthes, Entwistle) are vague. Integrate specific scenes, quotes, or data to substantiate claims (e.g., box office trends, audience reception).  \n4. **Historical Context:** The timeline of movie evolution (silent era to 21st century) is fragmented. A clearer chronological or thematic progression (e.g., ""Three Waves of Change"") would strengthen coherence.  \n\n**LANGUAGE IMPROVEMENTS:**  \n1. **Clarity & Conciseness:** Avoid convoluted phrasing (e.g., ""Movies outline an indispensable piece of cultural artifacts"" → ""Movies are indispensable cultural artifacts"").  \n2. **Grammar & Syntax:** Fix errors like missing articles (""the movies have faced technical, political and economic changes"" → ""*the* technical, political, and economic changes"").  \n3. **Word Choice:** Replace vague terms (""considerable role,"" ""broad scope"") with precise language (""transformative impact,"" ""expanded narrative range"").  \n4. **Flow:** Use transitions to connect ideas (e.g., ""Furthermore, the post-WWII era introduced..."" instead of abrupt shifts).  \n\n**STRUCTURE IMPROVEMENTS:**  \n1. **Outline Consistency:** The ""Themes"" section is underdeveloped compared to others. Either expand it with subheadings (e.g., ""Gender,"" ""Class Struggle"") or merge it with ""Movies in American Society.""  \n2. **Paragraph Unity:** Some paragraphs mix multiple ideas (e.g., silent films + WWII changes). Focus each paragraph on one main point.  \n3. **Conclusion:** The ending is abrupt. Summarize key insights and reiterate the thesis’s significance (e.g., ""As movies continue to evolve, their dual role as cultural record and catalyst remains vital"").  \n4. **Citations:** The Works Cited lacks proper formatting (missing publishers, incorrect dates) and should include more recent scholarship to balance historical sources.  \n']"
45	0.75	"['  \n**CONTENT IMPROVEMENTS:**  \n1. **Deeper Analysis:** The essay identifies key motivations for earnings management (e.g., stock-based compensation, meeting forecasts) but does not critically evaluate the ethical or long-term implications of these practices. Adding a discussion on consequences (e.g., reputational risk, regulatory scrutiny) would strengthen the argument.  \n2. **Evidence Integration:** While sources are cited, their insights are summarized rather than analyzed. For example, the McVay et al. (2006) study could be unpacked further to explain *why* insider sales correlate with benchmark-meeting behavior.  \n3. **Originality:** The hypothesis and conclusions are somewhat generic. Proposing a unique perspective (e.g., industry-specific trends or counterarguments to common assumptions) would elevate the content.  \n\n**LANGUAGE IMPROVEMENTS:**  \n1. **Clarity:** Some sentences are awkwardly phrased (e.g., ""not exceeding it for more than 1%"" → ""exceeding it by no more than 1%""). Revise for conciseness.  \n2. **Precision:** Replace vague terms like ""right light"" with specific language (e.g., ""favorably to attract investors"").  \n3. **Grammar/Flow:** Fix minor errors (e.g., ""deviated from the forecasts are their \'performance...\'"" → ""deviated from forecasts include \'performance...\'""). Use transitional phrases (e.g., ""Furthermore,"" ""Conversely"") to improve coherence.  \n\n**STRUCTURE IMPROVEMENTS:**  \n1. **Introduction:** The opening could better frame the essay’s significance (e.g., ""Earnings management raises ethical concerns because...""). The current version jumps into details too quickly.  \n2. **Section Balance:** The ""Results"" section is underdeveloped compared to the hypothesis section. Expand on findings (e.g., statistical significance, real-world examples).  \n3. **Conclusion:** Restate the hypothesis and key evidence more succinctly, and end with a forward-looking statement (e.g., ""Future research might explore..."").  \n4. **Formatting:** The ""Works Cited"" should use consistent formatting (e.g., italics for journal titles, proper hanging indents).  \n']"
46	0.85	"['  \n**CONTENT IMPROVEMENTS:**  \n1. **Deeper Analysis Needed** – While the checklist is useful, the essay could explore *why* certain KSAs (e.g., adaptability, feedback exchange) are lacking and how they specifically impact patient care or workflow.  \n2. **More Evidence** – The claims about leadership effectiveness and communication gaps would be stronger with concrete examples (e.g., a scenario where poor communication led to an error).  \n3. **Stronger Conclusion** – The ending is abrupt; a summary of key takeaways or actionable steps for improvement would strengthen it.  \n\n**LANGUAGE IMPROVEMENTS:**  \n1. **Avoid Repetition** – Phrases like ""my team"" and ""team members"" are overused; vary with synonyms (e.g., ""the group,"" ""colleagues"").  \n2. **More Precise Word Choice** – Replace vague terms like ""very effective"" with measurable descriptors (e.g., ""achieves 90% of goals efficiently"").  \n3. **Active Voice** – Passive constructions (e.g., ""can be improved by"") weaken clarity; revise to active voice (e.g., ""training programs can improve this"").  \n\n**STRUCTURE IMPROVEMENTS:**  \n1. **Stronger Topic Sentences** – Some paragraphs lack clear focus (e.g., the adaptability section); begin with a claim (e.g., ""Age diversity creates barriers to adaptability"").  \n2. **Better Flow Between Ideas** – The transition from strengths to weaknesses feels abrupt; use linking phrases (e.g., ""Despite these strengths, gaps remain..."").  \n3. **Subheadings for Clarity** – Dividing sections (e.g., ""Strengths,"" ""Areas for Improvement"") would enhance readability.  \n']"
47	0.75	['  \n**CONTENT IMPROVEMENTS:**  \n1. **Depth of Analysis**: While the essay covers key aspects of Airborne’s international strategy, it could delve deeper into specific challenges faced (e.g., cultural barriers, regulatory hurdles) with concrete examples. For instance, how did Airborne adapt its policies in markets like Japan or Australia?  \n2. **Evidence and Citations**: The references to Hill and Child et al. are useful, but additional sources or data (e.g., revenue figures, market share comparisons) would strengthen the argument. For example, how did the 11% international revenue compare to competitors?  \n3. **Critical Evaluation**: The essay leans heavily on agreement with cited sources. A more balanced critique—e.g., questioning whether Airborne’s reliance on alliances was sustainable long-term—would add nuance.  \n\n**LANGUAGE IMPROVEMENTS:**  \n1. **Clarity and Conciseness**: Some sentences are overly wordy (e.g., “In my opinion, companies such as Airborne Express that do not have extensive resources…”). Simplify for impact: “Airborne’s limited resources necessitated flexible policies.”  \n2. **Repetition**: Phrases like “in my view” and “in my opinion” recur frequently. Reduce redundancy by integrating these perspectives more seamlessly.  \n3. **Precision**: Replace vague terms like “sizeable” (Introduction) with quantifiable language (e.g., “15% market share”).  \n\n**STRUCTURE IMPROVEMENTS:**  \n1. **Transitions**: The shift between sections (e.g., “International Operation” to “Strategies”) is abrupt. Add bridging sentences to connect ideas (e.g., “Having established its international presence, Airborne’s next challenge was optimizing its strategies.”).  \n2. **Paragraph Flow**: Some paragraphs (e.g., on strategic alliances) combine multiple ideas. Split into focused paragraphs—one on Mitsui’s investment, another on variable cost benefits.  \n3. **Conclusion**: The conclusion summarizes well but could emphasize key takeaways more sharply (e.g., “Airborne’s asset-light approach, while innovative, may have limited scalability compared to FedEx’s owned networks.”).  \n']
48	0.75	"['  \n**CONTENT IMPROVEMENTS:**  \n1. **Deeper Analysis:** Expand on how the Lazarus and Folkman theory specifically guided interventions (e.g., cognitive reappraisal, problem-focused vs. emotion-focused coping). Provide concrete examples of strategies used (e.g., family meetings, education sessions).  \n2. **Evidence-Based Support:** Strengthen claims with more recent or specific research (e.g., studies on dementia caregiver stress). The references are outdated (e.g., Hardy, 1998; Altman & Wohlwill, 2001).  \n3. **Patient-Centered Focus:** Include Martin’s perspective or observable changes in his condition due to the family’s improved coping.  \n4. **Outcome Metrics:** Quantify improvements (e.g., ""After 3 months, caregiver stress scores decreased by 30%"").  \n\n**LANGUAGE IMPROVEMENTS:**  \n1. **Clarity & Conciseness:** Avoid redundancy (e.g., ""The family members found it hard to cope with the Martin’s condition"" → ""The family struggled to cope with Martin’s condition"").  \n2. **Formal Tone:** Replace informal phrases (e.g., ""I emerged victorious and proud"" → ""The intervention yielded positive outcomes"").  \n3. **Grammar/Word Choice:** Correct errors (e.g., ""one the best models"" → ""one of the best models""; ""relatives did not cooperate with each other"" → ""relatives lacked collaboration"").  \n4. **Active Voice:** Use more active constructions (e.g., ""I asked Martin’s relatives to list"" → ""Martin’s relatives identified"").  \n\n**STRUCTURE IMPROVEMENTS:**  \n1. **Abstract Revision:** The abstract should summarize key findings, not just introduce the theory. State the intervention’s impact briefly.  \n2. **Headings & Flow:** Use subheadings (e.g., **""Application of Lazarus & Folkman Theory""**, **""Intervention Outcomes""**) to improve readability.  \n3. **Paragraph Cohesion:** Some paragraphs jump between ideas (e.g., the ""workable programme"" section mixes theory and action). Dedicate one paragraph to theory application, another to implementation.  \n4. **Conclusion:** End with a stronger takeaway (e.g., implications for nursing practice or future research).  \n']"
49	0.75	"['  \n**CONTENT IMPROVEMENTS:**  \n1. **Comparative Analysis:** The essay promises a comparative analysis between South Africa and the United States but only superficially touches on similarities (e.g., diversity) and differences (e.g., segregation). Expand this section with concrete examples, data, or case studies to strengthen the comparison.  \n2. **Depth of Analysis:** Some sections, like apartheid and its lingering effects, are well-developed, but others (e.g., religion, literature) are too brief. Provide more nuanced insights, such as how apartheid specifically shaped cultural practices or economic disparities.  \n3. **Updated Information:** The political data (e.g., 2004–2006 elections) is outdated. Use recent sources to reflect current realities (e.g., ANC’s declining dominance, Cyril Ramaphosa’s presidency).  \n4. **Thesis Clarity:** The introduction sets up a broad scope but doesn’t clearly state a thesis or argument. Define a central claim (e.g., ""Despite shared diversity, South Africa’s post-apartheid cultural fragmentation contrasts with the U.S.’s integration trends"").  \n\n**LANGUAGE IMPROVEMENTS:**  \n1. **Grammar/Clarity:** Fix errors like ""counties history"" → ""countries’ history,"" ""analysis will incomplete"" → ""analysis will *be* incomplete,"" and ""no so"" → ""not so.""  \n2. **Word Choice:** Replace vague phrases like ""of utmost importance"" with stronger language (e.g., ""critical"" or ""pivotal""). Avoid redundancy (e.g., ""very acute problem"" → ""acute problem"").  \n3. **Flow:** Some sentences are choppy or overly long. For example, ""It also must be mentioned that South Africa was..."" could be streamlined: ""Notably, South Africa was...""  \n4. **Tone:** The tone shifts between academic and informal (e.g., ""It goes without saying""). Maintain formal consistency.  \n\n**STRUCTURE IMPROVEMENTS:**  \n1. **Organization:** The essay jumps between topics (politics → apartheid → population → religion). Group related ideas (e.g., apartheid’s legacy under ""History/Politics,"" cultural practices under ""Society"").  \n2. **Transitions:** Use transitional phrases to connect sections (e.g., ""Having examined apartheid’s history, we now turn to its cultural impacts"").  \n3. **Introduction/Conclusion:** The introduction is overly broad; narrow it to preview key points. The conclusion summarizes but doesn’t synthesize insights. End with a thought-provoking comparison or future implications.  \n4. **Paragraph Focus:** Some paragraphs mix multiple ideas (e.g., religion and language). Split into dedicated paragraphs for clarity.  \n\n']"
