,essay_id,essay
0,0,"Dolphins Sleeping Pattern Essay

Sleep is a very essential part of animals. Different animal species are associated with a given sleep behavior although there is no exact phylogenetic boundary used to define sleep occurrences. The different forms of sleep have also not been identified. This is due to the fact that different studies based on the sleeping behaviors of animals have established varying sleep topographies. For example, some mammals are associated with a more rapid movement of the eye compared to other mammals that show a slower eye movement (Parmeggiani, 2011).

Through natural selection, dolphins are able to develop unihemispheric sleep. Therefore, dolphins are capable of maintaining high levels of consciousness due to the respiratory requirements of their surrounding (Bentley, 2009). Dolphins can rest for a relatively long period of time due to unihemispheric sleep. In addition, echolocation assists dolphins to monitor their immediate surroundings in the process of securing themselves from predators. For instance, they can easily identify the actual positions of foreign objects by making use of generated echoes. This is the best way through which they protect themselves. However, the ability of dolphins to maintain continuous vigilance is not known. According to Lymin et al. (2006), cetaceans keep on swimming mainly as a way of avoiding obstacles. During this period, they do not close their eyes as well. This is a protective measure that ensures their safety against possible predators. Lymin et al. (2006) note that dolphins’ sleep is associated with a unihemispheric pattern that helps them to keep swimming even when they are asleep. According to Manger, Ridgway and Siegel (2003), the unihemispheric waves are linked to the closure of bottlenose and contralateral eyes of the dolphins and are usually assumed to be sleeping when one of the eyes remains closed. In order to rest, dolphins do not make any movement for a considerably long period of time. They prefer to rest at the bottom or water surface. In many instances, dolphins rest by way of swimming. During this time, they usually execute an exceedingly slow motion while swimming. Lyamin et al. (2006) observe that the immobile state of dolphins either at the bottom or surface of the water is a typical sleeping behavior.

Lyamin et al (2008) assert that dolphin’s respiration control occurs at the thalamocortical level and not in the respiratory centers that are usually found in the pontomedullary junction. This is an indication that dolphins lack self-sustained breathing because their respiratory process is not totally voluntary. According to Gubbins (2002), bottlenose dolphins are not capable of breathing when they are sleeping. This is an indication that dolphins will have to wake up in order for them to breathe. The main reason why dolphins sleep with one eye is due to their security. This behavioral pattern enables dolphins to scan the surrounding environment to ensure that they are safe from predators. Lyamin et al (2008) continue to add that dolphin’s respiration may be triggered by both central and peripheral chemoreceptors and occurs in a totally different manner compared to other mammals. Inoue and Borbely (1985) are unanimous that there are two reasons that can be used to explain the unihemispheric sleep pattern among cetaceans. The first reason is that it enables them to float on the surface in order to breathe. In addition, it helps them to maintain a steady posture in a medium that is believed to be moving continuously.

References

Bentley,E. (2009). Awareness: Biorhythms, Sleep and Dreaming . New York: Routledge.

Gubbins, C. M. (2002). The dolphins of Hilton Head: Their natural history . Columbia, S.C: University of South Carolina Press.

Inoue, S. & Borbely, A. (1985). Endogenous Sleep Substances and Sleep Regulation . London: VSP.

Lyamin, O.I et al (2006).Sleep behavior: Sleep in continuously active dolphins. Nature 441 (2), 9-11.

Lyamin, O.I et al (2008).Cetacean sleep: An unusual form of mammalian sleep. Neuroscience and Behavioural reviews 32 (1), 1452-1484.

Manger, P.L., Ridgway, S.H. & Siegel, J.M (2003). Fast TRACH: The locus coeruleus complex of the bottlenose dolphin ( Tursiops Truncates ) as revealed by tyrosine hydroxylase immunohistochemistry. J. Sleep Res 12 (4), 149-155.

Parmeggiani, P. L. (2011). Systemic homeostasis and poikilostasis in sleep: Is REM sleep a physiological paradox? London: Imperial College Press.
"
1,1,"Networking and Communication: AT&T Essay

Table of Contents
 1. Costs
 2. Alternatives
 3. Conclusion
 4. References

Table 1. AT&T International Prices

AT&T      Japan                  South Africa           Mexico               
Voice     $3/minute              $3/minute              $1/minute            
Roaming   $10/day                $10/day                $10/day              
Text      $0.50/message          $0.50/message          $0.50/message        
Data      $2.05/MB               $2.05/MB               $2.05/MB             
WhatsApp  Free (requires Wi-Fi)  Free (requires Wi-Fi)  Free (requires Wi-Fi)


The given assessment will primarily focus on the cost and availability analysis of three countries, which are Japan, Mexico, and South Africa. The emphasis will be put on AT&T service provider, which is present in the nations of interest and has coverage for the majority of the globe. It should be noted that there is a wide range of alternatives in regards to pricing, such as 10$/day packages and roaming, but the standard fees can be accessed in Table 1 above.

Costs

From the table, it is evident that there are no significant differences between service costs provided by AT&T in regards to Japan and South Africa, but the voice calls per minute are thrice less costly in Mexico. According to AT&T’s international pay-per-use rates, the costs for voice calls are $3/minute for Japan and South Africa, but it is $1/minute for Mexico (“International pay-per-use rates,” 2021). Therefore, if one is traveling within one of these nations mentioned previously, he or she can expect costs ranging from $1-3. In addition, one can decide to select a roaming option for $10 per day, which is a plausible alternative if one is on a short trip with a need for frequent and extensive calls. Text message costs per message are equivalent in all three countries with a fee equal to $0.50, and data usage is measured in KB and MB, where is $2.05 per MB or $0.002 per KB (“International pay-per-use rates,” 2021). Therefore, AT&T services are available at full range in all three nations of interest with price variations, which can be found in regards to voice calls for Mexico against South Africa and Japan, where the latter two have more expensive costs per minute of a voice call.

Alternatives

In the case of alternative options for voice calls, both text and data usage options are the ideal options since AT&T’s international coverage map is indicative of a wide range of coverage for the latter options in comparison with voice calls (“International coverage,” 2021). However, the countries of interest are all well-covered for Mexico with inaccessible remote areas and fully covered in South Africa and Japan. Therefore, the lack of a voice call option is unlikely, but if it happens, one can easily switch to text and data usage. In addition, a traveler can also utilize online messenger applications, such as WhatsApp or Telegram, which can be used for free if there is an availability of Wi-Fi connection in the area. The assessment revealed that there are no country-specific restrictions for WhatsApp use in all three nations, which means that there are no direct costs and barriers for one deciding to use the messenger application over AT&T’s voice calls and text messages.

In the case of Japan, it should be noted that WhatsApp use can be limited due to the local online environment. It is stated that the application is not as well-supported as in other nations due to the overall popularity of local alternatives, which are more popular and prevalent (Pang & Woo, 2020). In other words, there is a possibility that one might have other app alternatives, which can be used in the country. However, WhatsApp is a dominant messenger application in both Mexico and South Africa, which is why its support is well-established and can be used reliably (“International coverage,” 2021). In addition, in Mexico and, to a certain extent, in South Africa, WhatsApp might be the only easily available means of alternative international communications in the countries since no other prominently utilized app is present.

Conclusion

In conclusion, the cost variations are manifested in voice calls for Mexico against Japan and South Africa, where the former country costs only $1 per minute of a call, and the latter two cost $3 per minute. The most direct alternative options provided by AT&T are roaming services, which cost around $10 per day of use, which is useful for short trips, where a person needs to do frequent and extensive calls. Alternatively, one can also use text and data usage options since they cover a slightly wider range of areas in all three countries, with a difference being greatest in Mexico. In the case of online app means of communication, WhatsApp is the most plausible alternative for Mexico and South Africa since these are the most dominant and, in some cases, only messenger service providers in these regions. However, the app is not well-supported in Japan due to the popularity and prominence of other local applications, which means that WhatsApp might not be the only choice for alternative communication. However, the major benefit of using WhatsApp is the fact that it has no direct costs since it is free to use as long as a user has a connection to Wi-Fi.

References

International coverage. (2021). Web.

International pay-per-use rates. (2021). Web.

Pang, N., & Woo, Y. T. (2020). What about WhatsApp? A systematic review of WhatsApp and its role in civic and political engagement. First Monday, 25 (12), 1-6. Web.
"
2,2,"Interactive Tools: Types and Its Benefits Presentation

Introduction

  * Information technology is a key to remaining competitive;
  * Modern interactive tools present various opportunities;
  * Modernization of the consulting process;
  * Clients value innovation and creativity;
  * Presentation will offer four valuable interactive tools.

In this modern day and age, it is important to remain competitive. Information technology and interactive tools are some methods which one can improve the online consulting process. The web-based resources and applications presented in this presentation will give the travel agency an opportunity to showcase its creativity and innovation while also connecting with clients through engaging or informational elements during the consultation. It is important realize the full potential and list of features that the interactive tools can offer in regard to creating presentations, gathering information and client feedback, or simply making a sales pitch.

Playposit

  * Interactive and dynamic video creation software.
  * Used by many corporations in creating instructional videos.
  * Can be effective and creative as a presentation tool.
  * Engages the viewer or client through interaction.
  * Provides data analytics for tracking and accountability.

Playposit is a multimedia platform which allows to create interactive and dynamic videos. Its accessibility, ease of use, and creative capabilities make it a popular tool among various companies and educational institutions. It can be used for educational or presentational purposes. The final product has a value of being engaging for the viewer and the interactive content allows to surprise or challenge individuals, capturing attention. Furthermore, the platform offers a wide variety of data analytics capabilities for tracking views and interaction, contributing to the use of this tool in business.

Features

  * Use and modify pre-existing clips online.
  * Offer a variety of interactions to the audience.
  * Questions of various types to simulate response.
  * Inserting other material or links in the video.
  * A variety of sharing options among other platforms.
  * Easily view results and answers to the questions.

This interactive tool offers a great range of features and capabilities. Its primary focus is on modifying videos to add interactive questions or messages. It has seamless integration with popular video platforms such as YouTube as can be seen in the first image. In the second image, there are various options which the Playposit platform offers. As can be seen, the interactive features differ, allowing various levels of input and interaction from the user. Finally, Playposit offers easy integration and sharing among social and web platforms.

Benefits to Agency

  * Viable presentation tool for new customers.
  * Interactive video which assesses the needs of the client.
  * Providing links to the agency website and other information.
  * Useful tool for social media platforms and sharing.
  * Create presentation about possible destinations based on a theme.
  * Used to receive consumer feedback with existing clients.

Playposit can have a significant benefit to the agency by providing a creative and interactive presentation tool. Consultants can integrate various links, questions, and opinions into the video to gauge consumer interests and attitudes. The videos can be customized based on theme and location. Furthermore, there are a variety of purposes for which the tool can be applied, ranging from showcasing travel options to receiving customer feedback. The tool has significant potential in this industry.

Google Forms

  * A survey administration tool part of Google network.
  * Collection of information from users.
  * Creation of personalized surveys and quizzes.
  * Free web-based tool and mobile application.
  * High level of organization and analytics.

Google Forms is one of the initial Google ecosystem services and is extremely popular in all settings. Therefore, it is a highly developed and customizable survey tool which allows to generate various types of questionnaires. There are a variety of designs and content which can be included for interaction with users while filling out the form. In a way, it can greatly improve and make efficient the process of gathering information. Furthermore, it is widely available on mobile and organized so that both survey creation and participation is a sleek and organized experience.

Features

  * High level of customization, upload existing surveys or photos.
  * Various types of questions and user inputs.
  * Various menu and question generating features.
  * Intelligence response validation which regulates user input.
  * Combination with calendar for event planning.
  * Numerous options for sharing or website integration.

Google Forms is a constantly updated platform which offers a myriad of survey creation and customization features. As seen on the first image, there are various templates available with unique backgrounds and logos. On the second image, it can be seen the significant amount of choices for question types that are available for various types of questionnaires or uses. Furthermore, the deep integration with other Google services allow for using a calendar or excel for event planning and response analysis, to draw statistics.

Benefits to Agency

  * Integration with other Google services used.
  * Allows for multi-collaboration on survey creation.
  * Consumer feedback after the trip.
  * Collecting initial information and demands from new consumers.
  * Generating opinions regarding travel from customers.
  * Conducting events and giveaways through forms.

Google Forms can find many uses at the agency as it is an effective method to collect information and its easy to use as well as accessible. Customers can potentially fill out a form on the agency website as a request for a callback. During a consultation, users can fill out a form with their preferences and information to select the best travel package. Afterward, the client can provide feedback through such surveys. There is a myriad of uses for Google Forms in the context of consultation and the travel agency which can be adapted to improving the business practices.

QR Code Generator

  * Quick response (QR) are barcode matrices.
  * When scanned, relays information to the user.
  * QR Code Generator is a web and mobile-based interactive tool.
  * Allows to create a QR code for various media or links.
  * Users scanning will be readily directed to another URL or receive a file.

QR codes are an underestimated technology which can have multiple uses and a profound impact. The code generator creates a QR code similar to the one in the image on the slide. It can be scanned with any device with a camera and specific application meant to read the code, it then redirects the user to the link or file which the code is meant to represent. It is a very fast and efficient process.

Features and Benefits

  * Capture and share vast amounts of media or information.
  * Accessible in use as it is easy to create and scan QR codes.
  * Integration in social media and web platforms and designs.
  * Can be used to connect to prospective clients and guests.
  * QR codes can be placed on print and digital marketing linking to the agency website.

As displayed in the image, there are a number of media files and links which can be embedded into the code. It is essentially a virtual reality file storage system. There are a number of beneficial features including accessibility, speed, mobility, uniqueness of codes, and high level of integration. QR generator is an interactive tool for both the creator and the end user, allowing this seamless exchange of data in settings where there not be much space, physical or digital, to post the full information. As a travel agency, there are various opportunities for QR codes in marketing and tourism. The availability and ease of placement of QR codes in both physical and digital locations provide great accessibility for tourists.

Prezi

  * Online presentation software with a unique format.
  * Uses vivid animations of motion, zoom, and spatial relationships.
  * Navigate a “mindmap” presentation of various shapes.
  * Strong visual aid in presentations.
  * Improves visual storytelling and creates engagement.
  * Compatible with mobile and web devices.

Prezi is an innovative web-based presentation tool which attempts to use visual storytelling through elements of animation and spatial design. After an experience with Prezi, it is difficult to imagine presentations differently as there is a great deal of engagement and liveliness. The interactive aspect allows to navigate a presentation. As seen in the image of an example template, there is a presentation built around elements of a business cycle. There is an added benefit that Prezi presentations can be both created and viewed on mobile devices.

Benefits and Applications

  * Alternative to traditional slide-based presentations.
  * Business packages with advanced editing and designer templates.
  * Productivity tools and real-time data analytics available.
  * Used to create beautiful presentations for consumers.
  * Integrate presentations on agency website to demonstrate features and options.

There are a number of benefits to the Prezi interactive tool as it is inherently more engaging than traditional presentations. The agency with the help of the business options, design complex and interesting templates which will provide necessary information to customers about the company and its services or offerings. The travel agency can use this tool for both consumer interaction as well as internal business presentations. The platform also includes productivity options such as data analytics and integration with other web-based services.

Closing Thoughts

  * Interactive tools are essential for modern businesses.
  * Makes the agency stand out as innovative.
  * Offer greater freedom of expression and services.
  * Closer connection to customers, allowing to build relationships.
  * Creates an engaging and enriched online consulting experience.
  * Feel free to actively use interactive tools for business purposes.

As seen in this presentation, interactive tools have a wide variety of features and applications in the online environment and working with clients. Use of such tools and platforms is encouraged as it benefits the company, making it unique and technologically innovative. This will keep bringing customers back and greatly enrich the consulting process which will drive business. Therefore, consultants are encouraged to actively use and adopt new interactive tools in practice at the travel agency.
"
3,3,"Electronic Monitorin Report

Electronic monitoring is an intermediate sanction that applies to offenders as an alternative to incarceration. Electronic monitoring can be used as a pretrial or post-trial measure depending on the circumstances. This sanction is used for offenders in all fifty states and can monitor location, blood alcohol level, or breath (Electronic Frontier Foundation, 2019). The sanction is used for mild offenders, such as drunk drivers (Homant, 2013). The sanction usually monitors the location of an offender using GPS and Secure Continuous Remote Alcohol Monitoring (SCRAM) to make sure that the offender stays away from restricted areas and does not take any alcohol (Electronic Frontier Foundation, 2019). The benefits of the sanction are evident, as the offenders have a chance to stay with family members, continue working, and be a part of the community (Electronic Frontier Foundation, 2019). Electronic monitoring helps to avoid the stigma associated with incarceration and helps to control the population of prisons. However, there are some controversial situations where a person may need to enter a restricted area to perform his or her job duties, pick up an elderly relative during bad weather, or take a sick child to the hospital. Moreover, electronic monitoring may impede a convict’s ability to go to job interviews, access employment and education, receive medical treatment, and participate in family or community life (Electronic Frontier Foundation, 2019).

I believe that benefits outweigh the drawbacks as electronic monitoring is associated with fewer expenses to the government and less restriction to the offender in comparison with incarceration. Technology plays the central part in supervising drunk drivers, as electronic monitoring would be impossible without GPS and SCRAM technologies. Even though in this case, technology does lead to better outcomes in comparison with incarceration, technology does not always lead to better community supervision outcomes. In particular, monitoring offenders’ locations requires the close attention of the supervisors. However, supervisors do not always have enough time due to increased workload.

References

Electronic Frontier Foundation. (2019). Electronic monitoring . EFF.

Homant, R. (2013). Intermediate sanctions . The Encyclopedia of Criminology and Criminal Justice , 1-5.
"
4,4,"Gender Identity and Addiction Treatment Research Paper

Being a male or female cannot make a distinction in the incidence of addictive conduct and treatment requirements. Studies affirm that males from the age of twelve years are highly probable of reporting present substance abuse as compared to females. For instance, males are nearly two times as probable of using marihuana as females. Presently, females deemed drug addicts or alcoholics are viewed as pervert and promiscuous (van Wormer & Davis, 2012).

Addiction amid women is greatly stigmatized when judged against amid men and that could be a severe hindrance to obtaining assistance. Females who have drug addiction problems could thus be deemed suffering from a double tragedy since they are females and in addiction for that matter. Many females in addiction articulate a great deal of dishonor and regret due to their incapacity to perform tasks as expected of them by the community.

Addiction treatment should recognize the significance, in addition to the task of the socioeconomic concerns and dissimilarities amid women. Addiction treatment should also acknowledge the ascribed tasks and gender anticipations across cultures, which influence the approach of the community towards women with drug addiction problems. The treatment programs ought to employ an incorporated and multidisciplinary approach to females’ treatment while ensuring a gender receptive treatment situation across settings.

Addiction in females could be attributed to every kind of trauma, such as sexual assault (van Wormer & Davis, 2012). Studies affirm that handling addiction in conjunction with trauma in an incorporated manner could enhance outcomes as compared to offering treatment under some outlined conditions. A long duration of distressing abuse, typical of the majority of women in addiction, results in low self-worth and self-hatred that compels the women into conditions of more abuse.

When judged against males, females have a likelihood of having a shorter gap between frequent use, commencement of addiction, and start of treatment. Regardless of a shorter duration of use, when women get in treatment of the problems, the severity is normally the same as men’s. Females suffer a great extent of the physiological destruction earlier in the addiction, for instance, cirrhosis, heart diseases, and hepatitis (van Wormer & Davis, 2012).

The effects linked to addiction could be intensified in females. For instance, women’s liver seems more susceptible to the effect of alcohol consumption; accordingly, more females in addiction die from such effects as compared to males. In addition, females have weaker general physical well-being, mental fitness, and higher death rate from addiction problems as compared to males.

Attributable to the greater impact of addiction in females when compared to males, many studies and caregivers propose the application of women-only programs in treatment (van Wormer & Davis, 2012). Such programs would greatly facilitate females’ chances for realizing and retaining recuperation from addiction.

Other factors of effective addiction treatment encompass tackling some of the hindrances to successful treatment that many females encounter, adjusting the objectives and practices of the programs to contain the necessity for support, less showdown, skills teaching, and the implementation of empowerment models of transformation.

The women-only programs could employ female personnel to ensure that female addicts feel more at ease sharing their problems and worries (Donovan et al., 2012). Other treatment programs encompass the solution-focused approach, which deals closely with the addict. When clients are doubtful of their desired changes, motivational interviewing methods assist in the exploration of the significance of the problems and creation of a decision regarding their inspiration to change.

References

Donovan, D. M., Bigelow, G. E., Brigham, G. S., Carroll, K. M., Cohen, A. J., Gardin, J. G., & Wells, E. A. (2012). Primary outcome indices in illicit drug dependence treatment research: Systematic approach to selection and measurement of drug use end‐points in clinical trials. Addiction , 107 (4), 694-708.

van Wormer, K., & Davis, D. (2012). Addiction treatment: A strengths perspective (3rd ed.). Boston, MA: Cengage Learning.
"
5,5,"Majority-Minority Relation in Multiethnic Societies Essay

Introduction

In multiethnic and multiracial societies, conflict, discrimination and inequality are

Deeply rooted, and carry serious implications for all members of that given society. The interaction with one another between the ethnic and a group varies according to the social, cultural, and political conditions found in the society. Race refers to a group of people who consider themselves physically distinct in some way, and are considered by themselves or others to be a distinct group. The concept of race has a physical and social component.

A group of people of the same race who interact with one another and who develop some common cultural characteristics are known as a racial group . While on the other hand, an ethnic group is defined as a group of people who are generally recognized by themselves and or others as distinct group, and have a social characteristic that passes from one generation to another Characteristic that would define an ethnic group would include a common language, religion, national origin, dietary practices etc According to the Sociologist, majority is defined as a group which is dominant in a society, while a minority group is defined as any group that is assigned an inferior status.

A minority is a category of people who lack power, privilege, and prestige in social, political or economic spheres. They are unable to achieve their will and lack resources to support their own interests effectively. They have a shared sense of identity and are a people who are singled out for unequal treatment., The majority or minority group status is usually determined by race or ethnicity, physical disability, sex, lifestyle or sexual orientation can also be used to assigned group status. The use of the term minority and majority in sociology does not indicate numbers but rather the majority is the dominant group and the minority is the subordinate group.

The majority minority relationship is affected by the following; racial prejudice, ideological racism or racist ideology. Racial prejudice is the attitudes and beliefs that people have about a group. Ideological racism or racist ideology refers to the belief that certain races are biologically, intellectually, or culturally inferior to others. The main characteristic of ideological racism is that it justifies domination and exploitation of one group above the other. The behavior by groups or individuals that leads to unequal treatment of other individual or a group based on racial, ethnic, religious, or gender is referred to as discrimination.

Theories

These are some of the theories used to describe or to help in understanding of minority majority relation from the two sociologist perspective.

Functionalist theory

It is a school linked with sociologists such as Talcott Parsons, Wilbert Moore, Kingsley Davis, and Emile Durkheim (Farley, 20007:22). Durkkgeims(1964) early paradigm of social stratification likened society to an organism with its need for order and organized solidarity, was important in shaping functional explanations. He attributed inequality to difference in ability and talents, and the notion that one group could use its power to dominate another group was never central in his analysis (Kitano, 1985). The main characteristics of this theory are; Society consists of a number of interdependent parts .

Every element performs some function as societies tend toward stability and equilibrium , and finally consensus and stability are desirable in society . In general, for the functionalists, if a group experiences social problem (e.g. Unemployment), they probably lack the necessary skills that are required in the job market (Farley, 2000).

Conflict theory

Farley (2000:73) contends that conflict theory arise primarily from the work of Marx and was continued in the work of C Weight Mills and Ralf Dahrandorf. The general underlying assumption associated with conflict theory is that society is made up of groups with competing self-interests. Many a time the competing groups have unequal power. People compete for resources that are in scarce supply. This occurs because wealth and power are distributed unequally. Conflict theory consist of the following four points; conflict built into the society ; the unequal distribution of power and wealth makes the society naturally to tend towards conflict this because different social groups have different and conflicting interests.

One group becomes dominant ; the dominant group usually uses its power to control most or all others aspects of the social structure. They control a vast disproportionate share of scarce resources such as wealth and social status. Consensus in artificial ; According to this point of view, when a consensus appear in a society, it is artificial and is unlikely to persist over the long run. Consensus in a society is either based on coercion and/or repression by the dominant group. Forth, conflict in society is desirable; Conflict is considered desirable because it makes possible social changes which may lead to more equitable distribution of wealth and power.

Amalgamation theory

The amalgamation model (melting-pot theory) sees the dominant culture as a conglomeration of all groups in society. Each group actively desires to be a part of the dominant culture and makes an important contribution to the whole in active desire to be a part of the dominant culture.

Assimilation theory

This is the process of being absorbed in the mainstream of the dominate culture. This assimilation model demands that other groups conform to the dominant culture. New comers are to be socialized into the dominant culture that is already present. Thos notion is generally complex since the dominant culture actively desire a minority who is culturally similar (in language and ideology) but there are limits.

Pluralism theory

(Salad bowl theory) In a pluralist society unique groups coexist side by side. The uniqueness of each group is considered as a trait worth having in the dominant group. The consequence of living in such a society is recognition and tolerance of cultural and ethnic diversity. Example: American Indians in Santa Fe selling art work . (Long, 2007).

Ethnic stratification theory

It refers to a system that distribute scarce resources on an unequal basis according to race and ethnicity (2000). The stratification must meet some kind of societal need according to the functionalist argument. Ethnic stratification exists because it serves he interests of the dominant elite. It occurs because of the exploitative nature of the majority group as a whole or because of the exploitative nature of the wealthy elite within the majority group (Farley, 2000). Example Journal Article on the Arab minority in Israel and its relation with the Jewish majority . The article reviewed and analyzed recent developments in research on the Arab/Palestine minority in Israel which is a good illustration of the ethnic stratification. ( Yiftachel, 1992).

Bibliography

Farley, J.E (2002) Majority-Minority Relation.(4 th Ed.) Englewood Cliff, N.J; Prentice Hall.

Kitano, H.L. (1985) Race Relations. (3 rd Edition) Eaglewood Cliff, N.J.: Prentice Hall.

Long, R (2007).Introduction to Sociology: Majority/Minority Relation.

Yiftachel, O. (1992). Studies in Comparative International Development (SCID): Journal, Voume. 27, Number 2. Page 57-83.
"
6,6,"Immigrant Workers in Canadian National Economy Research Paper

Introduction

Immigration is obviously one of the most controversial issues that are currently on the agenda of a range of powerful states. Defined by Blooemraad et al. (2008) as “a privilege accorded by established citizens” (p. 270), immigration, as a rule, triggers a range of negative economic consequences. However, the positive effects of immigration on the state economy are also to be born in mind; thus, an efficient strategy for addressing the problem may be designed.

Problem statement: poverty rates and immigration

Though being a state with an overall excellent economic performance record, Canada seems to have become notorious for its increasing immigration rates.

At this point, the specifics of the Canadian economy must be brought up. Reports say that an impressive amount of the Canadian entrepreneurships thrives on the migrant labor (The global comprehensive report, 2014; Alboim, 2009). Therefore, the significance of the workforce that legal and even illegal immigrants, the latter often being viewed as infiltrators (Immigration in Canada: A smaller welcome mat, 2010), make is not to be underestimated and surely must not be neglected. Instead, a viable strategy for balancing the negative effects of increased immigration rates with the positive outcomes must be created.

Theoretical framework: Heckscher–Ohlin framework

In order to research the problem in question, one will have to adopt the model that will allows for isolating the key factors affecting the economic issues and linking them to the immigration rates. More to the point, the social aspects of the lives of immigrants will have to be incorporated into the research. For these purposes, the Heckscher–Ohlin framework will be used. Proving that the reduction of international price differentials triggers an immediate and a sharp rise in immigration rates for a state (Schmidt & Kulkami, 2014) and linked to the Rybczynski theorem, which defines the connection between immigration and capital investment (Egger et al., 2011), the framework will help identify the significance of cheap labor as one of the major resources that Canada needs to import from other states in order to be able to sustain its economy and allow new products to come into being.

Methodology

Qualitative research as the key to understanding the issue

Seeing that the goal of the given paper is to generate a theory concerning the phenomenon in question, i.e., the immigration rates in Canada and their effect on the state economy, the adoption of a qualitative research approach will be a legitimate step.

Local authorities as respondents: the efficacy of surveys

In the course of the study, the Canadian authorities responsible for the provision of assistance to immigrants, registering the latter and addressing the employment issues that the migrant workers are likely to have, were asked to fill in a survey and submit it via e-mail. The survey responses incorporated the statistical data, personal evaluations and the information retrieved from annual reports. The results were analyzed and categorized in accordance with their significance.

Design of surveys and their distribution

The surveys consist of ten open-ended questions that allow the respondents provide the statistical data related to the immigration issue, ten multiple-choice questions, which will help locate the nature of the phenomenon and the factors that are related to it, and ten Likert scale questions, which will show the scale of the issue. The surveys will be distributed via e-mail to the following organizations: Canadian Immigrant Integration Program (CIIP), Immigrant Access Fund, Manitoba Immigrants’ Safety Initiative, New Brunswick Employment Language Training (NBELT) and Toronto Region Immigrant Employment Council (TRIEC) (Government of Canada, 2014).

Hypothesis: immigration is an essential part of the Canadian economy

Immigration is a part and parcel of the Canadian economy, and it must not cease. Its rates, however, need a reduction, which may be achieved by leveraging the prices for the Canadian products within the global market in accordance with the Heckscher–Ohlin model.

Literature review: what previous studies have to say

Immigration is an integral part of the Canadian economy (Alboim, 2009); it helps improve the state GDP and develop technology (Dustmann et al., 2008). More importantly, it allows for the state with rather rigid economic standards to operate within the unfettered global market realm. The Canadian authorities mark that the unemployment rates do not depend on the immigration flow – or, at least, not to the point where the phenomenon must be banned (The global comprehensive report, 2014). Aa, in their turn, show that the issue still raises major concerns among the local residents due to the fact that a number of immigrants abuse their social security benefits (Banting, 2010).

Hence, the need to control immigration rates emerges, which can be carried out with the help of the Heckscher–Ohlin model (H–O model). Proving that the price leverage within a global market will allow reducing the migration flow (Schmidt & Kulkami, 2014), the theory in question allows for making a conclusion about the need to reduce the prices for Canada’s national product within the global market (Thompson, 2011). The Rybczynski theorem, in its turn, assures that the economic growth pattern adopted by the state allows for complete sustainability (Egger et al., 2011). However, the Rybczynski theorem leaves a major issue out of the picture plane, which is the costs spent on the provision of social benefits to the target population (Egger et al., 2011).

Analysis of the Problem: Immigration as the Key to Sustaining the Canadian Economy

Immigrants as a cheap labor force

First and most obvious, the fact that immigrants are the cheapest labor force that Canadian entrepreneurs may possibly locate deserves to be mentioned. Though most studies never go into a full analysis of the subject matter, instead, only adumbrating the basic effects of immigration in Canada, the bottom line drawn by these researches is clear: Canadian entrepreneurships prosper owing to the existence of immigrants (Alboim, 2009).As a result, the state GDP is growing consistently.

Immigrants and the social benefits

However, the nearly gargantuan positive effect that immigrants have on the economic development of Canada is leveled with the excessive use of social benefits, which immigrants are often accused of. These accusations are not groundless – far from it; the abuse of social benefits is quite common among the Canadian immigrants, reports say (The global comprehensive report, 2014).

Immigrants and diversity issues

The last, but definitely not the least, the cultural issues must be brought up. There is no need to stress that in the environment of global economy it is imperative for a state to have experience of communicating with the representatives of other nations, and immigrants provide Canada with an opportunity to.

Results and Their Interpretation: An Adequate Model for the Enhancement of the Canadian economy with the Help of Immigrants

Social benefits as the major concern

The analysis of the data has shown that it is the abundance of social benefits and the consistent preference that the local entrepreneurships give to the migrant workers as opposed to the local residents with the slightly higher expectations for salaries that keeps the number of immigrants growing.

Unemployment and competition among the local residents

Surprisingly enough, the massive flood of migrant workers does not affect the unemployment rates within the state greatly. Therefore, it would be wrong to blame the increase in the number of immigrants for affecting the state economy in a negative manner. The fact that the unemployment rates in Canada have not been increased by a rapid influx of immigrants is a major justification for encouraging the latter and using it to the benefit of the state.

Immigration as the key to prosperity

Immigration triggers a range of new issues to handle for any state, and Canada is not an exception. Unemployment among the citizens of the state, the need to support immigrants with the help of social security, etc., are just a few to mention. With all that being said, immigration increases diversity rates, therefore, creating the premises for the state to develop economically and, most importantly, for the coexistence of immigrant labor and increasing GDP rates.

The application of the H-O model allowed to realize that the rates of immigration can be brought down by reducing the international price differentials and, therefore, making immigration to Canada non-lucrative for migrant workers. However, granted that the Canadian economy depends heavily on the migrant workforce, bringing the rates of immigration to their minimum seems unreasonable. Instead, the price of the goods produced by Canada and sold in the global market must be leveraged so that the migrant labor should be of greater worth to the state economy. The social security benefits, in their turn, will keep immigrants returning to Canada in order to enjoy relatively positive working conditions.

Conclusion: Immigration. Not a Problem, But a Viable Solution

Despite the common idea of immigration being a major economic block for the state’s further development, as far as Canada is concerned, the increasing rates of immigration can be used for the economic benefit of the country. The idea of using the immigration rates for the benefit of the state, therefore, must be reified as a price leverage model.

Reference List

Alboim, N. (2009). Adjusting the balance: Fixing Canada’s economic immigration policies . Web.

Banting, K. G. (2010). Is there a progressive dilemma in Canada? Immigration, multiculturalism and welfare state. Presidential Address to the Canadian Political Science Association , 797–819.

Blooemraad, I., Korteweg, A. & Yurdakul, G. (2008). Citizenship and immigration: Multiculturalism, assimilation, and challenges to the nation-state. Annual Review of Sociology, 34 (8), 153–179.

Dustmann, C., Frantini, T. & Glitz, A. (2008). The labor market impact on immigration. Centre for Research and Analysis of Migration, 11 , 3–24.

Egger, P. H., Ehrlich, M. v. & Nelson, D. R. (2011). Migration and trade. Trade Policy, 3486 , 1–34.

Government of Canada. (2014). Best practices in settlement services . Web.

Immigration in Canada: A smaller welcome mat. (2010). The Economist . Web.

Schmidt, R. & Kulkami, K. G. (2014). A partial test of the Heckscher–Ohlin–Samuelson model: US-Mexico trade relations and labour in Mexico. Anveshak, 3 (1), 11–44.

The global comprehensive report. (2014). Canada . Web.

Thompson, H. (2011). Estimating the Heckscher–Ohlin model: Inverting the inverse matrix. International Review of Economics and Finance, 20(2), 185–192.
"
7,7,"Risky Business: Students and Smartphones Essay (Critical Writing)

Table of Contents
 1. Problem Statement
 2. Scholarly Contribution
 3. Theoretical Background
 4. Research Design
 5. Concluding Remarks
 6. Work Cited

Problem Statement

The main issue under research is made very clear right on the first page of the article – in the abstract. In this short passage, the authors summarized the problems related to mobile security that occur due to the lack of training among the new workers and the unawareness of their responsibilities and threats to which they expose the company. In the introduction, the research question is presented in an analytical manner because the authors provided substantial evidence to support the problem statement.

Jones and Aiken also explained why the question is relevant to the contemporary companies by stating the risks that result from the impaired security or the employees’ inability to follow the rules designed to protect the data from malicious programs and misuse (73).

Scholarly Contribution

The study builds upon the previous research, and it is made visible in the introduction where the authors referred to the findings of many different studies concerning the issues or mobile security, their prevalence, the threats they create, and due to which causes they appear. The studies quoted by Jones and Aiken in the introduction are recent (3 or 4 years old only) and reliable due to being scholarly and explorative.

The study will make a contribution to the field via investigating a sample of students who are the owners and regular users of smartphones about their attitudes towards the devices and their purposes, as well as their awareness of the security concerns and ways to address or prevent them.

Theoretical Background

In the literature review, Jones and Aiken stated that “Today’s students are tomorrow’s employees — with responsibilities for protecting both personal and enterprise data” (75); this statement indicates that the theory behind the research is that the youth who do not know or care about the security concerns are likely to make very irresponsible employees creating multiple risks to their organizations. This theory guides the research.

The review of the literature, as well as the introduction, provides evidence from the previous research that supports the authors’ theory thus indicating its relevance.

The theory is explained in a comprehensible manner. The reader does not require any specialized education to understand the information. The authors used evidence for better persuasion.

The method used in the study is a survey with a questionnaire. The questions are presented in a table. The variables are justified as the authors provided an explanation of why they are important.

Research Design

The sample involves 347 respondents who are college students and regular users of smartphones. The sample is appropriate and adequate for the researched issue.

The questionnaire assesses sample demographics and their attitudes towards mobile devices and security experiences, so they are relevant and appropriate.

Each variable was separately run through ordinal regression to find the relationships between the numbers. Overall each variable’s significance and coefficient were calculated. The qualitative and quantitative techniques used by the authors were appropriate for the data collected. However, the reliability and validity of the user survey tool were not established, and this is marked as one of the study limitations.

Concluding Remarks

The conclusion is based on the analysis of the data and the research findings that showed that many smartphone users do not adhere to appropriate security practices. The answers to the research questions were not provided in conclusion but presented in the discussion and Ordinal Regression sections.

The conclusion includes the study limitation (unestablished reliability and validity of the survey tool) and recommendations for future research – the investigation of student behavior in terms of mobile security and learning why the students who had an understanding of the security threats were still reluctant to protect their devices.

Work Cited

Jones, Beth H. and Peter Aiken. “Risky business: Students and smartphones.” TechTrends 58.6 (2014): 73-83. Print.
"
8,8,"Modern Medical Institutions Introducing Electronic Medical Records Essay

Abstract

Modern medical institutions are gradually introducing Electronic Medical Records systems in their work to make fulfilling the duties of doctors and nurses more convenient and efficient. However, new programs and applications require improvements and adjustments to the needs of the staff, since their developers can not take into account all the nuances of practice in various fields of medicine. For this reason, the purpose of the study is to evaluate the information system used by the staff of the dental center and the possibility of employing Cerner. For this purpose, the literature on Electronic Health Records and Cerner limits in the dental clinic were reviewed, as well as in surveys of twenty specialists, and an interview was conducted. Respondents gave feedback on the advantages and disadvantages of the Warped program. The results of the study showed that Electronic Health Records are an effective technology for use in the dental sphere. However, Ward has such disadvantages as a complicated interface and a lack of options that slow down the search for information and work with documentation. Nevertheless, some technological improvements and staff training will eliminate these shortcomings and increase work efficiency.

Limitations

The methods of data collection and analysis demonstrated the effectiveness and appropriateness of the research, since its goal was achieved; however, the study has some limitations. First, the sample of respondents is insufficient as it consists of twenty dental specialists, which reduces the accuracy and relevance of the data. Moreover, only one person was interviewed; hence, data on possible changes in the system reflect the opinion of one person. Secondly, gender and age sampling is unequal, since women made up 80% of the respondents, and professionals over 50 and 60 years old were not distinguished into a separate category. This feature prevents understanding of the correlation of acceptance of the Electronic Health Records application according to the age and gender of a dentist. In addition, the survey was conducted in only one clinic, which does not show differences in the use of the system in institutions with different levels of funding and conditions of work. However, all these limitations do not eliminate the relevance and reliability of findings, since they reflect the general opinion of professionals with sufficient experience.

Recommendations

Recommendations for future researches are based on the limitations of the study, as well as promising fields for improving the Electronic Health Records system. A reasonable solution is to conduct the same research with a larger sample of respondents from various clinics and dental centers. This approach allows scientists to take into account the socio-demographic characteristics of medical professionals, as well as the status and working conditions in dental clinics, to confirm the accuracy of the data. Moreover, sampling should have criteria for respondents to represent various socio-demographic aspects in an equal manner. Further research also should be aimed at studying the specific characteristics of tWarped eed program that require improvement to make it convenient auser-friendlydly. Such a study involves a qualitatively qualitatively quantitativeive method for collecting and analyzing data. This kind of research can also help determine the source of problems of insufficieproductionity of the EHR programs, which lies in the flaws of software or unwillingness and inability of staff to accept innovations. These kinds of researches assist in adjusting Electronic Health Records and increase their effectiveness in dental practice.
"
9,9,"Ethical Problem of Genetic Testing and Chromosomal Abnormalities Research Paper

Genetic testing is a process that involves testing someone’s genetic or chromosomal abnormalities. This involves checking for defects and deficiencies in someone’s genes and chromosomes that may lead to physical and or mental impairments. The testing can also be done to diagnose the genetic disorder, detecting future risks of contracting diseases as a result of genetic disorders, how these disorders respond to drugs, and detecting the extent of risks of disorders in the future. Genetic testing is of two basic types. These are diagnostic and predictive tests. The diagnostic test is performed where a patient shows symptoms of a certain disease to determine its cause. In this test generally, the consent of the patient is not required.

This is because the physician must be certain of the disease so that he or she can offer the correct curative measure. Predictive tests on the other hand are those tests done to a person who is found to be at a higher risk of developing a physical or mental disorder or impairment but of which no symptoms are seen. This test has brought a major ethical controversy regarding whether it should be done or not or whether it is good for someone to know or not that he or she has genetic characteristics that can develop into a genetic disorder. For this test to be done a patient consent is of paramount importance (Moore 1996).

Genetic testing as a diagnostic measure has increased in availability and accuracy over time as a result of advancements in technology and willingness by the people to take tests. This has in effect facilitated the advancement of diagnostic and curative medicine which in turn has resulted in almost accurate gene disorder treatment for various genetic impairments. This has increased hope among the people in reducing genetic disorders (Moore 2000).

Genetic testing has raised concern over matters relating to morals and ethical issues as it directly interferes with the role of nature. Christians adamantly condemn genetic testing arguing that it is against Christian teaching and the will of God. They condemn such practices that would interfere with embryo characteristics or anything to do with artificial insemination. Ethically, for predictive genetic testing to be done to anyone, he or she should have the ability to consent. This testing can be very helpful as it provides important information about future risks of genetic abnormalities. However to be tested or not solely lies on the decision of the individual after being carefully and well informed of the implications of such a test, both positive and negative consequences it can cause to him or herself and the family members (Tversky Kahneman 1981).

There is a strong ethical concern about genetic testing of unborn, new-born, children, and people with mental disabilities as they are not able to consent to tests. They are also not involved in decisions made as a result of the outcome of the tests. In these cases, the decision on whether to be tested or not lies with the parents. By doing so it is considered that parents will do so by putting their children’s interests first while making their decisions. However, they may do so with mixed reactions and come up with decisions that affect the child and the family negatively. They may opt to have one of the children tested for a late-onset disorder so that they can decide about the fate of their future children. By doing so the rights of the tested child are violated for the benefit of the other children.

A child found to have a genetic disorder may suffer low self-esteem during their growth and development. Consequently, in a family where one child is found to be having a genetic defect, he or she may be alienated by other siblings as disadvantaged without their knowledge that they are carriers. Parents of such affected children may become overprotective to that child to an extent that the child losses self-esteem and feels out of place while with other children. Consequently, the rest of the children who are unaffected by the disorders and come from a family of carriers may feel guilt that their siblings are suffering probably on their behalf. Testing for late-onset disorders in children should be delayed up to when they are mature enough to make the right and valid decisions (Tversky Kahneman 1981).

Genetic testing in some cases for on-set diseases in adults may provide mixed reactions in members of a family where one member tests positive for a genetic disorder. This is because the results suggest that one of the family members will develop the condition. Ethically, in a situation like this, the result of the tests should be made private and only disclosed to the owner of the test or any other member through the consent of the owner. In some states, the law permits disclosure of some tests to spouses and close family members or caretakers so that they can understand the patient well and give the necessary care commensurate with the illness especially in cases where the effect of the illness can be reduced through proper feeding and good hygiene of the affected person. For cases of the genetic test, there is a need for the law to protect and ban any an authorized revelation except to the patient and other few who are of concern to the patient. This is in effect to protect the patient from abuse of privacy rights and also to protect the interest of those who might be directly involved or concerned genetically by the results from being negatively affected (Malek, Geller, Sugarman 2000).

Genetic testing when being done on a patient’s consent offers him or her a better chance to take extraordinary measures to protect his or her health and enables them to live longer than they would under normal circumstances. Tests should only be taken for those genetic disorders for which treatment can be effectively done. Genetic tests for which sound treatment cannot be done in most cases result in anxiety and depression. In cases where generic disorder test must be carried out, the patient should first seek assistance from a specialized genetic counselor in discussing all positive and negative repercussions of being tested, this, in turn, should help the patient overcome stress and trauma should the results confirm the probability of genetic disorder (McCrary, Swanson, Perkins 1992).

There is an ethical principle that even the dead should be respected. If any test has to be carried out to determine their genetic makeup, the diseases they suffered from, or what caused their death or taking biological samples for further analysis should be done in consultation and consent of immediate family members. Generally, genetic testing is not prohibited by technological backwardness but by problems of lack of privacy, ineffective counseling, and discrimination by the public if a patient tests positive to disorders. Testing programs are sometimes carried out with hidden motives. Some laboratories that do carry out these tests are funded by companies that manufacturers the test kits. This is carried out in a view that cases of testing will increase which will intern increase the demand for their products and hence increase their sales regardless of whether these tests are beneficial to the patient or not (McCrary, Swanson, Perkins 1992).

Despite all these odds concerning unethical issues in genetic testing, there is a need to provide testing more ethically and humanely. This can be accomplished by educating physicians on specific issues of ethics in medical practice and continued ethical medical training for practicing doctors. The physicians should clearly understand the law that stipulates how genetic testing should be handled. This can be done with the help of bioethics who are trained experts in medical law (Williams, Winslade 1995).

Works cited

Williams, Winslade. Educating medical students about law and the legal system. 1995.

McCrary, Swanson, Perkins. Treatment decisions for terminally ill patients 1992.

Tversky Kahneman. The framing of decisions and the psychology of choice 1981.

Malek, Geller, Sugarman. Talking about cases in bioethics 2000.

Moore. Bioethics programs’ future uncertain. 1996.

Silverberg. Survey of medical ethics in U.S. medical schools Journal of the American Osteopathic Association 2000.
"
10,10,"Discrimination and Substance Use Disorders among Latinos’ Article Review Research Paper

This article uses the quantitative approach for relating two research variables. The purpose of the research is to identify how gender, ethnicity, and nativity among Latinos contribute to medical complications associated with substance use. Specifically, the article integrates the multinomial logistic regression approach for explaining drug abuse among Latinos (Verissimo et al., 2014). Researchers have ensured accuracy by adopting numerical functions generated using statistical methods. As a result, the findings obtained can be useful for social workers in the EBP working context when perceived distinctly. For instance, the recommendations can help nursing workers identify suitable social initiatives to reduce substance abuse among Latinos. Cultural sensitivity and moral intelligence among identified participants are important professional attributes for social workers researching minority populations (Cano, 2020). Most importantly, statistical findings enhance practical knowledge regarding social interaction and conflict mitigation in diverse communities.

Moreover, this article is intended to relate discrimination with substance use complications among Latinos. The scope of this research was enormous as identified population come from different ethnicity. Most fundamentally, the quantitative approach integrated into the article was suitable for achieving objectivity and accuracy in the findings. The identified variables are developed using the close-ended framework for generating specific data sets (Verissimo et al., 2014). In this context, the researchers used multinomial logistic regression for examining the association between discrimination and substance abuse complications. This quantitative approach’s role was significant in determining the impacts of specific data sets on increasing drug abuse among Latinos. It is vital to remember that categorizing social attributes such as gender, ethnicity, and nativity was critical for determining the survey questions (Verissimo et al., 2014). Most critically, the quantitative method was instrumental in answering researchers’ questions regarding substance abuse among Latinos.

As highlighted by the researchers, this article was intended to examine the relationship between discrimination and substance abuse complications. It was objective for them to integrate a quantitative framework for generating accurate and factual findings from a large population. The use of digital surveys was objective in developing numerical data intended to identify how the variables inter-relate to answer researchers’ questions (Cano, 2020). Essentially, the researchers could have improved the research method using an integrated or mixed framework. For instance, they would have adopted a qualitative data gathering model to capture vital variables such as emotions, attitudes, and anger among Latinos. Implementing both methods can be critical for developing relevant and reliable conclusions (Verissimo et al., 2014). Latinos represent a significant minority within the U.S., but social initiatives against drug abuse should be customized to suit the cultural needs of individual ethnic groups.

References

Cano, M. (2020). English use/proficiency, ethnic discrimination, and alcohol use disorder in Hispanic immigrants. Social Psychiatry and Psychiatric Epidemiology , 1-10.

Verissimo, A.D.O., Grella, C.E., Amaro, H., & Gee, G.C. (2014). Discrimination and substance use disorders among Latinos: The role of gender, nativity, and ethnicity. American Journal of Public Health, 104 (8), 1421-1428.
"
11,11,"Vaccine Certificates: Negative Impact on the Society Essay

In the essay offered for discussion, Clare Wenham reflects on the hot topic of civil rights discrimination against specific categories of society who do not have green passports from COVID-19. Vaccination has indeed become a sensitive topic of the last year, and the trends in this sense, as Wenham pointed out, are indeed dangerous. The societal threat is that people who have not been vaccinated because they are unavailable, delayed, or generally unwilling are exposed to global discrimination. They cannot re-integrate into society, attend public spaces, and, roughly speaking, be normal. The passage offered for reading is a compelling piece reflecting a sensitive maturing social threat.

It is not challenging to be convinced by Wenham’s arguments since the author has expressed thoughts resonating with many individuals all the time. Wenham uses Pathos as a tool of rhetorical persuasion, provoking the reader to think about the justice of green passports. For example, the author relates the pandemic to the prevalence of HIV and tuberculosis, which are relevant to a large group of people: as a result, this stimulates the reader to emotion through a sense of belonging to the audience for which Wenham is broadcasting. Wenham emphasizes the theme of social injustice through an argument about different levels of medical accessibility and even different recognition of vaccines. Put another way, communities do not have equal access to the vaccine, which means that some categories of citizens will always remain more privileged while others are more vulnerable. This is not hard to agree with, given the objectively perceived differences in the availability of medicine. Although, in reality, most of the vaccines used are equivalent, political lobbying and hidden economic benefits make some of them ineligible for green passports. In addition, Wenham points out that not agreeing to be vaccinated is also a reason for discrimination. It is hard to disagree with this since practice shows that anti-vaccinationists are a vulnerable group. Indeed, some people may consider unvaccinated individuals to be vulnerable, but the author shows that at the heart of this problem is a fundamental choice that is given to everyone.

However, it is fair to admit that not all readers may find Wenham’s view correct. The vaccination problem has made society bipolar, so proponents of green passports may see Wenham’s words as impulsive and exaggerated. This is not surprising since the author speaks of discrimination and the victimization of social groups when there is no particular basis for it — it is up to each individual to choose which cohort to belong to. In fact, one of the reasons for introducing certificates is to want to end the pandemic as soon as possible, and advocating against them may seem like the opposite action. In addition, Wenham is irrelevant in his data since vaccines are gradually becoming available to pregnant women and children, which means that social differentiation will be minimal. However, discrimination will remain relevant against those individuals who voluntarily refuse the vaccine, which cannot be ignored. However, discrimination will also remain against people who could not make this choice for reasons of low health care availability or other clinical reasons.

In conclusion, vaccination is still an essential social threat to equity and perceived justice. The low availability of health services, poverty, contraindications, and reluctance to get vaccinated set the stage for discrimination against such social groups. The introduction of green passports means that individuals without them will not be able to enjoy the same benefits as those who just got vaccinated. Clare Wenham, in his reasoning, described this problem in terms of the long-lasting social consequences for people without vaccination.
"
12,12,"Hazardous Material Waste Management Issues Term Paper

Table of Contents
 1. Introduction
 2. Literature Review
 3. Findings
 4. Conclusion
 5. Summary of Future Research Recommendations
 6. Reference List

Introduction

The increasing urban population has led to an alarming rise in waste production rates. Some of these wastes are hazardous. The federal law and state regulations use the terms hazardous materials to refer to substances that have lethal, combustible, corrosive, and reactive properties that may be considered detrimental or potentially destructive to the environment and human beings. These materials take the form of gasses, solid contents, or even liquids. Sludge is also considered a hazardous waste. Some wastes are eco-friendly. Hazardous materials pose a major threat to both human health and the surroundings. To mitigate this challenge, urban centers, industries, and even individual consumers of mass-produced products need to reduce the amount of waste production and incorporate the appropriate strategies for effective waste management within their waste management facilities.

This concern presents both managerial and social issues that are associated with hazardous material consumption because of returns, recycling, and waste management of products. This paper reviews these issues. It also makes recommendations for future research.

Literature Review

Hazardous waste materials from industrial products are problematic in all places around the globe. However, even through the management of wastes presents challenges in the developed nations, developing nations experience unique challenges due to lack of capacity and poor implementation of regulations on environmental protection coupled with recycling and disposal of the wastes. Massawe, Legleu, Vasut, Brandon, and Shelden (2014) identify five stages of managing hazardous wastes in both developed and developing nations. The phases include, “problem identification and legislation, selection of a lead agency, promulgation of rules and regulations, development of treatment and disposal capacity, and the creation of a mature compliance and enforcement program” (Massawe et al., 2014, p. 27).

Nevertheless, developing nations lag behind in terms of enacting and promulgating established policies for waste management. Hence, social and management challenges for hazardous materials are pronounced in developing nations. This position may be true considering that solid wastes in urban centers may be hazardous if not correctively management and that this situation continues to present challenges in developing nations.

The World Bank (2013) confirms the severity of hazardous solid wastes in urban areas. Ten years ago, urban centers housed about 3 billion people where each person generated approximately 0.65kg of MSW (municipal solid waste) per day. This figure amounts to about 0.7 billion tons of MSW per annum. With the onset of the increased consumption of mass-produced manufactured products, urban populations have increased.

Waste production per individual urban residents has also increased. The World Bank (2013) provides an estimate that the population of urban centers’ residents is about 3 billion where each person produces about 1.3kg of wastes on a daily basis. Projecting these statistics in 10 years to come, the world’s urban population will have grown to about 4.5 billion people. The corresponding increase in waste production will go up to 1.4kg per individual on a daily basis. This projected figure amounts to close to 2.3 billion tons of MSW annually. This finding suggests that the menace of hazardous solid waste will continue to plague global populations of all nations if they do not adopt the best practice in recycling and disposing product-associated wastes.

Waste materials from the mining of oil appear in the form of oil spill that presents a clear picture of the danger posed by product-associated wastes. For example, in the Niger Delta, oil spill during mining, processing, and transportation of oil products poses environmental, health, and social problems to the marine life and even people. In this region, environmental sustainability is impaired to the extent that oil spillage has deteriorated the natural environment. The situation has reduced food production since it has impaired subsistence farming and fishing activities. Although the situation is uncontrollable in some situations, oil spillage leaves irreversible effects on the environment.

For instance, drilling and exploration involve specialized procedures that often lead to catastrophic incidents such as unexpected blowouts of gases and other hydrocarbons that have a negative impact on the environment. Spills at this stage generate unremitting effects on the marine atmosphere due to the prolonged hydrocarbon generation and its long-term health effects. Such consequences have the implication of reducing the capacity of the environment to support human life. The implication is that the natural environment becomes unsustainable.

Global economies depend on energy to drive them. However, the process of developing, extracting, and transporting energy as an input product to the industries gives rise to wastes, which present social and waste management challenges (Mallak, Ishak, Kasim, & Samah, 2015). For example, nuclear wastes that are generated during the production of nuclear energy are highly hazardous to people and the environment. However, despite the problems that are associated with the nuclear energy such as the disposal of radioactive wastes, nuclear energy is a more viable option in comparison with renewable energy.

Nevertheless, some governments, including the British Administration, believe that renewable energy comprises the most dependable mechanism for enhancing environmental sustainability compared to nuclear energy, which generates highly hazardous wastes. Indeed, the government pledged that it would reduce carbon dioxide emissions by 80 percent between 1990 and 2050. In 2009, the British government laid aside some €100 billion to fund the renewable energy sector through 2020 (Ulfik & Nowak, 2014). This position is much welcome considering the Japanese experience in managing the nuclear reactor disaster.

When green wastes pile in a landfill, the absence of air causes a breakdown of the material into methane, CO 2 , mulch, and water with the help of anaerobic organisms. In landfills, CO 2 and methane come out in approximately equal magnitudes (Massawe et al., 2014). Further decomposition of methane to produce water and CO 2 to produce energy for electricity production is necessary. If not well done, its liberation to the atmosphere produces almost 25-times effect via global warming in comparison with CO 2 (Massawe et al., 2014). Therefore, the goal of waste management systems should ensure zero release of methane into the atmosphere as a precautionary measure for reducing the danger of global warming. However, this is not the case in some nations, especially developing ones.

In some situations, green waste is left unattended or allowed to decompose without the necessary attention. Mallak et al. (2015) support this position by reckoning that the majority of less developed nations experience the problem of waste damping and mismanagement. In such nations, economic liberalization exacerbates the problem of waste management by increasing the quantity, types, and source of various hazardous wastes.

Unsecured and wrongly stored hazardous wastes pose human health and environmental social challenges. The challenges are more escalated in case of direct contact of the waste with already contaminated medium. The implication of hazardous wastes on people’s health is experienced through microbiological contaminants by air, soil, or even water (Ulfik & Nowak, 2014). It also occurs through chemical exposure. Hence, hazardous waste management practices pose threats to public health.

Massawe et al. (2014) regard issues such as the high costs that are incurred in waste disposal, inadequacy of disposal facilities, strict regulations and laws, and the decline of natural resources as critical problems that are associated with effective management of domestic hazardous wastes. Some of the important ways of managing hazardous wastes include reprocessing, onsite treatment, and the reclamation of wastes. However, recycling presents challenges to human health considering that it requires waste collection and transportation to a reprocessing facility. In this process, the contact between the waste and people or the environment occurs.

Despite the challenge in social and management of wastes, it is necessary for people to seek mechanisms for reducing the implications of the hazardous wastes. This goal can be accomplished through the engagement of people in the control and management of hazardous wastes. Massawe et al. (2014) studied the recycling efforts of hazardous household wastes by Louisiana residents with the primary objective of determining the motivation for engaging in waste management programs. The interviewed residents noted that local authorities’ commitment to human health protection and conservation of the environment were the key determinants for their active involvement in the program. People who are in close vicinity to wastes and/or who are socially affected by the wastes provide an active support to waste management through recycling and reusing practices.

Findings

Challenges in hazardous waste management increase human health risks. They also introduce social costs such as the contact between waste hazards and people who live in the neighborhoods where such materials are generated. Human exposure occurs during the lifecycle of hazardous substance disposal, transportation process, and management. Nations with poor technological capabilities on hazardous material management suffer higher social risks. However, by improving this capability, such nations can mitigate the risks. For example, by increased recycling of hazardous materials, nations can reduce social risks and/or conserve valuable resources.

Recycling of both product-related wastes and returned products is necessary. It saves money for organisations, which find an opportunity to use product-associated wastes as a source of their input. Additionally, it is necessary to control and improve environmental sustainability in human activities, including mining oil, which increase health risks due to oil product-associated hazardous waste risks. For example, spillage of stored products poses a major risk to the aquatic biodiversity, especially when the contents of storage reservoirs are toxic. Spillage of stored products also poses dangers to the environment when the contents can react to emit harmful gases. Hence, in the mining process, processing, storage, and transportation, exercising environmental governance is an important strategy for enhancing a good match between organisational, governmental, and community interests.

Environmental governance refers to the means by which the public determines and acts on goals and priorities that relate to the management of hazardous wastes that pose social and management challenges. Such acts entail the formal and informal regulations, which help in governing behaviors of people during decision-making processes. Promoting environmental governance through regulation plays an important role in reducing hazardous wastes. This situation can be enhanced through exercising due diligence in the use of wastes, waste collection methods, and their recycling.

Due care should also be exercised when handling potentially dangerous or dangerous products and their contents to avoid generating wastes. This strategy is perhaps an important finding considering that one case of spillage may cause devastative destruction to both flora and fauna. The contents, as opposed to the volume of the spill, pose dangers to the marine life and ecosystem, especially if they are impure and/or have corrosive features. Consequently, in the oil mining industry, regulating the contents of oil tankers is important to help in promoting the capacity of the environment to sustain human life.

Conclusion

Actions such as product processing, distribution, and consumption release wastes. The wastes can be in the form of solids, liquids, or gases. The waste can emanate from product leftovers, returns, or the associated processes such as packaging. Processing wastes may include toxic and non-toxic byproducts. For example, nuclear energy generation facilities produce nuclear waste, which is highly hazardous to both the environment and human life.

Processes such as the mining for oil and its transportation also generate wastes. Although the oil may not be hazardous, oil spills are immensely risky to the aquatic life. Although biodegradable product wastes may not be dangerous soon after consumption of the actual products, landfill becomes hazardous when a breakdown of the wastes into products such as methane and carbon dioxide begins. Returned products may pile within an organization, degrade, and become potential sources of health hazards. With the appreciation of the susceptibility to health and social risks by hazardous wastes that are associated with product recycling, returns, and waste management, it is necessary to adopt best practices in waste treatment and recycling.

Summary of Future Research Recommendations

From the discussions of the paper, it emerges that adequate reasons have been established to support the need for developing product-associated waste management strategies. The wastes cause pollution to the environment. Hence, managerial and social issues that are associated with hazardous material consumption because of returns, recycling, and waste management of product constitute a matter of not only local but also global concern. The problem afflicts all people. It has increased the government expenditure to address its negative implications. Hence, addressing it sufficiently requires the participation of all stakeholders around the globe. This move indicates the necessity for future research on how the stakeholder theory can help to increase or ensure environmental sustainability by reducing the exposure of people to hazardous product-associated wastes.

The paper confirms that when addressing product wastes, social and management challenges vary depending on the status of development for a given nation. To this extent, future research opportunities exist on how developing nations can emulate the developed nations’ technologies and approaches to managing hazardous wastes that are associated with product returns and recycling. The arguments raised in paper were not based on empirical data. More research should be done to find out how communities can participate in managing product-associated wastes. This move can help to provide evidence-based mechanisms for dealing with managerial and social issues that are linked to hazardous material consumption because of returns, recycling, and product waste management.

Reference List

Mallak, S., Ishak, M., Kasim, M., & Samah, M. (2015). Assessing the Effectiveness of Waste Minimization Methods in Solid Waste Reduction at the Source by Manufacturing Firms in Malaysia. Polish Journal of Environmental Studies , 24 (5), 2063-2071. Web.

Massawe, E., Legleu, T., Vasut, L., Brandon, K., & Shelden, G. (2014). Voluntary Approaches to Solid Waste Management in Small Towns: A Case Study of Community Involvement in Household Hazardous Waste Recycling. Journal of Environmental Science, 76 (10), 26-33. Web.

The World Bank. (2013). Global Review of Solid Waste Management . Web.

Ulfik, A., & Nowak, S. (2014). Determinants of Municipal Waste Management in Sustainable Development of Regions in Poland. Polish Journal of Environmental Studies, 23 (3), 1039-1044. Web.
"
13,13,"Relationship with a Potential Vendor Research Paper

Executive summary

This report discusses the elements to be considered when developing a contract with a potential vendor. The aim is to protect the company and ensure that there is fairness in the contract. The report is based on the analysis of available data on outsourcing in the information technology topic.

When developing a contract, the parties should consider analyze the management, structure, vision and goals of the parties, transitional issues, measurement, sustainability, security, termination of contract and quality of services. The impacts on employees and their qualification can be discussed.

Careful consideration of the elements and appropriate policies will lead to the success of the outsourced function. It is recommended that the parties should make an effort to have a win-win situation.

The parties can negotiate to have a common goal and vision which will be used throughout the contract. Good communication skills and an agreement on the measurement of the goals will lead to success.

Introduction

Competition in businesses leads to innovativeness of ideas and change of strategy. Companies have engaged in outsourcing to save on cost and to deliver quality at a subsidized cost. Outsourcing has been effective in improving services and increasing efficiency in some businesses (Vitasek 2011, p. 11).

Malarvannan (2008, p. 1) argues that outsourcing has economic benefits for all since services are given at condensed prices. Consequently, some employees have been displaced. Outsourcing is the process that involves handing over a particular business function to another company.

The two companies involved enter into a contract where the services are offered at a particular cost. The terms of agreement are discussed and signed before outsourcing. In this report, the information technology operations and management will be considered for outsourcing.

The aim of the research report is to ensure that the companies involved get a win-win situation while protecting the business. The company will have headquarters overseers and a local presence.

Issues that emanate from employee displacement, their consequences and possible solutions will be discussed. This report will discuss the elements to be considered when developing a contract with a potential vendor while ensuring that the business is protected.

Elements considered when developing a contract

Business representation

Vitasek (2011, p. 11) notes that the goals of both parties can be shared. This will enable them to collaborate with common interest and form a sustainable relationship.

The outsource buyer and provider can work hand in hand after stating the desirable outcomes. They also state how the companies will team up to achieve the coveted outcomes. Different cultures in different companies can be addressed.

According to Platz and Temponi (2007, p. 1661), the goals should enable the company to effectively compete with others in the external environment and secure revenues. The contract should make note of the expectations and be sensitive to what is happening in the external market.

Management

According to Malarvannan (2008, p. 1), outsourcing buyers should consider management issues when planning to negotiate. The contract that is guided by the cost may end up causing management challenges. After agreeing on the cost, the service provider may engage on activities that will lead to reduced costs and compromise on the quality.

Poor performance and inefficiency may be realized and affect the image of the company. What is more is that the outsource provider will perform to satisfy the outsourcing buyer.

One of the challenges of outsourcing is that the outsourcing buyer may eventually lack opportunities for innovation. The negotiations should emphasize quality, efficiency, innovativeness and adequate costs from both the provider and the buyer.

Ngwenyama and Sullivan (2007, p. 618) state that the management should take note of the geographical distance which may be an implication of outsourcing.

When developing a contract, the outsourcing buyer and provider may consider adopting new communication techniques. The overseers company may be disadvantaged by the distance between them and the local information technology department.

Vitasek (2011, p. 18) argues that communication should be a consideration in the making of the contract. Unlike traditional communication characterized by hierarchy, functional communication is direct and suitable for outsourced business function.

In direct communication, information is widely shared and utilized by the employees. When adopted in the initial stages, managers have the advantage of obtaining information from the employees and making necessary changes.

Structure

A long term relationship is necessary for the success of the contract. The structure should have management controls. The goals should be clear to both the outsourcing buyer and provider. Policies and rules should be known to enable the two parties agree as well as reduce disagreements (Chen 2006, p. 7).

General goals make it possible to make changes during the project without affecting the main objective of the outsourced project (Platz and Temponi 2007, p. 1661).

When developing a contract, the framework should be enabling and provide assistance in management as Vitasek (2011, p. 17) points out. The framework is intended to be used throughout the period the companies will be in contract. It should facilitate employee’s cooperation, good working relations and positive attitude in their work.

The companies developing a contract should recognize that the environment is changing. Policies developed should allow the companies pursue their goals in a dynamic environment. The companies should be accountable and can choose to adopt a culture of continuous improvement.

Declaration and vision

Vitasek (2011, p. 12) states that the vision provides guidance and leads to declaration of intent of service. A shared vision enable outsourcing partners have trust, honor, support and integrity. As a result, the companies enjoy communication, feedback, shared perspective and flexibility.

A common vision facilitates policy making and decision making throughout the contract. The contact becomes effective after both parties have signed the agreement.

Transitional issues

Employees form an important part of an organization. Rivard and Aubert (2008, p. 302) note that the employee’s ability to work may be affected due to transitional related dilemmas. The Information Technology managers and junior employees may be required to become loyal to a different boss.

The outsourcing buyer and the provider should make arrangements for a smooth transition and ensure that the responsibilities are without a doubt known. Vitasek (2011, p. 12) suggests that the buyer of the contract can plan to address the transitional issues before they arise. The employee’s corporation is necessary for the success of the outsourced function.

The companies can agree on the management of work at the initial stages to avoid conflicts, and then schedule how the overall goals will be approached. The management can suggest innovative ideas that will enable them solve daily challenges and experience growth. The management can adopt a culture of regular assessment and make changes where necessary.

Termination of contract

It is crucial to discuss unknown future in case of change that may lead to termination as Vitasek (2011, p. 32) discusses. The contract should address termination notice, plan and transition. This will enable the companies to separate without harming the two companies.

The terms concerning exit should be clear. Termination of the contract may occur due to poor performance. It can also emanate from inability to continue providing the services. There can be several options from which the parties choose from when separating or eliminating the contract.

Platz and Temponi (2007, p. 1661) indicate that data transfer and equipment should be discussed. Depending on the size of information technology outsources business; the period of transitional exit should be discussed.

Measurement

The outsourced buyer should have a measurement plan to assess the success of the outsourced function. They should determine the minimal performance outcomes of the individuals and the entire Information Technology team. Their performance should be better than that of the internal employees of the company.

The measurement should be specific and make note of cost and quality provided. The measurement plan can also follow information technology standards. The outsource buyer should specify the period of time they will allow the outsource provider before evaluating their progress.

Vitasek (2011, p. 12) adds that the measurements of success can be the desired outcomes. The outsource provider can recommend the outcome. The measurements should be attainable and understood by all parties.

Sustainability

When developing a contract, governance mechanisms should be adopted to make the outsourcing sustainable. The structure and reporting mechanisms should be clear and known to all. The decision making process should be enabling and facilitate efficiency. Further instructions can be communicated to the employees (Ngwenyama and Sullivan 2007, p. 618).

Chen (2006, p. 7) suggests that the contract should have monitoring provisions. Monitoring can be done regularly as both parties agree. Auditing reports and reviews are good examples of monitoring. The aim is to ensure that the standards are followed. Recovery plans after failure can be arranged at this stage of developing the contract.

Quality of services

The quality of services should be considered when developing a contract. The end user of a product is the best determinant of the quality of services offered. To get unbiased opinion, the outsource buyer can conduct a research using questionnaires.

The questionnaires would provide information on the level of customer satisfaction. Surveys can also be useful in finding out the quality of service.

Pricing can be discussed when developing a contract. The companies may have to compromise on the price so that they agree. Flexibility, cooperation and creativity are the most effective way of attaining a pricing arrangement (Vitasek 2011, p. 17).

Qualification of employees

The outsourcers may choose to replace experienced and highly paid employees with less qualified and low wage employees. They may choose people with diverse qualifications. Depending on the geographical location, information technology engineers may be rewarded differently.

Those from the developed countries may be given high reward. Those from developing world with same qualification may be paid very little compared to those in the developed world. Outsourcing may involve training of employees to perform the specified function.

Security

The responsibility of the employees changes after outsourcing. Ngwenyama and Sullivan (2007, p. 618) argue that the legal status changes as their employer changes. The employee’s security and other issues are discussed when developing the contract.

The outsourcing buyer and provider may have to consult a human resource or legal person to make appropriate policies.

Every outsourcing project is unique and different approaches are given in legal matters concerning employees. Measures to deal with irregularities and issues such as fraud should be considered when developing the contract.

It is necessary to state mechanisms and procedures in dispute resolution. The statement clearly outlines which conditions are considered arbitration and the course of action, depending on the nature of dispute (Chen 2006, p. 8).

In information technology, a lot of information and knowledge is shared. Confidentiality is essential and both parties are required to respect each other’s rights (Vitasek 2011, p. 17).

Chen (2006, p. 8) notes that intellectual property can be discussed when developing the contract and state the copyright owner. Licensing and rights to modify the products developed is also discussed in the making of the contract.

Employees and labor

When considering adopting a contract to outsource, it may be necessary to consider the insecurity that emanates from outsourcing. The company faces the displacement challenges. The displaced employees have skills and training in a specialized area and may also face a threat in future if they obtain a job and it is outsourced.

The talented and skilled information technologist experts in the headquarters overseer remain underutilized. On the other hand, the employees in the local area in the developing country have an opportunity to work and utilize their knowledge as they gain skills.

Consequently, the effect of globalization is felt as prices of services are lowered, hence economic advantage to many people (Vitasek 2011, p. 12).

When developing the contract, the outsource buyer should consider legislations pertaining outsourcing. Different states approach the issue differently.

Some emphasize that the company should compensate employees affected by outsourcing or trade agreements with other states (Ngwenyama and Sullivan 2007, p. 618).

Outcomes of outsourcing

When developing a contract, one should consider the benefits for each party. The company outsourcing may realize reduce costs from low wages in the developing countries. Outsourcing in information technology enables the company to have specialized information technology services.

The company provides services to the local community at affordable rates. Outsourcing is an effective way of obtaining quality. Rivard and Aubert (2008, p. 304) mention that the contract can make agreements with better services.

Companies can consider tax benefits in developing countries. Some of the countries can reduce or eliminate taxation for some time to allow growth of business in foreign states.

Ngwenyama and Sullivan (2007, p. 618) reveals that information technology companies that outsource may want to utilize the talent, knowledge and skills of employees without an opportunity to deliver. Outsourcing avails services that were missing to potential market.

The employee may have experience needed to bring innovativeness in the company. A contact has a legal binding and employees are required to perform, receive rewards for work done and receive penalties for poor performance. Outsourced information technology experts may take minimal time to solve a problem.

The company utilizes the knowledge and skills that are absent in the company. The company can also outsource if their tasks are beyond their capacity. The employees will therefore be spared from overworking and fatigue. A company can outsource when preparing for major changes in the structure and management in the company.

Conclusion

When developing a contract, the business can be protected. When negotiating, the parties can share and agree to have common goals, vision and objectives for the outsourced function. The management can adopt new communication techniques to coordinate functions in the different geographical areas.

The structure should facilitate the transition and management. Changes in environment can occur. The contract should cover the process of terminating a contract and legal issue. Quality of services and employee’s qualification can be discussed. The contact should have policies to sustain the project and enable decision making.

Information exchange, data storage and copy right ownership terms are discussed in the development of the contract. The outcomes expected include quality services and reduced costs. There should be a mechanism to measure and asses the progress of the contract.

Recommendations

The negotiations should be conducted in such a way that the outsourcing buyer and provider have a win-win situation. Those signing the contract must be aware of the goals and the policies involved. Understanding of the goals minimizes disagreements and facilitates management efforts.

The outsourcing buyer and provider should make plans together and engage in good communication. The concerns that arise should be jointly addressed for a win-win situation (Vitasek 2011, p. 12).

The main emphasis should be laid on the outcome of the outsourcing. The common goals should be the guiding factor. The objectives should be clear and shared. The measurements should be known and quantifiable to both parties.

Reference List

Chen, Y., 2006. An Empirical Analysis of Contract Structures in IT Outsourcing. Web.

Malarvannan, M., 2008. Top five elements to include in a BPO contract . Web.

Ngwenyama, O. K. & Sullivan, W. E., 2007. Outsourcing contracts as instruments of Risk management: Insights from two successful public contracts. Journal of Enterprise Information Management , 20, 6, 615- 640.

Platz, L. A. & Temponi, C., 2007. Defining the most desirable outsourcing contract between customer and vendor. Management Decision , 45, 10, 1656 – 1666.

Rivard, S. & Aubert, B. A., 2008. Information technology outsourcing . M. E Sharpe.Inc. New York.

Vitasek, K., 2011. The 10 elements of a vested outsourcing Agreement . Web.
"
14,14,"Understanding the Hand Anatomy Research Paper

Introduction

The human body comprises different parts that perform distinct and coordinated functions. In conjunction with the brain, the body parts respond accordingly to both internal and external environments. The excellent functionality of the different parts of the body, including the hand, thigh, neck, girdle, pectoral, and legs, are critical for the normal functioning of a human being. The brain is considered the command center of the body. According to Ramadan and Vasilakos (2017), it is equal to the computer’s central processing unit (CPU) because it controls everybody’s duty and action. This paper aims to understand how the human hand and the specific muscles work in partnership with the brain.

Types of Muscles

Interossei Muscles

The interossei have both the palmar and dorsal small muscles. The muscles commence between the bones of the hand, towards the fingers. The muscles allow the bending of the metacarpophalangeal joint, where the finger bones intersect the hand ones. Burin et al. (2017) opine that the dorsal interossei enable people to spread their fingers away from each other while the palmar interossei pull their fingers together. It is regarded as the first muscle to shrink among patients with cubital tunnel syndrome (Urits et al., 2019). The dorsal interosseous pulls the thumb close to the index finger, providing stability when pinching. Therefore, the interossei muscles are part of the muscles which form the human hand.

Hypothenar

The hypothenar muscles are the other muscles which form part of the hand. The flexor digiti minimi, opponens digiti minimi, and equally the abductor digit minimi from the hypothenar muscles (May, 2020). These muscles form a bulk on the small finger. Specifically, the abductor allows the little finger to pull sideways from the ring finger (May, 2020). The opponents enable a person to cup hands, bringing the small and thumb fingers together.

Elbow Muscles

The elbow contains four muscles, including the biceps, brachialis, triceps brachii, and lacertus. According to Gaspar et al. (2018), the biceps help an individual rotate the palm down and up. They equally help the brachioradialis and the brachialis to bend the elbow. The brachialis is another muscle that is deep and large in the arm’s front, lying beneath the biceps muscle, attaching to the ulna’s coronoid process (Van Den Bekerom et al., 2016). The triceps are three-headed in the arm’s back, delivering the critical role of elbow strengthening (Alves et al., 2018). Therefore, a person can throw items and push up a chair due to the strength of the triceps.

Sensory Stimulus Pathways

There are several unconscious processes that an individual goes through to sense an external stimulus. Whether in the presence or absence of light, the human hand skin must feel different external stimuli, including the crawling of bugs on the hand. First, skin on the human hand has multiple anodes that help one develop a feeling that something has touched them. Anodes are at the epidermis and dermis, which are the topmost layers of the skin. Villard et al. (2017) allude that receptors are small in size, collecting accurate information regarding touch. Conduits often sense pain, pressure, friction, temperature, and even stretch.

The idea of feeling a bug crawling on the skin allows an individual to flick it off before biting the skin. According to Yu and Smith (2017), the hairs that project from the follicles in the hand skin sense different environmental changes. It is the root plexus that surrounds the follicle base that senses any interference and disturbance on the skin (Yu & Smith, 2017). As a bug crawls on the skin, it touches the hairs on the hand and sends a signal to the follicles, simultaneously transferring the same signals to the plexus and back to the skin that something is crawling. The hair root plexus sends the received information to the central nervous system (CNS), which incorporates the brain and the backbone. Subsequently, the CNS responds by activating the eyes’ skeletal muscles and removing the bug.

The skin acts as a critical sense organ due to the dermis, epidermis, and hypodermis, containing the nerves’ specialized sensory structures, sensing and detecting touch. These receptors are concentrated on the fingertips, especially the Pacinian corpuscle, which responds to skin vibrations (Yu & Smith, 2017). The Merkel cells in the stratum basale are equally regarded as the touch receptors. Sensory nerves are connected to each hair follicle throughout the hand skin. The motor nerves innervate the glands and arrector pili muscles, which helps humans sense the bug. The initiation point of the tracts starts at the epidermis and its termination is at the peripheral nerves where neurons are located. Chemical synapses occur in the epidermis, releasing neurotransmitters which bind receptors on the postsynaptic cell, making the hand quick to respond to external stimuli.

Adduction Movement

Adduction is one of the multiple hand muscle movements which take place in the fingers. As Assi et al. (2016) assert, adduction is a critical motion that brings all the hand fingers towards the middle finger. In other words, the movement involves the act of closing the finger together, for example, when one wants to slap another or when holding an object tight. Palmar interossei are the prime mover in adduction, helping humans to make a fist, whereas the antagonist for this kind of movement is the dorsal interossei. Extensors of the wrist form part of the synergist muscles that help and coordinate the movement of the fingers, whereby one of them is the extensor carpi radialis longus. For example, when one makes a fist flexed forwards towards their palm and equally makes another while the wrist is extended back, it becomes evident that the fist becomes strong when the wrist is extended back. Thus, it becomes clear that the wrist extensors aid the palmar interossei to close the hand fingers, hence considered to be palmar interossei synergists.

Stroke

In the primary somatosensory cortex and the primary motor cortex, the stroke will not affect the hand region’s anatomy. It will affect the functioning and ability of the hand. The hand becomes feeble in case of a stroke, because of the weakness of the biceps, triceps, and the other muscles. In the scenario of a stroke in the primary somatosensory cortex, the hand’s ability to sense different somatic sensations, including pain, vibration, touch, heat, and pressure, will be impaired. The hand becomes paralyzed, hence unable to sense different internal and external stimuli, for example, an internal cache, which enables a person to seek medical attention. Externally, the hand cannot sense pain or the crawling of a bug on the skin. An individual will realize that an insect is crawling on their hand when they only see it. A person cannot respond to external stimuli including excessive heat. Stroke is a devastating incident that can occur in the human body considering that it makes people susceptible to bodily danger because they cannot sense external stimuli apart from becoming weak to respond.

Conclusion

In conclusion, it is paramount to note that the removal of a crawling bug on the hand involves the sensory input and the motor output to respond. The nervous system has a tremendous impact on the muscular system. The hand has critical muscles including the elbow, hypothenar, and interossei muscles. Moreover, adduction is one of the movements that take place in the hand. It allows a person to bring fingers together to form a fist.

References

Alves, D., Matta, T., & Oliveira, L. (2018). Effect of shoulder position on triceps brachii heads activity in dumbbell elbow extension exercises . The Journal of Sports Medicine and Physical Fitness , 58 ( 9), 1247−1252.

Assi, A., Bakouny, Z., Karam, M., Massaad, A., Skalli, W., & Ghanem, I. (2016). Three-dimensional kinematics of upper limb anatomical movements in asymptomatic adults: Dominant vs. non-dominant . Human Movement Science , 50 ( 1), 10−18.

Burin, D., Garbarini, F., Bruno, V., Fossataro, C., Destefanis, C., Berti, A., & Pia, L. (2017). Movements and body ownership: Evidence from the rubber hand illusion after mechanical limb immobilization . Neuropsychologia , 107 (4), 41−47.

Gaspar, M. P., Adams, J. E., Zohn, R. C., Jacoby, S. M., Culp, R. W., Osterman, A. L., & Kane, P. M. (2018). Late reconstruction of the interosseous membrane with bone-patellar tendon-bone graft for chronic essex-lopresti injuries: Outcomes with a mean follow-up of over 10 years . The Journal of Bone & Joint Surgery , 100 (5), 416−427.

May, C. A. (2020). Long abductor digiti minimi muscle: Variation of the hypothenar muscles and clinical consequences . Clinical Anatomy , 33 (5), 643−645.

Ramadan, R. A., & Vasilakos, A. V. (2017). Brain computer interface: Control signals review . Neurocomputing , 223 (1), 26−44.

Urits, I., Gress, K., Charipova, K., Orhurhu, V., Kaye, A. D., & Viswanath, O. (2019). Recent advances in the understanding and management of carpal tunnel syndrome: A comprehensive review . Current Pain and Headache Reports , 23 ( 10), 70.

Van Den Bekerom, M. P. J., Kodde, I. F., Aster, A., Bleys, R. L. A. W., & Eygendaal, D. (2016). Clinical relevance of distal biceps insertional and footprint anatomy . Knee Surgery, Sports Traumatology, Arthroscopy , 24 ( 7), 2300−2307.

Villard, C., Eriksson, P., Kronqvist, M., Lengquist, M., Jorns, C., Hartman, J., Roy, J., & Hultgren, R. (2017). Differential expression of sex hormone receptors in abdominal aortic aneurysms . Maturitas , 96 ( 1), 39−44.

Yu, C., & Smith, L. B. (2017). Multiple sensory-motor pathways lead to coordinated visual attention . Cognitive Science , 41 (1) , 5−31.
"
15,15,"Post Traumatic Stress Disorder and Its Treatment Term Paper

Abstract

The aim of this paper is to study the Post Traumatic Stress Disorder (PTSD), its causes and treatment. The study relies on findings of empirical research to validate decisions and support arguments. The research has shown that the use of Cognitive Behavior Techniques is the most effective approach to cure PTSD.

Post Traumatic Stress Disorder occurs following exposure to a potentially traumatic life event and is characterized by three major cluster of symptom; re-experiencing, avoidance & numbing, and arousal (AmericanPsychiatricAssociation, 1994).

In this case a person constantly relieves the event through any of the following exposure to a situation that is similar to the event, vivid memories of the event, perceptions, and sometimes through dreams. Research has shown that majority of Americans are exposed to traumatic events at least once in their lives, but only a eventually few develop PTSD (Kessler, Sonnega, Bonet, Hughes, and Nelson, 1995).

Despite this, the prevalence of the disorder is high; at least 1 woman in 9 and 1 man in 20 suffer from PTSD in their lifetime (Kessler et al.; 1995; 2005). The disorder can result in interpersonal difficulties such as sociability, intimacy, anger, violence and substance abuse. There are four key theories in psychotherapy: behavioral theories, cognitive theories, developmental theories and personality theories which this paper will be discussing.

Treatment and Disorders

Behavioral theories

Applied behavior analysis and behavior therapy are based on the work of BF Skinner (1953) and the application of Pavlov’s theory of classical conditioning in treating anxiety by Joseph Wolfe (Wolpe and Plaud, 1997). Wolpe developed a technique for treating extreme fears by exposing patients to the stimuli that provoked it gradually until the response to fear was eliminated or reduced; this is what he referred as systematization.

According to Skinner, the expected positive or negative outcome of behavior, based on past experience will influence an individual’s behavior. Based on Skinner’s theory of behavior technique operant conditioning an individual is inclined to choose a behavior because of an expected positive outcome over the one with negative result expectations.

Behavioral therapy was popular in the 1970’s in treating PTSD; in the 80’s and 90’s behavioral therapists began focusing on the cognitive processes of patients in addition to behavioral therapy. At the time cognitive behavior therapy was used to change unhealthy behavior by replacing negative or self defeating thought patterns with positive one(Thomas, Clen and Arnold, 2010).

The use of other psychological interventions such as medication has been used alongside behavioral techniques and usually depends on the patient and the severity of the problem that is under treatment.

Cognitive theories

Cognitive theory refers to ranges of activities that occurs mentally and which are related. There are several approaches to cognitive behavior therapy.

These include Rational Emotive Behavior Therapy, Rational Living Therapy, Cognitive Therapy and Dialectic Behavior Therapy (Corsini and Wedding 2011). Thus, it teaches an individual that they can control the way they feel and act through positive thought processes.

Compared to other therapies, cognitive behavior therapy is faster due to its highly instructive nature and because of its practical approach. Patients are able to put to practice what they learn at their own time, increasing the effectiveness and speed of the healing process. As such, therapists facilitate the process of healing by giving patients relevant skills to coach themselves on their own.

Cognitive behavior therapy is an interactive and collaborative process in which the therapist teaches, listens and encourages, while the clients roles is to express his problems, challenges, improvements, then learns and follow the therapists guidelines (Corsini and Wedding 2011). It is therefore imperative that the patient and therapist maintain good open relationship for treatment to succeed.

Both behavioral traditions and cognitive traditions borrow heavily from each other’s theory and practice (Dowd, 2002) and the process of therapy for both is normally the same regardless of the specific theoretical background, as they involves finding out the variable that causes a clients problem and then systematically modifying and assessing these variables through treatment.

Cognitive and behavioral practitioners normally use a variety of similar behavioral or cognitive interventions depending on the specific client needs and diagnosis (Thomas, Clen, and Arnold 2010).

Past research findings have proven the efficacy and effectiveness of many cognitive, behavioral and cognitive-behavioral interventions for treating psychological problems such as PTSD.

Developmental Theories

Developmental theories are concerned with human growth, development and learning. Their interest is in finding out what motivates human thoughts and behavior in order to understand individuals and the society better. Developmental psychology also referred as human development studies was originally concerned with growth and development of children but later expanded to study of people during their later stages of life.

The focus of development psychology include investigation of issues such as whether children are born with some form of knowledge or whether they acquire intelligence and knowledge as they grow up.

There are various developmental theories such as Piaget’s theory of human intelligence which explains how human acquire knowledge gradually, construct it and apply it. Sigmund Freud’s theory explains how mental growth proceeds alongside sexual identity growth in adolescents. The theory of psychosocial development which was postulated by Erick Erikson outlines universal stages that a person must undergo.

Humanist theories

Humanist theory asserts that human are inherently created to be good natured; as such it’s focuses on understanding the deviant behavior and mental issues in people. Humanist theory applies a different concept in understanding psychology and has it major emphasis on understanding the human aspect of people.

Most psychologists believe that behavior can only be understood objectively, but the humanists disagree because they think than an individual is incapable of understanding their own behavior. Rogers for instance argues that the meaning of behavior is personal and subjective.

Breggin stated that “the empathic, humanistic psychology model may be the most powerful one of all for healing human distress” (1997). He maintained that “all psychiatric diagnoses… are better understood from a humanistic psychology paradigm than a psychiatric or pathological model” (Breggin, 1997).

Humanist theories have benefitted from the contribution of existential- phenomenological orientation to psychotherapy. Existentialism is a branch of philosophy that began with Kierkegaurd in the early 1800’s; he revolted against the thinking of his time, whose focus was on abstract reasoning and discerning the essence of things.

He developed a philosophy that emphasized on the problems of human existence such as inevitability of death, lack of freedom, alienation, meaningless and anxiety.

The two theoretical paradigms, psychological humanism and existential-phenomenological approaches, are the fundamental pillars of the humanistic movement in psychology (Halling and DearbonNill, 1995). The advantage of Existential psychotherapy is its ability to be integrated to other approaches of psychotherapy (Corsini and Wedding 2011).

Personality theories

These theories believe that in order to understand human qualities such as leadership, motivation and empathy, you must first understand human personality. Personality theories try to explain how and why people behave the way they do.

These theories try to explain how and why people behave the way they do by focusing on their thoughts structure. Carl Jung’s psychological theory on consciousness and unconsciousness is one of the most popular theories.

He defined psyche as a combination of spirit, soul and idea: he viewed psychic reality as the sum of the conscious and unconscious processes and that these processes had a strong influence on the body affecting the instincts, and determining a person’s view of outer reality.

Jung believed that the conscious and the unconscious interacted in a complex way to create images, ideas and thought, which informed action which in turn shaped personality and character. Freud analyzed the role of early childhood experiences in the formation of personality (Davis, 2008; Ellenberger, 1981).

Selection of Therapy

Past research findings support the efficacy of cognitive behavioral therapy and EMDY as the only treatments for Post Traumatic Stress Disorder (Davidson and Parker 2001; Rauch and Cahill 2003). Behavior therapists focus on using techniques such as hypnosis, learning how to relax mentally, systematization and flooding to cure phobias and manage stress (Rauch and Cahill 2003).

Anxiety management has been noted as a key psychotherapeutic treatment for patients of PTSD (Foa et al, 1999; National Institute for Clinical Excellence, 2005). Calming of extreme emotions associated with trauma has been the centre piece of almost all successful trauma treatment (Davidson, Landerman, Farfil and Clary, 2002; Foa, Keane and Friedman, 2000; Friedman, Davidson, Mellman and Southwick, 2000).

In treating PTSD using cognitive behavior technique, a therapist often depends on determining the origin or cause of the disorder and whether it is simple or complex in nature. Simple trauma is a singular event whereas complex is prolonged and repeated experience.

According to research effective treatment for PSTD such as exposure, cognitive behavior technique focus on the symptom that is related to a particular trauma and is usually adequate to address the symptoms of simple PTSD (Bradly, Greene, Rus, Dutra and Westen, 2005; Roth and Fonagy, 2005).

The role of optimism and hope in coping with the challenges of life and in curing stress and trauma has been confirmed by recent studies. Studies such as Fredrickson (2001) and Fredrickson, et al (2003) suggests that positive emotions such as joy normally leads to effective coping by broadening the list of options that a person may have to rely on when resolving their problems.

This leads to less stress and patients should be encouraged to engage in activities that stimulate positive emotions (Biglan and Craker, 1982; Zeiss, Lewinsohn and Munoz, 1979), and to reduce or eliminate totally watching, listening and reading information that produces negative emotions

References

AmericanPsychiatricAssociation. (1994). Diagnostic and Statistical Manual of Mental Disorder 4 th Ed. Washington D.C: Author.

Corsini, R.J., & Wedding, D. (2011). Current Psychotherapies . Belmont, CA: Brooks/Cole.

Dowd, E.T., Clen, S. & Arnold, K.D. (2010). Professional Psychology . Research and Practice, (4)1:89-95.

Hobfill, S. Watson, P. Bell, C. Bryant, R. Brymer, M. Friedman, M. Friedman, M. Gerson, B. Jong, J. & Layne, C. (2007). Psychiatry: Interpersonal & Biological Processes. Winter ; 70(4): 283-315.
"
16,16,"Triangle Solution Firm: Establishing a New Venture Analytical Essay

Executive Summary

Triangle solution is a business consulting firm which has been around for the past 12 years. Currently the business has tailored its services to cater for the needs of corporate clients.

After observing the current market situations and projecting future industry trends, the company concluded that it would be prudent to design services to cater for individual retail clients. Particular, an opportunity to offer training in strategic career planning and financial management to individuals exists (Telfer, 2009). The potential market size is quite large as measured by total sales value.

Total sales value is the amount of money the retail client would be willing to use acquire the services which will be offered by the company (Thompson, 2005). This method was suggested since measuring the total sales volume would be a rather daunting task. Approximately the size is 40 billion; this figure is estimated based on the amount expected to be spend by the employed and self-employed middle and high income earner. This group form the target market (Lennox & Becker, 2008).

The organization also recognizes the importance of having a diverse and multidiscipline workforce. Therefore, it intends to acquire the services of financial experts, career planners, marketers, researches, sales consultants and last but not least financial experts. These professional will be in charge of different roles and responsibilities all dedicated towards serving the client better.

Similarly, the business is expected grow over time and therefore variable cost will automatically increase. However, the KISS approach will be adopted to maintain favourable product scalability (Lennox & Becker, 2008). An intrepreneurial approach that involves setting up a subsidiary to manage the retail tailored service is the most appropriate approach that can ensure the organization achieve its ambitious sales target.

Business Description

Triangle solutions, a Business consulting firm with its headquarters in New York, was established in 1998. Over the last 12 years, the company has established itself to become one of the most respectable and recognized firm specializing in human resource planning and development, strategic management, and financial consulting.

Its stakeholders are very proud of its achievements, particularly in helping its corporate clients formulate and implement their business strategy and as a result achieve tremendous success. Nonetheless, the research and development department feel that the organization should extend its services to target potential retail clients.

Retail Services

The decision to offer retail services was arrived after it was established that most consulting firms only focus on corporate clients. Individuals therefore find it difficult to formulate conclusive strategies that will help them achieve their career and financial aspiration. Being able to formulate a strategy that will enable individual achieve success in the two key areas is as important to them as it is to the corporate clients (Telfer, 2009). Therefore triangle solutions, intends to offer training and development programs in the field.

Market size

Determining the size of the market is usually a daunting task since the necessary data and information needed for this purpose is hardly ever organized (Thompson, 2005). However, this can be estimated using consumer demographic and consumption patterns. In simple terms, the market size is the total sales volume and/or value in the market (Thompson, 2005).

In this particular situation the sale value will be most useful. This is because it is measured in terms of the amount of money spent by individuals to acquire training in the field of career development and financial management. Measuring the sale volume is almost impossible in this case since the services cannot be quantified in terms of units sold.

In order to be more accurate on the market size, the organization will consider only the sales value of their niche market. The organization will target the employed and/or self-employed middle and high-income earner. There was no readily available figures to indicate the amount of money spend by this group on the services. However based on the case studies and competitors analysis, the annual sale value is approximately 45 billion dollar (Lennox & Becker, 2008).

Personnel Requirement

To successfully offer the proposed services, the organization must ensure it dedicates a well able team. The team therefore must fulfil certain requirements. The senior manager in charge of overseeing the progress of retail strategic training and development programs will be expected to have skills, experience and knowledge in public relation and marketing. In the first stages, the company intends to employ 4 career planners.

These specialists are expected to help clients in the evaluation of jobs and careers, resume writing, analysing the industry, counselling and training through seminars and workshops. Therefore, they should have experience, knowledge and skills in training, communication and people’s management.

To maintain an intelligent right sizing and avoid unnecessary costs associated with human resource management, triangle solutions will combine the duties of a financial analyst and planner. As result, 5 financial analysts will be charged with this role. They should have financial and researching skills.

The company will invest in two charter financial analyst to attain competitiveness in filed. Lastly the company will partner with independent sales consultant. The consultants will be chosen based on the experience, skills and proven performance track record. Bonus system, based on the amount of sale successfully executed will be adopted.

Product Scalability

Judging by the business model to be adopted and the capability of the workforce team, it is expected for the business to grow rapidly. Luckily, due diligence have been conducted to ensure the increased in variable cost does not have negative impact on the contribution margin. Variable costs usually increase as a result of increase in expenses (Lennox & Becker, 2008).

In this particular case, the costs are expected due increase in salary and wages as result of employing more staff for expansion purposes. However to maintain a high scalable range, employees will only be added if an increase in demand for the services is experienced. This rule nonetheless excludes the sales consultants because they are paid on commission basis which is purely based on performance. Are Kip It simple Approach (KISS), is also going to be used to resolve any issue reducing the scalability range.

Venture Cost

After conducting a prior analysis, the following costs are expected to be incurred.

Expenses                        Cost (USD)
Salary and wages (first month)  50,000    
Staff training and development  10,000    
Office rental                   10,000    
Utilities                       2,000     
Equipments                      5,000     
Miscellaneous                   5,000     
License and registration        4,500     
Sales and Marketing             6,000     
Total Cost                      92,500    


Profitability

Due to the nature of the proposed business, most of the total cost fall under the category of operational cost. Sales projection is used to estimate the potential profit to be gained from a business idea (Thompson, 2005). The first month the organization expects to get an approximately 1,000 clients who will spend 500$ dollars on the services. Therefore, the total sales will be 500,000$. To get the expected profit, you deduct the estimated cost from this figure. That is 500,000-92,500=407,500$.

Strategy

An Intrapreneurship approach is going to be adopted for this venture. One of the main reasons why this approach might be chosen is to regenerate the entrepreneurship spirit that might have been relatively reduced as a result of over expansion (Gannon & Patson, 2008).

Therefore, the retail services are going to be offered through a subsidiary that is going to be known as Triangle Ret Inc. Although, the subsidiary is still part of the parent company, the strategy shall give the multidisciplinary team the autonomy to practice their creativity and innovation. As earlier describe this team comprises of people from diverse professional background namely; marketing, public relation, finance, career planning, analysis and research.

As indicated by previous research, a diverse workforce has the potential of increasing creativity and innovativeness, a factor that is going to serve the new venture well (Gannon & Patson, 2008).

Some of the employees already working on the parent organization will be presented with the offer of working in the subsidiary. Also, another benefit of adopting this strategy is to mitigate the risk associated with operating in the corporate business consulting industry. The risks mostly result from either competition or legal factors (Gannon & Patson, 2008).

Conclusion

With feasibility study having been conducted, it is expected triangle solution new venture will be profitable. The fact that intrepreneurship approach provides an opportunity for the multi-disciplinary team to be innovative and creative, the new subsidiary, Triangle Ret Inc, will definitely be competitive. The scalability of the product, assures interested parties such as investor that continuity of the business is almost certain.

References

Gannon, M., & Patson, L. (2008). Intrapreneurship-The way to Achieve Competitive Edge .London: Rutledge.

Lennox, K.,& Becker, N. (2008). A Guide to Setting-Up a Business . St Luis: Mosby.

Telfer, G. (2009). Consulting for Sustainability: Re-Branding Consulting Business. The consulting industry report, 4(3), 10-25.

Thompson, L. (2005). Determining the Feasibility of a Business Idea . New Jersey: Prentice Hall.
"
17,17,"The Role of ERP Systems in Managing Global Businesses Research Paper

Table of Contents
 1. Introduction
 2. Discussion
 3. The linkage between Global businesses
 4. Global business units can achieve global visibility
 5. Managing global performance
 6. Conclusion
 7. References

Introduction

ERP systems are computer applications and management systems that integrate various business aspects and are used to manage resources, data, and functions (Buckley & Casson, 2009). In essence, the ERP systems help to bring a seamless and robust system that supports business processes (Bouquet, Morrison & Birkinshaw, 2009).

In supporting business operations, global or multinational firms have invested immensely on ERP systems. However, varied opinions on whether ERP systems capabilities are aligned to helping global businesses needs have been donated. The other conspicuous concern relates to whether ERP systems can help multinational firms to achieve enhanced performance.

Although considerable studies have examined the role of ERP systems in supporting global firms, there is still need to research the effect of these systems on the growth of global firms (Beard & Sumner, 2004). A lot of literature has been delivered to exhibit the impact of alignment of ERP systems to virtual and international businesses.

This paper advances the contribution of the current literature on the role of ERP systems in growth of global businesses. Realizing the requirements to have accurate information, many global firms have decided to align ERP systems with global businesses from which organizational success can be achieved (Beard & Sumner, 2004).

Discussion

There is a growing acceptance of the use of ERP systems across sections of the business world, especially among businesses that seek to globalize. Proponents of ERP systems suggest that with the growing competition, businesses are supposed to develop business systems that will bolster their processes as they exploit new markets. In this paper, I seek to explore the role and the effectiveness of ERP systems in global businesses.

Arguably, ERP systems, just like other applications, may have limitations. Integration complexities and high initial investment costs are some of the outright downsides of ERP systems (Beard & Sumner, 2004). However, studies conducted on companies that have fully or partially implemented ERP systems reveal that such businesses have managed to canvas the market and penetrate external markets more easily than have businesses with traditional approaches.

The linkage between Global businesses

Global businesses are businesses that have multinational operations and transfer goods, services, information, skills, and capital across boundaries. These business formations have unique information needs because of their integrated operations in geographically dispersed business units. The need for virtual organizations to source accurate and timely information to enhance business processes has necessitated the use of ERP systems (Bouquet, Morrison & Birkinshaw, 2009).

Since ERP systems are seamless, they allow information sourcing and operating in different time zones requires global businesses to deploy enterprise systems to manage their operations. Global businesses deal with different global cultures as they move toward profiting from their operations (Bouquet, Morrison & Birkinshaw, 2009).

In the effort to compete on the global platform, businesses conglomerate to form powerful business structures. However, these business units also need information systems as frontiers of global growth. Studies have shown that ERP systems help businesses to manage diversity (Beard & Sumner, 2004). There is the need to establish accurate and timely information requirements that befit operations of global nature.

As observed, the need to outsource consolidated information is an imperative aspect that global businesses are pushed to achieve. This is where the role of ERP systems comes into play.

Clearly, the information required is massive and that traditional business strategies may fail to address challenges of accessing global enterprises (Beard & Sumner, 2004). Enterprise Resource planning systems are management systems that enable businesses to have better international coordination, collaboration as strategies in the ambit of multination a business.

The rising complexity in information needs of global businesses can be managed by the use of ERP systems due to the capacity of ERP systems to offer multi modular support system. Therefore, businesses, especially multinational and virtual organizations should envision robust capabilities suitable to manage virtual businesses. ERP systems have the capacity to offer an opportunity to arrive at tactical, operational and strategic decisions (Beard & Sumner, 2004).

Unlike traditional legacy, organizations deploying the regime of ERP systems are able to gather and utilize accurate information that can support the growth of businesses. Businesses that want to explore outside markets beyond country boundaries can decide to enter such markets through various strategies, including partnerships, alliances and mergers (Bouquet, Morrison & Birkinshaw, 2009). Whether a business decides to take either of the above penetration methods, there is need to execute their techniques via feasible ERP systems.

International organizations can use supply chains and third party businesses to approach businesses. ERP systems, according to supply chain professionals, integrate numerous supply chain units to derive business returns. In addition, businesses, with the help of ERP systems are able to support and enhance end-to-end business processes. These businesses have been found to support and coordinate business activities and track business-to-business (B2B) and business-customer (B2C) activities.

In the current global markets, manufacturers are continuously faced with challenges of dramatic reduction in sales margins alongside rising customer expectations. Being a business that seeks to have a successful supply chain system, it is arguable that global firms have the duty to embrace information visibility. The information needs of global firms are different from firms that invest in local and regional markets (Buckley & Casson, 2009).

ERP systems have been viewed as necessary ingredients in scheduling customer needs and delivering goods and services in following modern business philosophies such as Just-in-time. The ability of these business units separated by a wide geographic divide to collect customer information, analyze and disseminate the information can be achieved though implementing progressive ERP systems (Bartlett & Ghoshal, 2003).

Integrated enterprise resource planning systems have the ability to help multinationals achieve effective and efficient production and delivery of goods and services. International businesses need to deploy systems that offer high visibility. ERP systems offer an incredible opportunity for global firms to have critical insight into globally competitive platform.

ERP systems not only offer opportunities for business taking part in global operations beyond sheer management of operations. Savvy manufacturers and global units recognize the significance of integrated ERP systems in helping them realize their objectives and enable them create scenarios of effective response to the dynamics of global supply chain (Buckley & Casson, 2009). ERP systems deliver seamless platforms that reorient such organizations to reduce their long-term IT costs.

Global business units can achieve global visibility

Achieving global visibility in a demand driven supply chain market is what many global firms are focused on. In an age of tight competition and cost management, it is essential that manufactures optimize their resources as they continue to offer their unique goods and services (Bartlett & Ghoshal, 2003). Businesses need to identify and make use of their inventory and information capacities to derive profits and remain relevant in the market.

As businesses engage other partners through supply chain systems and third party logistics, ERP systems are strategic business systems that provide solutions to problems of information sharing between global business, suppliers and customers. Understanding where resources are located, businesses have deployed several technologies to streamline their business operations (Bartlett & Ghoshal, 2003).

However, research shows that these technology platforms can rely on the right ERP systems to meet the expectations of organizations and their customers. With integrated information systems, ERP systems also support relationships and alliances (Bergeron, Raymond & Rivard, 2004). The capacity to collect and share large volumes of information between different business units via ERP systems has been cited as a core business factor of success.

The findings of the research conducted on the impact of ERP systems have supported previous studies that conceptualization and alignment of ERP systems capacities creates a ground for improved business performance. The findings of the study establish that each global firm has unique information needs and that ERP platforms have the capacity to support B2B relationships and the flow of information (Buckley & Casson, 2009).

Managing global performance

Many firms have argued that ERP systems have provided actionable information to employees and partners of global business across the world to make viable decisions (Aberdeen, 2007). Through integrating data and providing global visibility, ERP systems can provide quick route toward reduced costs, advanced speed and transparency that aims to improve customer satisfaction. The bottom line is that modern ERP systems have evolved into operating platforms that continue to scale global competition (Bergeron, Raymond & Rivard, 2004).

ERP systems have become popular business trends among global business organizations that seek to achieve efficacious operations in an era of global business. According to Bergeron, Raymond & Rivard (2004), 15 trillion US dollars worth of trade from goods and $3.7 trillion from services are exchanged across borders every day. Analysts suggest that these figures are bound to increase as many businesses continue to appreciate the need for seamless exchange (Aberdeen, 2007).

The number of firms are getting into global business are definitely on the increase to take advantage of the opportunities available from global markets. Many reasons have been used to explain why businesses are rushing to employ ERP systems. Increased global demand for goods and services, reduced trade barriers and the need to form multinational alliances are some of the reasons firms are seeking to invest in global business.

ERP helps to reduce the costs incurred by an organization in running global activities (Bouquet, Morrison & Birkinshaw, 2009). Gone are the days when firms or businesses had to hire many professionals in order to perform technical works such as accounting and network administration. ERP system helps to synchronize all global units and departmental functions with the help of software alone (Bartlett & Ghoshal, 2003).

Conclusion

A growing body of knowledge confirms that the growing competition demands businesses to develop business systems that will bolster their processes as they exploit new markets.

In the effort to compete on the global platform, businesses conglomerate to form powerful business structures. However, these business units also need information systems as frontiers of global growth. Studies have shown that ERP systems help businesses to manage diversity.

Through integrating data and providing global visibility, ERP systems can provide quick route toward reduced costs, advanced speed and transparency that aims to improve customer satisfaction.

Additionally, businesses with the help of ERP systems are able to support and enhance end-to-end business processes. These businesses have been found to support and coordinate business activities and track business-to-business (B2B) and business-customer activities. ERP systems deliver seamless platforms that reorient such organizations to reduce their long-term IT costs.

References

Aberdeen. (2007). The role of ERP in globalization . Boston, Massachusetts: Aberdeen Group.

Bartlett, C. A. & Ghoshal, S. (2003). What is a global manager? Harvard Business Review , 81(8): 101-108.

Beard, J. W., & Sumner, M. (2004). Seeking strategic advantage in the post-net era: viewing ERP systems from the resource-based perspective. The Journal of Strategic Information Systems , 13(2): 129-150.

Bergeron, F., Raymond, L. & Rivard, S. (2004). Ideal patterns of strategic alignment and business performance. Information & Management , 41(8): 1003-1020.

Bouquet, C., Morrison, A. & Birkinshaw, J. (2009). International attention and multinational enterprise performance. Journal of International Business Studies , 40(1): 108-131.

Buckley, P. & Casson, M. (2009). The internalisation theory of the multinational enterprise: A review of the progress of a research agenda after 30 years. Journal of International Business Studies , 40(9): 1563-1580.
"
18,18,"Jobsintown.de Company: Campaign Reflection Evaluation Essay

What is the campaign about?

This campaign is a sensitizing platform that provides the necessary information regarding the prevailing job market conditions. The campaign, dubbed “Life’s too short for the wrong job,” is a creation of the Jobsintown.de Company which runs an online recruitment website. The primary target for this campaign is that potential job seekers, particularly those living in urban areas and are in the job search.

Alternatively, some may be already employed but in fields that do not match their skills, knowledge, or potentials. The campaign targets all customers irrespective of income or education level.

The company has identified a gap in the job market which it wants to fill by playing the agency role involving the linkage of job seekers, their customers, to the relevant employers. This has enabled the company to meet the ever-rising demand for this kind of service.

What are the campaign’s objectives?

Like other promotional activities, this campaign ad is aimed at making the agency service available to the public. Although the Jobsintown.de Company is keen in making claims from this particular advert, it is indirectly inviting public critiques and confrontations. This is likely to occur when the services rendered do not live up to the anticipated benefits.

According to the class notes, any company that believes in putting its reputation on the line will always try harder than its competitors to fulfill its promises and maintain the reputation that it has already established with its clientele. The other objective of the company is to provide a wide range of services making the consumer to determine the ones that are in line with their needs.

The company wants to offer different services across people from different social class and occupation. For instance, the photography that shows a person who is probably seeking the laundry services from a dry cleaner while the other one is doing the hand washing depicts a reflection of the society where people are in different social classes.

There are those who are in need of certain services that are unaffordable to others hence the need to segment the market.

What is the campaign’s strategy? How would you describe it?

The company’s marketers have established that the best way to advertise and sell services is to ensure that there is satisfaction of genuine needs. In regards to this, the company has decided to use reflection advertising to reach its target audience. This choice not only makes the intended message special, but also unique.

As described in the class notes, the use of realistic images tends to be more appealing to people especially when the practicality of the claims forms the basis of the customer’s decision. The company has managed to keep its message and purpose simple. This is critical in the process of ensuring that effective motivation prevails.

The strategy adopted by the company will enable it achieve its goal of transforming the audience’s state of ignorance into a state of satisfaction. For that reason, the overall outcome will be good. Looking at the pictures given, it is evident that the company has strategized on how to show the problem to its customers and the corresponding action to be taken.

The campaign packages itself as the opportune moment to effect a change in their job search routine. The company has done an extensive market research and, for that reason, the campaign will gain much acceptance and support from the public.

Do you consider the campaign to be effective or ineffective? Why?

It would be very subjective to claim that the campaign is ineffective. However, some may find the ad to be offensive depending on the types of occupations highlighted. On the contrary, sometimes, the campaign ad offends in order to gain attention. Some of the pictures used in the ad are somehow disturbing in the sense that some certain fundamental issues such as hygiene are overlooked.

In respect to this, this campaign ad is some sort of distraction marketing where the products are not as offensive as they made be deemed to be from their advertisements. In as much as the campaign may seem to be offensive to some extent, it is not deceptive.

It would quite obvious that the consumers would turn against a service that exhibits deceptive advertising. For that matter the Jobsintown.de Company has played it safe in their campaign presentations.

Who is this campaign for? How does it relate (or not) to you?

The primary target for this campaign is those people who are already employed but in irrelevant fields. This campaign aims at realigning the skills, knowledge, and potentials with the relevant jobs. Additionally, the campaign is targeting a market segment that comprises of job seekers who have not yet found the kind of jobs that match their diverse skills.

Although this campaign targets a particular market segment, it has the spillover social benefits such as supporting the freedom of media, stimulating the development of new services, and providing a channel to disseminate information regarding social issues.

The statement “Life’s too short for the wrong job” is not only precautionary, but also educational especially to students who are yet to meet their career choices. The message derived from this campaign slogan is direct and straightforward.
"
19,19,"Solar Energy Project: Stakeholder and Governance Analysis Coursework

Table of Contents
 1. Executive summary
 2. Introduction
 3. Stakeholder and governance analysis
 4. Conclusion

Executive summary

The countries that we are discussing have a common problem and also the solution to this problem should be a trilateral issue. The stakeholders on this issue are the central governments of the three countries, the local government bodies the industrial and business groups and the civil society groups interested on the issue.

The three countries must create an intergovernmental agency that will act as enforcer in the three countries for the decisions that are going to be taken.

Introduction

The countries that we are discussing have a common problem and also the solution to this problem should be a trilateral issue. The problem is how to find sustainable ways of development without damaging the natural resources and the environment. Especially how not to put much environmental pressure on the river basin, the river itself and the coastal and marine environment. The stakeholders on this issue are the central governments of the three countries, the local government bodies the industrial and business groups and the civil society groups interested on the issue.

Stakeholder and governance analysis

From the agreement of 1987 between the two coastal countries and the lack of its implementation it is clear that there is not enough coordination among the stakeholders. Business and industrial groups can be very skeptical of any plan that will preserve the basin of the river and limit the utilization of the natural resources because this would mean a slowdown in their production. This slowdown would result in fewer profits for the companies. On the other hand the local village leaders will exert pressure on respective governments to implement such policies that would benefit their fishery-based or agricultural communities. The civil society would press for measures to be taken in order that both the above mentioned groups not to damage the environment. The central role for this issue is of the governments. They should first create the entire legal framework necessary for the implementation of what is going to come. Then, they must create an intergovernmental agency that will act as enforcer in the three countries for the decisions that are going to be taken.

Ways should be found to convince the businesses that it is in their interest to cut down pollution and environmental stress they are causing to natural resources. Government can offer incentives on tax cuts for businesses if they pursue this plan. Another way can be to offer to the business industry well developed in country S the opportunity to use the resources of country D (rich in natural resources)and the island country L with facilitating conditions if they cut down pollution and environmental stress. This way businesses will have an incentive on which they would have new markets opened and the countries D and L will have more opportunities for development.

Conclusion

The intergovernmental commission that will be formed will have the duty to decide on standards to be set. If businesses do not respect them will decide on sanctions the authority to impose sanctions should be given to this commission. Governments will have the obligation to execute them. This way we will have a more objective evaluation. Also, this commission will serve as interlocutor between local authorities, especially villages, to gather and distribute information in order that these localities adjust policies with one another.
"
20,20,"Culture of the Chinese Civilization Before 1400 CE Essay

Table of Contents
 1. Introduction
 2. Period’s description
 3. Conclusion
 4. Works Cited

Introduction

Chinese history is as old as the early dates of the evolution of mankind. The recorded origins of fire indicate that china was the first to use it around 1.3 million years ago. By the years 6000-5000 BCE the Chinese were practicing arts in form of doing carvings on the rocks that consisted of many different characters including subjects such as the sun and the moon. In China, there was the kind of political practice whereby the people were under dynasties, meaning that they were ruled by a single family until such a time that the members of the public would feel unsatisfied with the rule, leading to a coup (Townsend Para 13).

Period’s description

In the Neolithic era, they started the domestication of plants and animals along the yellow river, whereas in the Yangtse, there was the practice of fishing and hunting. This was followed by the formation of towns in Yangtse together with the introduction of writing, carving, and weaving in the Bronze Age. During the Iron Age, there came to be the introduction of circular coins, and it is during this period that the issue of magnetism was discovered (Townsend Para 4).

At around 200 BC, there was the construction of the Great Wall of China, and improvement of the trade relations which involved Asia and the Roman Empire, and the use of architecture in the design and construction of the palace; the use of ink started at this time.

Later on, the powers of the Buddhist influence increased in china until the resurgence of the Confucians started undercutting the Buddhists. There was a start in the usage of tea and coal, discovery and large use of paints, and the use of poetry. Indeed, the first book was printed around 900 AD (Townsend Para 4).

During the classical renaissance in China, there was the introduction of paper money and the discovery of the compass enabled and helped in the exploration of unknown territories. This was later followed by the introduction of theatres specializing in opera together with the use of novels (Townsend Para 4).

The Chinese history up to the 15th century shows that they were leading in terms of development by having achieved things that other societies had never heard of. By the time China was using written notes, most of Europe was using the word of mouth.

During the Shang dynasty, there was an effort to document the past where they used animal skins and bones to keep forecasting records (Stearns, Adas, and Schwartz 64). In addition, there was widespread worship of many gods and ancestors as they believed that their parents once dead joined the league of the gods. Indeed, the ruler had to be appointed by the gods so that the people he was ruling over could exist in peace; if the ruler lost favor with the gods, he was removed from his position (Tsin Para 3).

In the Neolithic period, the Chinese made painted and decorated pots of different designs. The nature of these decorations depended on the intended functions of the objects made and such decorations included the images of animals which at times were highly stylized (Boeree Para 4). Around the year 221 BC, there was noted the use of decorations in some of the technical bronze-made vessels. These decorations were made by the use of silver and sometimes gold. It was at this time that some of the writings that act as some of the pillars of the belief in the need union between nature and men were composed; these include the text called Daeojing (Anonymous Para 2; Boeree Para 5).

Stone sculptures are used as monuments in tombs and also in other places around 100 BC. The avenues to the royal tombs had stone monuments and this practice later spread elsewhere. On the issue of literature, there was a 166-chapter Shiji published around 80 BC. These were the records of history and the approach taken was to later be used as a measure of standard in all the works that dealt with history in the country backed by the government (Anonymous Para 8).

During the Han dynasty, there was sculpturing of real-life-sized images of men and horses, an example being the Han flying horse. This well illustrates the development of art in the early Chinese empire. Moreover, there was increased use of painting to communicate and store information as the use of brushes increased.

The Chinese literature from the early years is well developed as can be inferred from the books by Confucians who wrote four books. According to history, these books can be traced back to Confucius who wrote them around the fifth or the sixth century BCE. The discovery of a poetry book containing hundreds of poems written as early as the 9th century also showed the extent to which the literature had developed (Mastin Para 6).

The dynasties in china arose and fell due to the demographic changes brought about by the natural calamities. After the people’s numbers were reduced, there was prosperity as people had enough resources among themselves for self-sustenance. This sustenance enhanced population increase, thus weakening the government through refusing to pay taxes, and subsequently leading to its collapse (Townsend Para 13).

Conclusion

Chinese history, though not documented at first, had major developments with the advent of writing where there was the first recording on the bones and animal skins. The later discovery of paint and paper went a long way in ensuring that the history was well documented. Chinese also developed the art of making pots and weaving whereby the pottery was sometimes painted showing that the aesthetic value was very important even in those times.

The paintings were also done on the facing cliff which consisted of many figures. Moreover, the advent and use of writing enabled them to express themselves through the use of literature as seen in the advent of writing poems and novels. They also developed the act of acting towards the end of this period. In finality, sculptures and their use in the remodeling of the past times were used especially in the graves.

Works Cited

Anonymous. “China, 1000 B.C.–1 A.D.”. In Heilbrunn Timeline of Art History , New York: The Metropolitan Museum of Art, 2000. Web.

Boeree, George C. Early Chinese . Early Chinese and Indian History . 2004. Web.

Mastin, Luke “Other Ancient Civilizations.” Classical Literature. N.d. Web.

Stearns, Peter N., Adas, Michael and Schwartz, Stuart B. World civilizations: the global experience. London, Longman. 2001.

Townsend, Robert B. “The Oldest Living Civilization.” The G.I Roundtable Series in Context . 2002. Web.

Tsin, Michael. “Timeline of Chinese History.” Timeline of Chinese History . Columbia University, East Asian Curriculum Project. N.d. Web.
"
21,21,"Senior Frog’s Wines Inc.’s Accounting Case Study

Auditing is one of the most vital functions of accounting in every organization. The function promotes accountability and transparency of financial disclosure. In this case, an audit of the company’s accounting information is to highlight various accounting issues and recommend the most appropriate measures that are in tandem with the requirements of ASPE. Pertaining to the company’s case scenario, accounting issues that have been identified should be handled as follows.

The issue of Claims

The legal letters did not specify the actual amount for the claims. This, therefore, contravenes the ASPE requirements which provide that all claims should be recorded in the legal letter before presentation to the auditor. The claims and estimations, in this case, are not presented in the financial statements as required by ASPE. The best treatment is to account for all the legal claims by classifying them among the company’s current liabilities in the financial statements.

Decision on Ice and Desert Wines

Despite the fact that the company’s management has considered the decision to discontinue making desert wines and ice, the two products are evidently the most the most profitable for the organization. As the auditor, my advice to the management is to properly assess the decision due to the fact the two products have higher sales than cash flows for the last three years. Low cash flow is a good indicator of reduced expenditure in investment and other costs incurred during the production of the two products.

The decision to sell the production machinery for producing deserts wines and ice qualifies for a hold of sell. The board and the management of the organization have legitimized the intention to sell as required by ASPE. The machinery is therefore available for immediate sale since there is vigorous search for a buyer. Despite the fact that the company can possibly sell the machinery within a year, it has not been reasonably priced as required by ASPE provisions. Under the provisions, the element of depreciation is not recognized for non-current assets that are held for sale. Therefore in this case, the company should price the machinery based on its features such performance. The asset should be revalued at cost of the expected carrying value in comparison to the tag price of sale. In this regard, the quoted price of $ 450,000 is therefore very low. The best deal for SF is to consider selling the machinery to a potential buyer who is willing to pay a deposit of 25% and pay the rest in monthly installments.

The information on income and loss from desert and ice wines before depreciation shows that the company may incur more losses if the machinery is maintained under operation. However, the presented information is not very comprehensive since it does not indicate the operational and non operational aspect of the plant. It is important for an organization to disclose both income and loss information for an asset when it is placed on sale.

On the issue of 30% tax rate the company does not comply with the requirements of ASPE on how to handle deferred taxes. Under these provisions an organization is mandated to identify particular income tax benefits or expenses which arise from discontinued operations, continuing operations and other comprehensive incomes.
"
22,22,"Coaching Leadership Style in the Peach Belt Conference Case Study

Introduction

This paper constitutes a qualitative case study that seeks to enumerate the coaching leadership strategies, thoughts, and motivations of four NCAA Women’s Basketball trainers.

Body

Pat Summitt

Mullen (2009) depicts Patricia Summitt as an ex-chief coach currently officiating as the head coach emeritus of the Lady Volunteers Basketball Unit, at the University of Tennessee. She sits in the women’s basketball Hall of Fame, having procured the bulk of all-time wins (1,098) by the ‘Lady Vols,’ from 1974 to 2012 (Yaeger, 2009).

Thoughts and motivations

Summitt maintains that setting objective missions that entail exceptional efforts is fundamentally instrumental for success (Summitt & Jenkins, 2013). However, the goal parameters should regard feasibility and accountability as outlining impractical resolves that will trigger low morale, anxiety, and despair. Her motivations encompass a multitude of quotes such as “Winners are not born, they are self-made” (Kilmeade, 2007). Summitt relentlessly motivated her lineup to adhere to rules and strive to accomplish the established targets to receive due recognition.

What does Summitt have to say on leadership strategies?

The leadership strategies set forth by Summitt fixate on rulemaking. The legend alleges, “The fewer rules a leader sets down, the fewer rules will be broken” (Yaeger, 2009) and advises guides to designate few but firm rulings. Equally important is her capability of incorporating the athletes in decision-making and listening to their necessities, wishes, and needs.

How has Summitt achieved high successes in the past and present?

The two symbolic virtues that have made Summitt so prosperous are self-deprecation and hard work concerning the fulfillment of ambitions writes Mullen (2009). She has also always avoided favoritism and appraised all her players with the same degree of drilling: an equal measure of praises, instructions, scolds, and modeling. Summitt and Jenkins (2013) attribute Pat’s winning motto as an emphasis on the fact that all things rest on the leadership dispensed.

Charlaine Vivian Stringer

Crockett (2014) presents Vivian Stringer as the manager of the women’s basketball entity at Rutgers University as well as an associate of the Women’s Basketball Hall of Fame. She is the premier coach to chaperone three distinctive women’s projects into the NCAA Final Four in combination with annexing 900 wins (Hoffman, 2008).

Thoughts and motivations

Stringer’s thoughts and motivations embody morality, chastity, righteousness, and above all excellence. “Never despair as your antagonist is merely an opponent to conquer” (Elfman, 2006) constitutes one of her esteemed quotes. She has battled racial discrimination and sparked coaching through the engagement of community involvement, family ties, and cooperation.

What does Stringer have to say on leadership strategies?

Stringer employs tactical leadership skills that have earned her the titles ‘winner’ and ‘competitor’ such as the implementation of the family plan by way of instilling a passion for forging family-like relationships. Stringer and Tucker (2008) explain that Vivian equips her team members with dual skills namely majestic basketball expertise and team harmony coupled with enduring spirits.

How has V. Stringer achieved high successes in the past and present?

A majority of Stringer’s triumphs encompass her emphasis on refining the young athlete woman on and off the basketball court, by enlisting athletics as grounds for success (Crockett, 2014). Her tenacity to build her coaching teams and lead them to public championships, despite her many personal catastrophes has played a part in her spectacular successes.

Geno Auriemma

Another head basketball coach is Luigi “Geno” Auriemma, who presides over the Huskies Women’s Basketball team at the University of Connecticut (Dietsch, 2006). Among other acknowledgments, the Italian-born phenomenon is the catalyst for Huskies’ participation in the division national playoffs sponsored by the NCAA (Auriemma & MacMullan, 2006).

Thoughts and motivations

The principal views of Coach Auriemma convene on the value of being a people person by way of channeling people’s motivational agents to shepherd them into honorable characters (Mel & Auriemma, 2009). He emboldens his players’ efforts, spurring them to actualize their best through teamwork and partnerships. His appeals for greatness and message effectiveness have sparked his team members to realize insurmountable destinations, remarks Morosco (2013).

What does Auriemma have to say on leadership strategies?

Coach Auriemma’s commendable leadership strategies constitute variegated conceptions such as rationality, gentle pressure, contingency plans, and game speed (Auriemma & MacMullan, 2006). These conceptions explain the relevance of dispensing equality for all members of a fraternity as well as the value of studying new notions before implementing them to avoid adversities (Morosco, 2013).

How has Auriemma achieved high successes in the past and present?

As Mel and Auriemma outline, Geno Auriemma’s path to fame articulates how he calmly deals with disasters by way of minimizing constraints on his players and not dramatizing on winning streaks (2009). He intends to endorse the girl-child to savor equivalent victory concerning playing basketball and attracting the finest apprentice to his course (Deitsch, 2006). He features group culture, value-based leadership, and new member induction as pivotal in the acquisition of high success.

Andy Landers

According to Damio and O’Connor (2007), Andy Landers embodies leadership and success in regards to the basketball sport having attained several feats including 23 NCAA contests, 21 20-win divisions, and the 5 Final Fours. As the manager of the Lady Bulldogs basketball team of the University of Georgia, he seized 900 wins in the year 2013 (Landers, 2005).

Thoughts and motivations

Landers’ thoughts and motivations inspire guidance, control, academic achievements, and ultimate confidence in his team players who have demonstrated altruism for the squad. As per Mobley (2008), Landers shows gratitude to his student-athletes for displaying resilience, the passion for prevailing, and incorporating a victory tradition that rates high among the noble in the society.

What does Landers have to say on leadership strategies?

The leadership strategies employed by Landers include team chemistry, powerful teamwork, adversity manipulation, building relationships, and most importantly, formulating pressure defense, writes Kelley (2015). Breeding charisma, harmony, and robust relationships signify the distinction between a title match and a reassuring season. Goal setting, discipline, mindset, and serving the program are also valuable leadership tactics.

How has A. Landers achieved high successes in the past and present?

Mobley (2008) outlines hard work, devotion, and absolute engagement as some of the key factors that have catapulted Andy Landers to the limelight. His reverence to the sport and insistence on success saw him procure a myriad of awards in conjunction with his adoration of the solid relationships he forged with his athletes (Landers, 2005).

Conclusion

To conclude, the NCAA women’s basketball system has been lucrative withal the coaches above that have propelled the college girls to go beyond the limit. They have crushed superstitions and delved into parameters that are customarily apprehended as men’s world.

References

Auriemma, G., & MacMullan, J. (2006). Geno: In pursuit of perfection . New York: Warner Books.

Crockett, K. (2014). Sports hero, C. Vivian Stringer: My hero project. Web.

Damio, E., & O’Connor, A. (2007). Hall ceremony salutes stars. Women’s Basketball, 7 (5), 35-39.

Deitsch, R, (2006). Q & A Geno Auriemma. Sports Illustrated, 104 (3), 23-26.

Elfman, L. (2006). Stringer into international women’s sports hall of fame. New York Amsterdam News, 97 (43), 44-48.

Hoffman, M. (2008). Rutgers’ Coach Stringer shares a personal story of strength and power. Jet, 113 (13), 32-37.

Kelley, J. (2015). UGA coach Andy Landers retires. Web.

Kilmeade, B. (2007). It’s how you play the game: The powerful sports moments that taught lasting values to America’s finest. New York: HC.

Landers, A. (2005). Building a tenacious full-court pressure defense . Ames, Iowa: Championship Productions.

Mel, T., & Auriemma, G. (2009). Heart of a Husky: Determination, perseverance, and a quest for a national championship . Covington, KY: Clerisy Press.

Mobley, M. (2008). Andy Landers: Women’s basketball head coach. Web.

Morosco, B. (2013). Serve in the light of truth: 7 leadership lessons from Geno Auriemma. Web.

Mullen, B. (2009). Pat Summitt’s road to 1,000 wins: Tennessee coach transformed women’s athletics. Web.

Stringer, V., & Tucker, L. (2008). Standing tall: A memoir of tragedy and triumph . New York: Crown Publishers.

Summitt, P., & Jenkins, S. (2013). Sum it up: 1,098 victories, a couple of irrelevant losses, and life in perspective . New York: Crown Archetype.

Yaeger, D. (2009). Lessons from sports: Pat Summitt. Web.
"
23,23,"The Role of the Human Resource Manager in providing quality products and services to customers Expository Essay

A Human resource manager is famously known for his major responsibility of looking after the welfare of the company’s personnel. But as global market competition increases, the role of human resource manager has diversified to an extent of supervising the quality of a firm’s products so as to enable the products to compete in the world market.

The emergence of the importance of quality as a tool for competition has lead to the existence of aspect of total quality management in any company. Total quality management is aimed at satisfying the customers by making sure that the products and services released to the market are free of any defects (Walker, 1998, p. 7).

This trend of assigning the human resource department with the responsibility of managing quality is due to the fact that this department is majorly respected for its ability to train and develop human resource. Therefore, for successful implementation of total quality management in a firm the Human Resource Manager must play a pivotal role as an agent of change.

The Human Resource manager can promote the improvement of quality of services and products of a firm in many ways. From his known responsibilities of sourcing for high quality personnel, training and development of these personnel and development and maintenance of systems of rewarding well performing employees (Stoner, et al. 2003), the Human Resource manager controls important processes that can be a driving force for the realization of a firm’s total quality management.

These enable development of the culture of total quality. The Human Resource manager has a role of linking the employees with the senior management (Yuki, 1994). In this way the HR manager establishes avenues of communication between the employees and the senior management. This enables the HR manager to enlighten the employees of their importance to the organization in achieving total quality management.

The HR manager builds trust through dialogue and exchange of ideas. This helps to dispel fears to changes in their roles played by the employees. These changes in roles of different employees are needed by the total quality management. This can be the basis of offering training to all personnel to perceive their fellow workmates in other departments as immediate customers. The personnel can only realize this by being a role model to these workers. He can show this by instilling the attitude of customer first throughout the organization.

Since the HR manager is an expert in surveying and monitoring the attitudes of the workers (Melcrum, 2008), he gathers information on latest performance by the employees. This information on performance can be critical in starting off well. Therefore the HR manager carries out surveys to establish areas facing problems as far as operations are concerned.

This is because failure to realize improvement in quality of product can affect the performance of the organization. To effectively implement the total quality management program, the HR personnel monitors the perceptions and attitudes of employees as far quality is concerned (Eliot and Turnbull, 2005).

Apart from campaigning for the culture of total quality management, the HR manager assesses the training and management needs. During this assessment the HR manager determines the kind of knowledge and skills to be taught, how they are to be taught, how they will be recognized in terms of performance and how they will be rewarded.

In conclusion, it is clear that the HR manager has a critical role to play as far as management of quality of a company’s products and services is concerned. He achieves this by instilling the culture of total quality management to the employees; act as a role model in perceiving people in the working environment as the immediate customers to the products and services being offered.

Finally, the human resource links the employees and the top management ensuring that all necessary conditions required enabling production of quality products and services are provided in order to meet customer needs.

References

Elliott, C. Turnbull, S. 2005. Critical Thinking In Human Resource Development . London: Routledge.

Melcrum.com 2008. Special Report On Internal Branding. Web.

Stoner, J.A. F., Freeman, R. E, And Gilbert, D R. 2003. Management Sixth Ed. New Delhi: Prentice-Hall Of India.

Walker, J. W. 1998. Are We Using The Right Human Resource Measures? Human Resource Planning. 21(1),1-4

Yuki, G. 1994. Effective Leadership In Open Systems, Leadership In Organizations (3rd Ed.). Englewood Cliffs, Nj: Prentice-Hall.
"
24,24,"Greenfield Police Department’s Hiring Process Essay

Introduction

A community cannot achieve civilization as well as prosperity without a competent police force. This necessitates the need for coming up with a recruitment plan that takes into account the needs of a given community, commonly known as community policing.

An effective recruitment plan entails carrying out an assessment of the police workforce requirement in both the short term as well as long-term basis. This paper will review a case study of Greenfield Police Department in a bid to improve its hiring procedure. It will do so by answering a number of questions emanating from the study.

Analysis

Are There Negative Consequences Of A ‘Two- Year Degree’ In Law Enforcement In The Greenfield Police Hiring Process?

The Greenfield police department is governed by its own criteria for evaluating eligible applicants for police recruitment. With regard to educational performance, the policy still states that eligible applicants must possess a ‘two-year degree’ in the field of law enforcement. As a result, questions abound on the validity of this requirement, as many claim that this eliminates a number of prospective applicants who can perform the job diligently, since the police recruitment is characterized by short and long-term job training.

Miller, Hess, & Orthmann (2010) affirm that there is a significant difference between attitude of the educated and the uneducated officers with regard to community policing policies, especially with the minority officers. However, even though the educated officers depict an optimistic attitude towards the community policing policies, it is apparent that the law enforcement education does not influence an officer’s behavior while arresting suspects.

Hence, behavioral change towards the community policing can only be achieved through on job training programs. With this in mind, and given the fact that police force has a tainted image that embarrasses law enforcement graduates, making them to seek jobs elsewhere, this requirement only leads to a shortage of staffing requirement for the Greenfield police department both in the short term as well as in the long term.

What Changes Should You Suggest For The Written Exam?

Using a language that is not in line with the policies of the Greenfield police department lowers the validity of the test since it makes it complex to find clarity on factors that motivate applicants in joining the police force, including salary, retirement benefits, housing, opportunity for advancement, as well as the hiring process.

A change of language, however, has the potential of contributing positively towards assessing the appropriate methodology for interviewing new applicants. However, even though there should be networks and relationships between the police force and other departments, the police department should have written the exam, as they are obligated to assess the values that emanate from the cultural of the community in relation to the police force from a grassroots level (Miller, Hess, & Orthmann, 2010).

The fact that the written exam is not in line with the current technology turns off the potential applicants in the recruitment process, because the new the applicants in the police force comprise of young people who embrace the field of technology.

More over, a test developed some decades ago is out of context because the social values of a community are dynamic and are subject to changes. As such, it is worthwhile to provide an exam that is up to date since it would facilitate knowledge on the new practices, thus helping to meet the present and the future needs of the community.

What Are The Benefits Of Adding An Essay To The Written Test?

The manner in which the Greenfield police department conducted the interview facilitated quick response from the applicants. However, in addition to the written test, it is worthwhile to add an essay since it would identify diverse skills of the applicants at a personal level, hence depicting the level of personal maturity with regard to community policing policies. More so, an essay, especially a reflective essay, would help the Greenfield police department in the following areas, among others:

  * Obtaining comprehensive knowledge on the demographic information of each applicant;
  * Obtaining a wide range of information concerning experience relative to working in the police department for each applicant, including experience obtained from the private law enforcement entities; and
  * Obtaining a wide range of knowledge on each applicant’s potential to improve the Greenfield police department’s processes, inputs, as well as results.

How Could You Improve The Interview Portion Of The Hiring Process?

The interview part of the hiring process can be greatly improved by coming up with a number of strategies that are in line with the current goals and objectives of the police force: to have a police force that upholds community-policing policies. These strategies include all of the following:

  * Coming up with a recruitment team from the police force department that clearly reflects on the current goals of the hiring process;
  * Reducing significantly the time spent during the hiring process;
  * Assessing the employees hiring skills and deploying the qualified employees to the relevant areas within the hiring cycle;
  * Assessing the community needs in order to update the material used in the hiring process;
  * Creating personal email accounts for the eligible applicants;
  * Assessing the factors that would affect the hiring cycle;
  * Opening a website for the recruitment exercise; and, finally,
  * Formulating a budget for the entire hiring process

Do You See Any Pitfall With The Physical Fitness Test?

The physical fitness test (PFT) is one of the major tests that the job applicants in the police force undergo through, simply because the work of a police officer entails physical activities that are often strenuous. The physical fitness test, through criterion validation, has the ability to measure whether an applicant is able to perform certain kinds of tasks, which have defined standards (Miller, Hess, & Orthmann, 2010).

However, the physical fitness test brings forward one key question: is there validity in the physical fitness test? This question emanates from the fact that it is irrational for the police department to concentrate on the shortcoming of the applicants instead of concentrating on their potential.

Despite the failure of the PFT in the Greenfield police recruitment exercise, this test does not have pitfall since it offers a number of advantages, including carrying out a prediction of the training requirements, lowering the chances of adverse health as well as injuries in the police force, and promoting physical fitness within the police officers (Miller, Hess, & Orthmann, 2010).

More so, the physical fitness test helps to highlight the applicants’ physical fitness deficiency as a major factor affecting the readiness as well as the morale of the police officers in enforcing the law.

References

Miller, L., Hess, K., & Orthmann, C. (2010). Community policing: Partnerships for problem solving . Independence, KY: Cengage Learning.
"
25,25,"Tax Lien as a Car Purchasing Hindrance Report (Assessment)

A tax lien is a law that is imposed by the federal government of the Unites states of America when one owesur unpaid taxes to the Internal Revenue Service (IRS). The government and the treasury hold one liable for a tax lien when one has delayed to make tax payments on time.

Federal tax liens show the entire world that one owes the IRS money via unpaid taxes and any individual who pulls out one’s report on credits or whoever tries to access information on public records will clearly know of the Lien. Tax liens always have a negative effect on one’s credit score since they show up on public records. A tax lien has the potential of putting off potential lenders and creditors and it damages one’s ability to be lent or credited money and more so it makes it more difficult for one to purchase a car or a home.

A public record on a tax lien becomes part of credit reports and it remains so for up to seven years even if full payments have been made. In order to remove the tax lien in the public record, one can file a dispute with the aid of the credit bureaus. The way one can file a dispute for other errors that have been incurred by other credit reports is the same way one can file a complaint. Another way of getting a tax lien released from one’s credit report is by requesting the Credit Bureau to remove it if the IRS has withdrawn it from its records.

When the statute of limitation expires, this becomes is a clear indication that the tax lien should not be imposed, and if the lien is not removed on the credit report one should make a call to the Internal Revenue Service. The call is to inform the bureau of the reason as to why one needs the lien dispatched as soon as possible (Loftis 48). In case one is buying a house or a car and the tax lien is a hindrance to the purchasing process the Taxpayer Advocate service should be contacted for immediate action to be taken towards the removal of the lien.

Buying a car and a house simultaneously is a little bit complicated. Alternatively, it is recommendable to have both the car and the house if there is adequate liquid capital to purchase them. However, since one wants both the vehicle and the home it is much more advisable to acquire the home first because its cost and other commitments are much lower. Qualifying for a car loan is also very easy unlike qualifying for a house loan. For instance, the analysis of a customer’s credit report is less when he/she is acquiring a vehicle and it is sensible for one to pursue the house purchase first and then follow up with the car.

In case the purchase of the car cannot be postponed, one should first analyze and see whether a lender can qualify him/her for a loan then determine whether personally he/she can gather the collateral to cover the purchase price of the desired car. Some lenders require one to pay off some or all the debts they have in order for them to qualify for a home loan therefore lending both for the car and the house will be difficult.

Works Cited

Loftis, Larry. Profit by Investing in Real Estate Tax Liens: Earn Safe, Secured, and Fixed Returns Every Time , New York, NY: Kaplan Pub, 2007. Print.
"
26,26,"The Captive Insurance Services: Different Types Essay

Introduction

Captive insurers are insurers who are owned in part or in full by companies in the business of insurance. Captive insurers have an aim of protecting the interest of original beneficiaries in various insurance companies. They also get involved in ensuring that members have good operations in order to protect the beneficiaries of insurance. They also get involved in ensuring underwriting investments and management is well undertaken by companies that offer insurance services. In most countries captive insurance has not been well defined but they use reinsurance as a way of managing risk. The idea of captive insurance is the idea of managing and spreading risk, lowering the costs of insurance, ensuring a flexible service, stabilizing the price of services and improving investment portfolios. They are used by insurance companies and re-insurers to minimize their risk and increase returns.

Every insurance company has a limit to the risk that they will undertake in relation to policies taken. It will be very difficult and very expensive for insurance companies to rely entirely on their efforts to reduce risk and liability on policies taken. This requires an insurer who will reduce this risk and protect the general public from collapse of insurance firms, protect insurance companies from huge claims that may push the firm to go under. Therefore when a company has accepted risk from clients they arrange with captive insurers to insure some amount in order to reduce the risk. Captive insurers offer alternative methods of reducing risk by a single insurance company. And this is normally described as transferring risk.

These companies are formed and owned by insurance companies therefore they may be stationed and operated within insurance companies. This is because the insurance companies are the main beneficiaries and their main purpose is to spread risks and assist in increasing income from diversified sources.

In the Middle East there are many captive insurers however Bahrain is one of the largest captive insurance centre because they have many such insurance companies based in this country. Captive insurance in Bahrain is well defined and in this country they have a number of services that are associated with captive insurance.

There are various types of captive insurance that are available and used. They include; rental captives, diversified captives, associated captives and pure captives.

  * Rental captives are formed by insurers to provide facilities to some other companies at a fee for the purpose of making income. These kinds of captives are normally used by other insurance entities who don’t find it necessary to form their own captives. It may not be formed by insurance firms but it is owned by people who are just renting out but they do not actually render services to related companies.
  * Composite captives are another form of captive which is formed for the purpose of offering life and general business services to members and non-members.
  * Association captives are one of the largest forms of captives because it is owned by a group of associates or insurance companies offering services to them with the aim of reducing their risks within specific trends. Associate captives are common in the industry because it is the best in sharing risks among industry players.
  * Pure captives – some insurance companies may opt to form their own captives to provide services to themselves and associates. These are usually owned by single parent companies and the captives become 100% owned subsidiaries.
  * Diversified captives – This form of captive is usually formed by companies and associates to write risks of unrelated business.
  * Health care captive – this form of captive is formed and owned by healthy offering institutions and they offer services to themselves and affiliates
  * Agency captive – Agency captives are captives formed by a group of insurance agents offering services to some insurance business companies as well as the business they operate.

Insurance companies establish captives for the sole purpose of sharing and spreading risks associated with their business. A company on their own may not have the ability to caution against a risk of huge amounts of claims that may arise due to unforeseen factors. Placing risk in a group ensures that the risk of many claims is reduced by ensuring there is a defender during the time of need. This is because captive insurance ensures that there is a reduced insurance policy with the parent company or companies and at the end of the day the amount of claim payments paid out at some point is cautioned. They act as a source spreading risks among insurance companies. Often the management of a captive handles several risk assets thus spreading the risk. When this occurs the captive insurer ensures that there is always a flow of liquidity that will help them assist the other companies i.e. the owners of the subsidiary or users of the service are cautioned.

Pros and Cons of captive insurers

There are a number of advantages and disadvantages of captive insurance and they include underwriting, profit from insurance or insuring companies, a diversified investment income, a wide market for both re-insurance and insurance and the ability to be able to separate insurance components such as life, motor-vehicle, and many others. It also enjoys the facility of professional management because the captive insurance being formed to caution risk will try to hire the best person in the market. If it is a group property, it will mean that the companies will hire the best human resource.

When we talk of the company having a wide diversified investment income we mean that being formed for the purpose of spreading risk they will invest in a diversified portfolio where systematic and unsystematic risk associated with various stocks are minimized and ensuring a possible predictable rate of return for investment. The access to a wide market means that they will offer re-insurance services as well as insurance services to members and non-members.

Apart from the stated pros, they have their own disadvantages such as tax implications, underwriting greater risk. Tax charged for the services may be higher if the tax law does not consider the case of double taxation e.g. a service may be taxed at one point and at the same time tax when under captive services. Therefore before any company forming this form of service should consider the impact of tax on the profits, capital and other form of payment from the company if it leads to double taxation then it will be of no use to have them.

6) Captive insurers exist in Middle East and mostly they are situated in Bahrain which is known as a captive insurance centre not only in Middle East but in the world. There are a number of requirements for establishing captive insurance.

To begin with in order to form this form of business a thorough visibility study should be formed to ascertained viability of the business. Secondly, one must obtain necessary approval from the insurance company involved or insurance company that will use the services. What follows is the preparation of necessary documents that will ensure a legal entity is established. The documents that are necessary is the articles of association, memorandum of association, this documents will be filed to the regulatory board with a list of nominated directors who will serve in the formed captive insurance company. A license will be applied once this document has been approved by the regulatory board. The regulatory board will issue the license to operate the business. What follows is choosing the form of capital that will be used in running the operations of the company. After it has been formed, the company will be operational.

Work cited

Business week (2006); captive insurance: Alternative Risk Transfer takes over the world. 2009. Web.

Ensurion (2007); Captive insurance services; Ensurion W.L.L. 2009. Web.

Gower, L.C.B. and Davies, P.L. (2006) Principles of Modern Company Law Sweet and Maxwell.

Slorach, J.S. and Ellis, J. (2006) Business Law LPC Guide Oxford OUP.
"
27,27,"Management Strategies in Hospitals: Best Practices Research Paper

Nowadays, many hospitals, as well as their employees and leaders, are involved in numerous competitions. Doctors and nurses need to act in advance to avoid challenges and medical errors. However, the management of hospitals should also be of the highest quality (Ghanem et al. 2015). For example, several years ago, nearly 98,000 deaths were reported as a result of medical errors and poor management (Frese & Keith 2015). Deaths because of respiratory diseases lead the list of causes of death worldwide, including 8.6 million of people dying because of tuberculosis and 180,000 annual deaths due to of asthma (Ferkol & Schraufnagel 2014). Thus, it is necessary to improve management practices in hospitals, and in respiratory departments in particular, in order to enhance the quality of care. It is likely that to do that, management positions in hospitals should be occupied by professional managers rather than nurses without training in management, even in cases when nurses run departments of their specialization.

Mismanagement of the respiratory department must not create challenges for patients. Thus, because nurses do not have management education, the correctness of the idea that nurses of a respiratory department should perform the role of managers there must be put under question. Nursing knowledge is not enough to become a good manager, as well as a manager cannot perform the duties of a nurse. Everything should have its own place and goal. In many hospitals, it is expected that nurses should manage the work of the department. However, it is apparently wrong to place a nurse without a background in management as a manager. Numerous management mistakes may occur. Mismanagement of the department is a problem that has to be solved. This research aims to identify the duties of nurses and managers in the respiratory department, and, therefore, to ascertain the aspects that differentiate the work of nurses from the work of managers, consequently demonstrating that neither of the professionals can appropriately play the role of the other one.

My task is to formulate a research topic and demonstrate my readiness to work on it. As a management student, I realize that research basics have to be identified and explained (Collins & Hussey 2013). I have already searched the Internet and found several strong projects about the importance of management strategies in hospitals (Ghanem et al. 2015) and the role of managers in hospital success (Parand et al. 2014). Regarding the results of my search, I aim at investigating the challenges of a mismanaged respiratory hospital department and to identify whether these management mistakes made by a nurse would be likely to be made by a professional manager. Similar topics have already been investigated in the academic literature, and there are two strong research papers by Ghanem et al. (2015) and Parand et al. (2014) about hospital management, nurses’ roles, and service improvements that motivate my thoughts and suggest the appropriateness and relevance of my research topic. However, I do not want to focus on common strategies and the work of general hospitals. My task is to choose one mismanaged respiratory department, to investigate their peculiarities, and to clarify and differentiate the roles of nurses and managers in the development of high-quality medical and healthcare services in hospitals.

All in all, my research is aimed at investigating the claim that it is wrong to expect that a nurse can perform the role of a manager in the department due to that nurse’s specific level of nursing knowledge and practice. Clearly, a nurse may cooperate with workers and communicate with different patients. However, it is apparent that managing the department should not be a responsibility of a nurse.

Reference List

Collins, J & Hussey, R 2013, Business research: a practice guide for undergraduate and postgraduate students, 4th edn, Palgrave-MacMillan, London.

Ferkol, T & Schraufnagel, D 2014, ‘The global burden of respiratory disease’, Annals of the American Thoracic Society, vol. 11, no. 3, pp. 404-406.

Frese, M & Keith, N 2015, ‘Action errors, error management, and learning in organizations’, Annual Review of Psychology , vol. 66, pp. 661-687.

Ghanem, M, Schnoor, J, Heyde, CE, Kuwatsch, S, Bohn, M & Josten, C 2015, ‘Management strategies in hospitals: scenario planning’ , GMS Interdisciplinary Plastic and Reconstructive Surgery DGPW, vol. 4, no. 6, Web.

Parand, A, Dopson, S, Renz, A & Vincent, C 2014, ‘The role of hospital managers in quality and patient safety: a systematic review’, BMJ Open, vol. 4, no. 9, pp. 1-15.
"
28,28,"IBM – Management Review Essay

Executive summary

IBM is a multinational organization. It manufactures and sells computer software, hardware, mainframe computers, as well as nanotechnology. The company is among the leading computer and electronic organizations based in New York City, United states. It owns and operates numerous franchise companies and multinational businesses across the globe with major branches in the United Sates, India, and Australia.

The ultimate goal of IBM is to dominate in the global market with novel computer and consultation products. Its toughest competitors include Microsoft, Dell, Google, Hewlett- Packard Company, and many more. The presence of these key players in the PC industry makes the competition intense for IBM.

This has forced the company to work out its competitive advantages so as to remain relevant and competent in the market. This is a critical provision in the realms of technology and business expansion. Its objective is to substantially address the needs of its customers. The modern marketing strategies demand organizations to create considerable business provisions (Williams, 72).

In fact, IBM is very good at meeting the needs of its clients despite the challenges. This is how the company has attained its competitive advantages in the global arenas. However, as it continues to grow, IBM has become highly recognized with its brands.

This has allowed the company to remain top in the industry. In the context of management, auditing is a critical provision in the business context. Lack of internal auditors has led to misappropriation of funds in several companies and organizations.

That is why several companies and organizations have adopted it to help in bringing accountability. Leadership management pattern at IBM has really contributed to its success.

An overview of the company

Modern business practices especially in the computer technology have gone global. Technological breakthrough is certainly the major contributor to the expansive and ever growing computer industry (Williams 76). A number of companies are finding computer industry a lucrative venture thus creating a greater opportunity for computer technicians who range from programmers to engineers.

Computer manufacturing is a diverse industry that incorporates a wide range of specializations. This includes but not limited to software development, hardware development, and developing network infrastructure.

According to Williams (77), the revolution in the Information Technology (IT) has forced majority of organization across the globe to equip their workforce with latest IT devices. This has translated to a major boost in the computer industry.

In the previous decade, IBM enhanced its investment quests in the computer industry. Evidently, different players continue to flood the industry with novel products and ideologies in order to take advantage of the emerging markets and enhance their market divides. It is noteworthy that American companies for a long time have been controlling the global computer industry (Williams, 76).

However, other firms from emerging markets especially from Asia are coming out strongly with various IT products to share the available opportunities. A large number of companies that include but not limited to Dell, Hewlett Packard, Acer, Verizon Communications, Microsoft, Apple Inc, Intel, Compaq, IBM, Asus, Gateway, and Xerox currently dominates the computer industry.

IBM Company has been thriving in the global market for decades. The company offers a wide range of phones, computer accessories, and personal computers (PC) to very many clients across the globe. Its business has today gone global thereby increasing its profit gains. This is a critical observation in the business contexts.

It is vital to determine whether the planned business strategies will help the organization to attain its prospective objectives. IBM is among the top producers of computers in the world today. It is renowned for its continued production of desktops, notebooks, laptops, and net book computers as indicated earlier. Additionally, it has been an active competitor in today’s international computer businesses.

It has been supplying technological equipments ranging from electronics, computers, PDAs, servers, displays, storage devices, Smartphone’s and other peripheral products (Williams, 76). These are produced with the intention of providing man with the best computer devices to make life much better.

It is also acknowledgeable that IBM Company has been providing e-business solutions and services for governments, businesses, learning institutions and even to home users. IBM Group is currently headquartered in New York, United States.

Previously, IBM Company has managed to streamline most of its operations. This saw the company spinning off a number of its processing and manufacturing operations.

This brought a whole new change in the company as a way of boosting streaming of operations to increase productivity of high quality products capable of meeting the major needs of the consumer (Williams, 76). Leadership management pattern at IBM has really contributed to its success in the computer industry.

IBM Company has since then been in a position of implementing new channels for business modeling. In this trend, the company has shifted from being a leading producer or manufacturer of purely branded company to a complex organization providing consumers with a vast range of technological products.

They have also been the proliferation of different manufacturing firms while the IBM Company has been playing the role of a distributor. This means that there are firms that produce IBM products after which they are distributed to the consumers through IBM Company (Williams, 76).

This means that company only deals with the marketing processes of IBM products around the world. Below is IBM price, earnings and dividend graph and the global market data,

Price, Earning, and Dividends graph of IBM Corporation

The IBM Corporation Company has enlarged its marketing network over the recent years. The advancement in technology has also led to good market forces for this industry although it still faces some stiff competitions (Williams, 72).

This corporation or industry also tries to come up with some other marketing techniques aimed at surpassing the performance of its competitors. Very many things have to be put into consideration for the successful achievement of these aims and this therefore means that IBM Corporation must have a good strategy or plan that will successfully execute some of its weaknesses and threats (Williams, 76).

Threat is one of the key factors that can lead to industrial poor performance. Just like any other corporation or company, IBM Corporation or industry has to be very wise in decision-making and this only depends on the kind of management system in place. People experiences difficulties in making choices or selection.

Determination of a quality product is not an easy task and this has made IBM Corporation to find more ways of convincing people of the quality of their products.

Latest global market data of IBM Corporation

Governance

Porter’s theory of competitive advantage applies to IBM and its brands. The power of its brands is very important component in the differentiation of the prominent market trends (Williams 72). People simply associate IBM brands with standard quality, reliability, and many other intrinsic values. This is due to the fact that brands simply emphasize attributes and meanings (Williams 76).

In a highly capitalist world, brands have important value that could be maximized for profit making (Williams, 76). Branding is a specific marketing strategy and as a way to enhance profitability, productivity and efficiency (Williams, 72). Moor added that branding seeks to develop political message, corporate image, people, and behaviors.

It is in these reasons IBM wanted to invest more in reconstructing, refining and enhancing its brands prior to becoming a cut above the other in its industry. As widely observed, the media have always been the integral parts of IBM’s success in achieving a powerful brand in the world.

As a result, IBM has become an iconic brand because it came to a point of becoming a cultural icon with corresponding identity value (Williams 76). There are many strategies in doing this and they are integral parts of cultural branding principles.

In this paper, the proponent tries to incorporate in the analysis how IBM Corporation was able to successfully achieve or create the power of its brands using the media as integral parts of communication, a specific strategy in cultural branding principles (Williams 76). The discussion in particular includes media, brand development, and the concept of gratification of needs based on psychological perspective.

Being in the computer science field, the organization has had the opportunity to specialize and interact with different computer systems at different levels, including network administration and security. It is worth to enroll in different classes including introduction to operating system, advanced programming, advanced wireless networking and computer systems management.

This is a critical provision I the context of management and operation enhancement. These classes will function as a basis for educational plan in order to achieve the set long-term personal goals. Attending the recent joint Google and IBM technology workshop in New York was beneficial.

Given academic performances, IBM Chief Executive, Virginia Rometty assured me of an internship in their organisation coming next summer. Business management of the IBM Company’s electronic products is what I want to do.

Reasons being: For IBM Company, the global arena has been something of greater interest because it has been engaged in international business. For this company it has been necessary to come up with ways of exploring markets whereby the economic factors appear to favor business operations. The economic position should be able to favor business growth and offer new incentives towards business success (Williams, 76).

Given a chance to manage a Global business like IBM Corporation, It is vital to make sure that there is a proper application of human resource as one of the relevant attributes, which can work miracles for a given organization (Williams, 76).

Why is this so? When there is a proper adoption of human resource management in an organization like IBM Corporation, it becomes very possible to have goals, which make all the employees in the organization working hard to the realization of better objectives and missions, which have been set in place. This enhances a possibility of having better results and provision of all positive services to the clients and stakeholders.

Human resource management, as an important contributory element in management, makes it possible to have all issues within the organization so that all players can be comfortable with the business involvements.

With an educational diploma in management from a reputable management institution, one of the greatest ideas passed to learners is in the manner in which decision-making is done within the organization. Thus it will be easy to engage in positive ways of making decisions in the business (Williams, 72).

During good decision-making, the president would be able to incorporate better strategies through which all individuals and employees in the business shall be encouraged to engage in the process. Decision-making is today the best rule, which has been seeing the greatest number of organizations achieving better performance and realization of their goals (Williams 76).

Whenever managing a business in a company, several elements need to be studied. From different publications, there has been presentation of the major factors affecting business performance both internationally and locally (Williams 78). IBM Corporation has been aiming higher profits within the next five years.

It will be the president’s chance to show that to achieve this there should appropriate utilization of resources and carry extensive studies to outline the major approaches that can improve the overall performance of the company.

The world affairs have constantly been changing. This been the fact, it calls for a company like IBM to use new ideas in analyzing the global business environment and know how to explore the markets. This will make it possible for it to realize its overall gains.

Ethics and Social Responsibility

In IBM, ethical business provisions are critical values, principles or codes of conduct that the company embraces to ensure that its strategic decisions are virtuous in nature. Ethics play a critical role in ensuring a company’s success. Currently, the organization’s culture sets standards that establish the difference between the good and the bad decisions and behaviors.

The manager of the company should play a leading role in the establishment of ethics within the company (Szymanski 23). The employees would only follow what the manager does. The company’s leaders are fully responsible for the setting of standards on what should be acceptable about the behavior of regarding the employees and what is not accepted.

The managers should create a working environment whereby the workers find it easy to work in an ethical way. Normally, clients have associated IBM brands with standard quality, reliability, and many other intrinsic values. This is due to the fact that brands simply emphasize attributes and meanings to the clients (Williams 76).

For a company dealing with electronics and computers such as IBM, there is a very big need to focus on both the micro and macro factors that can affect the global penetration of their products. With the fact that the computer industry has been expanding tremendously, it is necessary to study the changing economic trends in order to make informed decisions towards penetrating new global markets.

The analysis of the global environment is something that offers new insights about the market situation and also helps realize better opportunities. This will also help determine the major strengths and opportunities for the company (Williams, 72). As well, through such analyzes a company can understand the faced threats and weaknesses therefore seek new ways of improving their business.

Organization

In this context, organizational structure in IBM is critically established to ensure that the organization attains its managerial objectives. IBM is currently led by Ginni Rometty as the Chairman, President, and CEO of the company. The corporation requires a leader with absolute knowledge of the happenings in the company.

The leader should fully be involved in the business. He should always make sure that a manager is assigned to each department whereby each of them will be in charge of his or her department and must meet with the CEO every week to update him on the happenings and any changes happening in the company (Szymanski 45).

In other words, the company will adopt a functional structure of organization; which is one that isolates some duties and further splits them into simplified ones for specialization. The structure of functional organization divided the company’s activities into functional departments such as production, quality, information technology and accounting.

Events within this kind of structure are divided into functional departments such as information technology, marketing, accounting and research development and customer service. Soon, the company would be very organized and would smoothly develop without any problems.

Production Department

This department mainly specializes in the production provisions. It caters for all costs involved in the IBM’s operations. The department should also be rich in the required raw materials and workforce. Some of the raw materials needed by the IBM Corporation may include various chemicals such as mercury. This department needs skilled labour as it is also divided into subsections in relation to personnel specialization.

Quality department

Quality department ensures standard goods are produced in the production department as this enables the IBM products to have good market forces. This department also provides stickers and any other branding that may be necessary before goods are released to the market.

Accounting department

Accounting department at IBM takes care of all the financials controls activities. Auditing is also found within this department to ensure that company funds are used appropriately, and without any embezzlement. It is vital to consider the aspects of auditing in the organizational contexts.

Sales and marketing department

It is the duty of this department at IBM to ensure that goods are marketed. It is upon the Planning.

Project management is the most appropriate developmental technique in the workplace. It can be enhanced through proper planning designed during the project proposal. Considerable efforts are required in the planning of the implementation, monitoring, and project evaluation.

This technique is more than just the implementation of the activities identified in the log frame; it includes the management of all the components that constitute a project; starting from the resources, risks together with changes to ensure that the project meets its goals within the anticipated quality, budget and timeframe, and concurrently meeting the shareholder’s expectations (Williams, 76).

Scenario planning technique is not efficient or suitable in the workplace due to the increasing complexity of the society, which makes extrapolated trend-forecasts unreliable.

Unless the business setting is simple and the planning horizon is not far, ‘single point’ forecasts don’t reasonably represent the future. Instead of showing a range of possible results, they mainly focus on the identification of the most probable future. Nonetheless, a single point is based on a set of uncertain assumptions (Williams, 72).

The implementation of the scenario planning technique can be done in several types of organizations, at various levels within those organizations, and for many different reasons or purposes.

Nonetheless, any organization that requires a process or procedure for planning for the future uncertainties could significantly benefit from the use of this king of technique. Despite their story-like quality, scenarios follow recognizable and systematic steps. The process is highly intense, imaginative and interactive (Williams, 76).

Leading

Leadership at IBM Corporation is considered to be excellent because of the subdivision of the departments. The departmental heads carry out their jobs to perfection as this helps in boosting the company’s stability in the market.

Apart from the departmental heads, the president of the company also have a duty of monitoring all business activities taking place within the company hence taking control over the company’s departmental heads. Management at IBM is such a long chain that starts starts from senor employees to the board of directors.

Senior employees monitor the duties of their juniors. This is how it continues until it reaches the stakeholders or board of governors. Although the IBM president has power to control all the company activities, there are certain limits that may need stakeholders or the board of governors.

When a departmental head has any opinion, he or she has to pass it to the company president who later channels it to the board of directors. This clearly shows that the president’s role at IBM is to monitor and give reports to the board of governors for decision-making. It is vital to understand the business prospects of IBM so as to establish its market strategies.

Leadership management pattern at IBM has really contributed to its success in the computer industry. There is good coordination between leaders hence making it very easy to arrive at a correct decision based on the subject matter. The president cannot run the company alone being that IBM deals in many computer components or activities.

Controlling

Management control

The Management Control Review’s purpose at the IBM Company is to examine the whole management system and controls to help the units work more effectively and efficiently. This will also offer a rational level of assurance or assertion that the products and process for which one is responsible are protected sufficiently.

IBM has ratified credible measures to discourage managerial irregularities and erroneous acts. One of the measures considerable in this context is the establishment of the department of internal audit. This is a critical provision in the business context.

The GAO General Management Control Standards

It is vital to establish and embrace credible managerial control standards. Management evaluation should be executed regularly to establish the levels at which the General Accounting Office management and control standards are incorporated within the organization’s virtues.

Concurrently, it should also embrace plans, strategies, and protocols that manage the undertakings and programs of the company. In its evaluation, the following have been ratified:

  * Adherence to the law

IBM’s operations have embraced global regulations and law. The allocation of resources is effectively and efficiently done to serve the rightly authorized purposes.

  * Considerable safeguards and assurance

The administration offers considerable assurances to safeguard IBM against misappropriation. This is a considerable provision in the context of management. It is important to understand how IBM safeguards its business provision and administration quests.

  * Proficiency, Manner, and Integrity

Integrity should be established, ratified, and embraced amidst workers and managers. It is important to understand the values of integrity within the workplace.

  * Audit Findings’ Resolution

Auditing is a critical provision in the business context. Lack of internal auditors has led to misappropriation of funds in several companies and organizations. That is why several companies and organizations have adopted it to help in bringing accountability, so that the money spent can be accounted for.

Internal auditors play a very critical role in the corporate governance of the company, its financial reporting processes, analysis of risk management and the internal control structure.

The internal audit department has helped in maintaining records of where the money goes, and ensures that the money is put into good use, and not for the benefit of individuals. The department has also helped the organization in knowing if it is making or loosing more money.

Internal audit has helped the company in reviewing the processes’ efficiency as well as the related international standards, shows commitment by the top management, offers scope of improvement, offers information for the management review meetings and also helping in the improvement of the client confidence and satisfaction.

Operations Control

  * Assign responsibility for the maintenance and reviewing of operational controls

The management assigns the individuals responsible for the maintenance of the controls and for their reviews to ensure that procedures are strictly followed and correction of deviations done.

In general, employees who are responsible for the SEA (significant environmental aspects) are responsible for the implementation of the related operational controls. Nevertheless, it is the responsibility of the immediate line manager to review the controls regularly. The company has listed the individuals responsible for every set of procedures.

  * Development of training that is operational control-related

The management of the company has ensured success in the meeting of the environmental objectives for every SEA offering sufficient training to everyone responsible for reviewing or maintenance of controls.

  * Take corrective measure in case objective are not accomplished

The management ensures that actions are taken to correct the failures in the operational controls within the quickest take possible to accomplish the environmental objectives.

Contemporary Control

Managerial control refers to the process by which varying business tactics are established and embraced to evaluate whether the ratified strategies are beneficial to the company’s internal environment. The external environment is also monitored.

More so, the control enables managers to examine the programs of the company from a long term viewpoint. Implementing strategic control is essential as it would monitor two things; that the implementation of the strategy is done in accordance with the plan, and whether the outcomes of the strategy are the intended ones.

This is a considerable provision in the context of management and other business provisions. It is vital to determine whether the planned business strategies will help the organization to attain its prospective objectives.

Behavioral Control

To achieve its objectives, IBM should adopt behavioral control. This is a strategy that would help in the monitoring of employees’ behaviors. It would also examine workers accordingly on the basis of their abilities and competence. The manager would examine the efforts as well as the inputs of the workers and see if they are up to the expectations. Employees should be rewarded in relation to their efforts in the company.

Conclusion

IBM is a globalized corporation. It has considerable marketing strategies to ensure that it remains relevant and competent in the market. Their products control the market trends in the realms of technology and novelty. With the modern systems of education, management tactics, and useful theories, IBM has managed to thrive in the market with novel operational ideologies and production systems.

Ideal business strategies can be applied accordingly in any given organization for a better management approach. A number of companies are finding computer industry a lucrative venture thus creating a greater opportunity for computer technicians who range from programmers to engineers. Modern business practices in the computer technology have gone global.

Technological burst through is certainly the major contributor to the expansive and ever growing computer industry. Concurrently, aauditing is a critical provision in the business context. Lack of internal auditors has led to misappropriation of funds in several companies and organizations.

Leadership management pattern at IBM has really contributed to the organization’s success in the computer industry. It is vital to understand that the quality assurance department ensures that standard goods are produced and released to the market.

This has enabled IBM products to have a considerable market penetration. Precisely, it is crucial to determine whether the planned business strategies will help the organization to attain its prospective business objectives.

Works Cited

Szymanski, Aleksander. IBM and the business ethics . London: GRIN Verlag, 2011. Print.

Williams, Chuck. Management . Mason, OH: South-Western Cengage Learning, 2009. Print.
"
29,29,"Multi-Literacy, Its Types and Characteristics Report (Assessment)

Multi-literacy is “the ability to identify, interpret, create, and communicate meaning across a variety of visual, oral, corporal, musical and alphabetical forms of communication” (IGI Global, 2017, para. 2). It presupposes that language is aligned with different contexts that are extremely important for communication. Thus, students are to be taught not only literacy skills but also the identification of alterations in the patterns of meaning depending on the context.

In this way, attention should be paid to culture, society, and subject domain. It is believed that meaning is created under the influence of cross-cultural exchange and due to the interference of written-linguistic modes with other patterns of meaning, such as visual and tactile, etc. (Multiliteracies). In this way, four types of multi-literate practice associated with semiotic systems can be discussed.

Linguistic multi-literate practices are the most traditional ones. They are usually associated with communication by the representatives of the general public as they deal with the production of meaning. Writing is the most typical practice in this framework. Words, word combinations, and sentences, etc. are created to share information between different parties. However, students should develop a range of skills to be able to cope with this activity. For example, to communicate via SMS, they need to have good writing skills: know the alphabet, use capital letters properly, know spelling rules and ways to shorten the words, etc. Technology skills are also required (Andrei, 2014). They are needed to use a phone properly and be able to write and send messages.

Today students often face various signs, and they should be able to understand their meaning. Visual literacy skills are critical in this way because it ensures that the main message is not misinterpreted (Blake, 2016). Students should be able to represent their knowledge through images. For instance, they are to be aware of the main meaning of lines, colors, and vectors. They should easily interpret the message sent by the use of red color and crossed lines, which is prohibition, or a skull with bones that mean danger. In a similar way, students can work with graphics. They need to realize that colors and numbers can represent different subjects and that their form or position can reveal their prevalence or amount.

Students need to be able to understand and properly use various gestures. Gestural literacy skills are vital for communication because they ensure that a person realizes not only what is said but also what is meant by person’s behavior. For example, understanding the meanings of the frequently used gestures, students can get to know what is expected of them or how others treat them. People’s facial expressions, body positions, and postures can reveal their emotions and the major message of the communication. In this way, seeing a person showing his/her palm and having a serious or even angry facial expression, students should realize that they are to stop doing something.

Face-to-face communication makes people coexist in the same environment. The way they organize themselves in it reveals their relationships. Students need to know where they are supposed to stay in order not to be misinterpreted. Spatial literacy skills are vital for this purpose, as they ensure that one can identify how to make others feel comfortable (“Victorian department of education series,” n.d.). In this way, it is critical for them to be able to differentiate how they should be organized in space while interacting with a best friend and with a teacher, for example. As a result, they will also have an opportunity to understand what relationships other people are.

Multi-literacy presupposes the development of aural skills as well. Students should be able to differentiate various sound and determine their meaning. Messages sent by silence should also be considered. In the sphere of education, the main attention should be paid to a bell ring. Students should realize that its presence means that a lesson starts or end while its absence presupposes that a class is held or that it is a period.

References

IGI Global. (2017). What is multiliteracy . Web.

Blake, C. (2016). Defining multiple literacies: The expression of learning in many formats . Web.

Victorian department of education series . (n.d.). Web.

Andrei, E. (2014). Multiliteracy in three english as a second language (ESL) middle school classrooms. TAPESTRY, 6 (1), 19-34.
"
30,30,"“Grammar of Love” and “Dark Paths” by Ivan Bunin Review Essay

Ivan Bunin’s short stories are unique to many authors we may be exposed to in American literature. His prose is highly descriptive, taking in endless landscapes and palatial gothic mansions. Bunin can be considered a realist, coming from the dynamic Soviet realism that was pervasive in Russia during his time. Though Bunin left after the First World War, the influence of his home country in his work is undeniable, even though he is not nearly as widely read as many other more well-known authors. Still, his contribution to literary history is hard to deny. Here we are presented with two of his short stories, “Grammar of Love” and “Dark Paths”. The connections between the two stories are undeniable, presenting us with the timeless themes of love and memory. By examining “Grammar of Love” and “Dark Paths”, we gain insight not only into the complexity of Bunin’s work but into the nature of the human spirit as well.

Ivan Bunin is certainly a larger-than-life character in Russian literature, indeed literature in general. As the first Russian author to be awarded the Nobel Prize for Literature, his style has become renowned in its unique richness. Bunin is associated with the same canonical genre as Leo Tolstoy, Anton Chekov, and other celebrated Russian authors. Like Nabokov and other writers, Bunin left Russia to escape the turmoil of political oppression and wrote much of his popular prose in the Diaspora. This is widely considered quite significant to Bunin’s career, because, unlike Nabokov, pretty much all of Bunin’s work takes place in Russia. Aside from his writing, Bunin was known for being a strong opposition against the Nazi rule that was become increasingly pervasive in the decades after he left Russia, even hiding a Jew in his house while he lived in France. Bunin’s stories often revolve around love, lost love, and the effect that the past has on the present, and our memories.

With “Dark Paths” we are presented with an obscure world of lost love. We see the countryside along which the protagonist, who is only referred to as “Your Excellency” by the driver and the innkeeper, travels, and finally a small house in which the man and his driver stop with what appears at first to be intentions to sleep the night there. When the man enters he is greeted by a woman whose beauty is described as not befitting her age. She is graceful, curvaceous, and witty. Through dialogue between the man and the innkeeper, we discover that she knows the man from their youth. “Your Excellency” is surprised, obviously not having recognized her at all. Bunin often describes the characters’ actions to denote their mood or sentiment. For example, upon discovering the true identity of the innkeeper, “Your Excellency” is described as follows: “His weariness and his indifference vanished. He got up and started pacing the room with resolute strides, his eyes upon the floor.

Then he stopped and, with a blush creeping through his gray sideburns, began to speak” (Bunin 253). This passage seems to express a lot more than what is in the words. In his silence, we assume that the protagonist is reviewing the past events of his life, lost deep in thought, trying to figure out how he lost track of someone he had once known so well. Further dialogue reveals that they were deeply in love and that when he abandoned her and had a family with another, she never gave her heart to anyone else. A sense of intimacy comes across here, almost an expectation that these two love birds, after a lifetime apart, have finally been given the chance to reunite. The man confesses that he had been in love with his wife but that she had betrayed and abandoned him. In the end, the innkeeper, it seems, can not forgive the abandonment. Eventually, the man leaves, after which we discover more about the innkeeper through the words of the man’s driver; he claims that “…she’s getting richer all the time, they say.

She lends money out to folks” (Bunin 255). This is an interesting detail because considering the way the protagonist carries himself and how he is treated; the reader may assume that he is an aristocrat while the innkeeper was lower class. This comment from the driver suggests that “Your Excellency” would achieve some monetary gain if he knows the innkeeper well. However, perhaps as a testament to his true character, the protagonist dismisses the idea and leaves contemplating what his future may have been like if he had chosen the innkeeper as his wife instead of the life he has led. We are left wondering why the man did not turn around to reunite with his long-lost love. In this way, Bunin truly captures the reality of human nature and love; despite the lack of tactile obstacles like distance and spouses, emotional and mental obstacles remain and are perhaps more impossible to overcome than any others.

“Grammar of Love” opens with Ivlev, who is traveling through the country. We do not find out immediately where Ivlev is traveling, we only witness the passing landscapes, the description of the sky and weather, and the initial dialogue between Ivlev and his driver, who is concerned about the horses and seems just as enchanted by the surroundings as Ivlev and the reader. Ivlev notices the weather change, remarking that these summer days often end with an unexpected downpour. They stop and visit with the countess on the way to their destination.

The countess and Ivlev talk, though there is very little dialogue in the text, and the topic frequently comes back to love, and in specific, Ivlev’s late friend Khvoshchinsky who was in love with his chambermaid, Lushka, so fiercely that rumors say he died from madness after she passed away in her youth. They discuss the real nature and reason for his madness; the countess mentions that Khvoshchinsky was an upstanding man who could have been quite intelligent and respectable, but that after the death of Lushka he locked himself in his house and rarely took visitors for the rest of his life. Ivlev eventually leaves the countess to travel further to Khvoshchinsky’s old house, where he meets Khvoshchinsky’s son. Here, Ivlev explains that he is there to purchase the library. The boy leads him through the house, to the library, where Ivlev finds a volume called Grammar of Love which seems to provide a collection of love advice. He leaves with it, consumed with thoughts of his dead friend and Lushkah, who he compares to a female saint. We are left with the verses Khvoshchinsky had written himself in the back of the book.

Both “Grammar of Love” and “Dark Paths” have curiously similar constructs. Both stories begin with a lengthy description of the landscape. This is somewhat reminiscent of Hemingway or Steinbeck, who used the description of the land as a reflection of the time or the sentiment of the character. The next component of both stories is the subtly crafted dialogue. Most, if not all, of the stories, are revealed in their dialogue. In “Grammar of Love” we learn of the effect that Khvoshchinsky’s love for Lushka has had on Ivlev: ” ‘Because this queer fellow had made a divinity of her, I, in my youth, was almost in love with her: I fancied, in thinking of her, God knows what…’ ” (Bunin 160). The last element of the construction of the two stories is the third-person contemplation on which both stories end. In “Grammar of Love” Ivlev leaves consumed with thoughts of Lushka and memories from his past. In “Dark Paths” Bunin ends with the protagonist wrestling over the choices he has made.

This pattern of description, dialogue, and monologue seem unique to Bunin. Another unique element of the construct of the stories is that the emotions of the stories are kept under the surface. There is a very little description of how any of the characters feel, other than the contemplative endings. The reader gains a sense of how the characters are feeling only through the description of their actions. For example, near the end of “Grammar of Love”, Ivlev is in his old friend Khvoshchinsky’s home, speaking with the son and master of the house about Khvoshchinksy’s supposed illness. Bunin describes the son’s reaction to accusations of mental illness only briefly: “The young man flared up. ‘That is, ill in what way?’ he said, and manlier notes sounded in his voice” (Bunin 166). From this reaction to Ivlev questioning his father’s possible mental illness, we get the sense that the son is protective of his father’s image, and remembers him as strong and wise. The “manlier notes” in the son’s voice denote a sense that the son is fulfilling the role of his late father, assuming the authority of the master of the estate.

A very significant theme amongst Bunin’s works is the connection between past and present. In “Grammar of Love”, very little is happening in the present, and what does occur is linked wholly to the past. In the nearly excessive description of the land that passes as the protagonist Ivlev travels, we get the sense that this is simultaneously being seen and recalled from Ivlev’s past. We are presented with Ivlev’s thoughts—he recalls his friend from youth Khvoshchinsky and his lost love Lushka, who was his chambermaid. This relationship between his childhood friend and Lushka becomes the center stone of the story.

“Dark Paths” also entwines past and present. Bunin uses these characters to show the unavoidable influence the past has on the present. Perhaps if the two had met for the first time in this story, they may have become lovers. But their past seems to be the one thing holding them back. The innkeeper can not forget and forgive the abandonment she suffered as a girl, and “Your Excellency” can not seem to move beyond the wounds he carries from what he sees as his failed past. The theme of past and present also explains the sense from dialogue that the two are brought back in their minds to the past, when they were shy and young, but are always aware of how much time has truly passed. He repeatedly remarks on how wonderful she was then as if to emphasize that he does not see that same beauty anymore. ” ‘Ah, how lovely you were then! How passionate! How beautiful! What a body, what eyes! Remember the way everyone gazed at you” (Bunin 254)?

The role of experience and memory is also integral to the understanding of both stories. In “Grammar of Love”, Ivlev can not escape the experiences of his youth. He recalls the memory of Khvoshchinsky and his lost love in a way that seems to pain him rather than bring him nostalgia and joy. His memory is so strong that he even recalls feeling as though he loved Lushka himself because his friend’s obsession had been so strong. When Ivlev asks her son to see the necklace that once belonged to Lushka, he is left with a strong feeling, which he later compares to that of an experience he had in which he had seen the ancient relics of a female saint. Indeed, thoughts of Lushka linger with him even after he leaves the house when he remarks that “She has come into my life forever” (Bunin 172). This effect of feeling as though he loved her himself is an interesting one. Perhaps this is Bunin’s way of remarking upon the nature of man, the truth that reality and memory are practically indistinguishable from each other, as over time the mind distorts our memories.

The element of experience and memory is also a focal point in “Dark Paths”. For example, when “Your Excellency” arrives at the inn, he does not recognize his lost love until she mentions where she was raised. Time has skewed his memory to the point where someone he once loved dearly and intimately, was now a stranger to him, by which he seems surprised. “Dark Paths” truly expresses to its readers the fragility of time and experience, and how at any given moment there are several paths to choose from, with each choice we make taking is far away from the results another choice may have given us. Bunin uses the element of experience when explaining what the protagonist’s life has been like since he left the innkeeper as a young girl. He considers the fact that the failed experience with his wife has changed him irrevocably, and wonders what his life would have been like without this experience, having instead chosen to stay with his first love. Aside from the characters wrestling with the effects of experience and memory, the author leaves the readers pondering their nature as well. As we leave the protagonist questioning the choices he made in the past, we question why he left the inn. If his experience with his wife had been different—perhaps he had left her instead of her him—would he have acted differently? Does his sense of betrayal from his wife give him guilt that he did not choose the woman who truly loved him?

Certainly, it seems as though the questions we are left with are the true value of Ivan Bunin’s stories. Bunin leaves his endings somewhat unresolved. Perhaps more accurately, he ends his stories by presenting the protagonist with a new dilemma, and the reader with food for thought. These are atypical reflections on the love that become more realistic than other more cut and dry love stories. Bunin presents us with the reality of love, that it is fragile and easy to lose, and that finding it never truly guarantees happiness. Bunin’s literary relevance is undeniable, despite being lost and nearly forgotten beneath the celebrity of contemporary’s Chekov and Tolstoy. Bunin, unlike the others, provides a side of Russian literature that we may not otherwise see—that of subtlety, understated emotion, and stylistic prose. Thus, Bunin’s work should be considered with the same regard we give our favorite popular authors.

Works Cited

Bunin, Ivan. “Dark Paths”. 250-256.

Bunin, Ivan. “Grammar of Love” (1934). 158-172.
"
31,31,"Recruitment and Staff Selection Recommendations Essay

Companies should be careful when hiring employees because the kind of employees working in an organization will determine the effectiveness of an organization. There are various methods of recruiting employees; employers can ask for records and official documents from which they can learn about the person or they can decide to do the back ground check, also known as personnel selection.

Health care organizations can advance the quality of their employees by implementing more effective screening procedures to avoid future problems since applicants cannot be trusted to disclose any previous cases of criminal behaviors. In many countries the employer is liable for any mistakes made by an employee especially in the medical field as the employer should have know whether the employee poses a foreseeable risk of harm or danger to others.

Despite all the precautions being taken there is always a possibility of employee indiscipline that could develop later after the employee is hired. It could be deliberate, psychological or could be triggered by an event for example, death of a close person making an employee lose his or her self will. The employees should be handled with care at this stage since they could be a threat to the organization or even against themselves.

There should be correction procedures for such employees, they could be; counseling sessions, warning letters, suspension, demotion, salary withdrawal or dismissal if the situation cannot be completely reversed. The following sanctions should come up progressively so as to provide time for the employee to change, while some like counseling could continue even after the employee has reformed or even after termination for rehabilitation.

When terminating an employee, all details should be recorded in the personnel database including the reason for termination and any disciplinary actions that were previously administered. The termination should be properly planned and the letter should be carefully written because any ambiguities could be used against the organization in court.

The employee should be informed in a private meeting and it should be as professional as possible and brief, because too much talking can lead to unpleasant arguments that the employee could use in court against the organization. All due benefits and salaries should be surrendered in time and the financial transactions should be documented for future use if needed (Lee, 1996).

Designing job advertisements can be quite a challenge because the information given will determine the kind of people who will apply and hence also it will affect those that will be employed. An advertisement should be designed to capture the attention of the right people that are required not just anyone.

The title of the job should be very clear; it should be the first thing that one notices when he or she looks at the advert. The organization should also be written under its official names, location and address also should be included.

The job description should be clearly stated and the entire main details clearly written hence avoiding any ambiguity. This does not mean that the advertisement should be long and prosy; it should just give the right information regarding the job.

This part can comprise of the academic qualifications required, the social qualifications, duties, time; it could be full time or part time, any special requirements like female applicants or the disabled should also be included and may even include the salary but it is not necessary although it can be a good way to regulate the applicants.

The grammar punctuations and language should also be accurate and precise. The most essential skills should be clearly written followed by the extras and other benefits expected. Finally instructions of how to apply for the job should be written down and the mode of application should be clear.

It could be through direct mail letters or even online, however the company should ensure that the mode is reliable and easily accessible to the applicants. The deadline of application is also very important and it should be set depending on the mode of application to be used because some mediums are faster than others (Stone, 2005).

There are two nursing jobs advertisements that have identified; one on the Nursing Jobsite .Com and the other on Career FAQs Medicine.com. The first is advertising for a registered general nurse to work in London south west, the job is temporary, the salary is negotiable, the job reference number is given and the address for application and that is all the information provided.

That advert is very short and too brief, the company or hospital is not mentioned, the qualifications are not stated and neither are the duties of the nurse.

This advertisement leaves the applicants very confused and asking many questions and it may even discourage them because it shows lack of seriousness in the organization. The second advertisement requires a registered and experienced nurse to work in the theater suite at St John’s Royal Hospital.

The details of the hospital are provided whereby, the applicants are informed that they will be trained for free for the specific job by the hospital, the qualifications are well written, other extra skills needed are also stated and also it is noted that the job is full time. The job reference number is provided and the place of sending the applications is also provided.

I would apply for the second job because it has all the information needed about the position, the duties, and the organization is clearly provided. This shows that the hospital is well organized and it is also serious with meeting its objectives hence providing a good place to work for a person’s career development.

Reference List

Lee, E. (1996). “Globalization and employment”. International Labor Review , Vol. 135 No.5, pp. 485–98.

Stone, R. (2005). Human Resource Management . Melbourne : John Wiley and Sons.
"
32,32,"Corporate Sustainability in Muslim Economies Study by Khattak Essay

Table of Contents
 1. Summary
 2. Methodology
 3. Results
 4. Personal Opinion on the Article

Summary

The article “Corporate sustainability and financial performance of banks in Muslim economies: The role of institutions” by M. A. Khattak intends to investigate whether institutional quality mediates the relationship between sustainability and financial performance. The author states that during recent years the topic of corporate social responsibility has gained increased attention from various stakeholders.

As a result, more and more top-level corporations disclose their investments in sustainable initiatives. For instance, based on the study conducted by KPMG in 2017, 93% of the 250 largest companies revealed their environmental, social, and corporate governance. However, Khattak maintains that not all managers are convinced that sustainable behavior may lead to certain benefits for the company. Particularly, people doubt that the former may positively impact an organization’s financial performance. In this regard, the scholar hypothesizes that the relationship between those two variables may not be as straightforward as it may first seem. Therefore, Khattak proposes to analyze the role of institutional quality as the mediator of a causal link between sustainable behavior and financial performance.

Methodology

The final panel under investigation included the data of banks from 13 Muslim countries from 2007 to 2016. In order to avoid the problems with heterogeneity, correlation, and endogeneity, Khattak uses the system GMM (generalized method of moments) approach. The author uses financial performance – which consists of two indicators, namely return of assets and returns on equity – as the dependent variable. Independent variables encompassed sustainable performance, institute quality, company capitalization and liquidity, asset quality, GDP growth, and inflation rate.

Results

The regression model revealed that banks that invest more in sustainable practices have better financial performance. It is explained by the fact that high levels of corporate social responsibility positively influence a company’s image, resulting in more people who are willing to use the services of brands that act sustainably. It is argued that, as a consequence, banks that have more customers experience a surge in deposit rates and a decline in loan rates.

Also, it was found that institutional quality serves as a mediator of corporate social responsibility’s impact on financial performance. Results showed that better institutions are associated, firstly, with increased sustainable practices and, secondly, with improved financial performance. However, Khattak notes that pro-environmental behavior translates to monetary benefits only when the company is able to communicate that information to its clients adequately.

Personal Opinion on the Article

In my opinion, this article addresses a very crucial topic for the modern business world. As the popularity of environmentally friendly behavior grows continuously, it is necessary to know how corporate social responsibility can help companies to adapt to new realities and whether it brings additional revenues. In this regard, understanding how the level of institutional development can affect financial performance is important both from the macro- and micro-economical perspectives.

It can be argued that the results are credible as Khattak deliberately considered all the possible problems with the data (such as heterogeneity, correlation, and endogeneity issues) and chose the most suitable model. However, I have certain doubts concerning the usage of an institutional quality variable without controlling for the overall sentiments of the country’s citizens regarding sustainable behavior. I think that in countries with developed institutions, people are generally more concerned with environmental issues. As a result, they would be more attracted to corporates that are socially responsible than individuals from other countries. Therefore, what is considered the institutional impact may, in reality, be explained greatly by people’s priorities.
"
33,33,"Labor Unions and Their Relevance Then and Now Essay

Why were labor unions established?

Labor unions were established as a joint effort by industrial and civil workers to seek attention to their common problems. Most workers experienced almost similar problems ranging from remunerations to general working conditions as well as interpersonal relations at their workplaces. This called for a joint solution from all workers to have their pleas heard, and as a result, labor unions were established.

Are they relevant in today’s workforce? Why or why not?

I do not have any personal experience with such unions, but I have a feeling that labor unions are still relevant. They have, in many circumstances, turned out to be the only channel where employees can confidently channel their grievances to the relevant administrative authorities without fear of victimization or whatsoever. Labor unions provide a platform for healthy negotiations between administrators and their subjects regarding employee relations hence helping curb unnecessary workers’ strikes and boycotts.
"
34,34,"Child-Directed Learning Centers Report

The four learning centers that are appropriate to contribute to the development of 4-year-old children are Blocks Center, Creative Arts Center, Pretend-Play Center, and Sand and Water Center. These centers are organized according to the interests of young children, and they are effective to guarantee the development of children’s specific skills (Kostelnik, Soderman, Whiren, & Rupiper, 2011). It is important to discuss each center and the rationale for organizing it in detail while focusing on the used equipment and expected outcomes.

Blocks Center requires a large space covered with a carpet. All materials, including big and small wooden and plastic blocks, cars, trucks, and figures of people and animals, are organized on open shelves. In this center, children can build with the help of blocks in pairs and groups of three-four students (Face, 2009). This center will contribute to the children’s learning because of developing gross-motor and fine-motor skills, coordination, and abilities to balance objects and solve problems.

Creative Arts Center is an area with tables, working at which children can create figures and objects with the help of plasticine and paper; draw using crayons, pencils, and markers; paint; use chalk (Kostelnik et al., 2011). These practices are important to develop children’s skills in working with different textures and manipulating them for a certain purpose.

Pretend-Play Center is an open space where children can easily communicate and play with each other, following certain scenarios or rules. The materials include toys and equipment for assuming certain roles typical of adults (Kostelnik et al., 2011). Therefore, this center is equipped with toy kitchen appliances, doctor’s clothes, and additional materials for the role plays. The activities in this center are effective to contribute to the child’s socialization and self-expression.

Sand and Water Center is necessary for 4-year-old children to enhance their tactical experiences and scientific knowledge. The center is usually equipped with large and small containers and sources of water. While working with sand and water, children learn to understand the qualities of substances and their volume (Wallace, White, & Stone, 2010). They also develop gross-motor and fine-motor skills while scrubbing sand or pouring water.

These four centers are selected because they provide children with opportunities to be involved in the developmentally appropriate activities. It is important to note that 4-year-old children actively facilitate their motor skills, as well as pay much attention to their feelings and observation (Kostelnik et al., 2011). They also learn about different shapes and forms. Furthermore, the focus is on the effective socialization of children through the play. The proposed centers provide a range of possibilities to develop the identified skills and abilities.

Possible barriers that can be faced during the process of organizing the centers is the lack of space in the classroom and the impossibility to organize the work of Sand and Water Center effectively in order to prevent pouring water outside the center or spreading sand in the room. To address these issues, it is important to focus on selecting the appropriate equipment. All four centers should be planned depending on the size of the classroom, and all the equipment should be organized with the help of shelves to provide the room for tables or carpeted areas. In Sand and Water Center, it is important to use special sand tables with high sides, as well as tubes and containers for water.

References

Face, C. D. T. (2009). Block play: Practical suggestions for common dilemmas. Dimensions of Early Childhood , 37 (1), 3-8. Web.

Kostelnik, M., Soderman, A., Whiren, A., & Rupiper, M. (2011). Developmentally appropriate curriculum: Best practices in early childhood education. Upper Saddle River, NJ: Pearson. Web.

Wallace, A. H., White, M. J., & Stone, R. (2010). Sand and water table play. Teaching Children Mathematics , 16 (7), 394-399. Web.
"
35,35,"Business Process Model and Organization as System Report (Assessment)

Table of Contents
 1. Business Process
 2. Organizations as Systems
 3. The Best Process View
 4. Copa Airlines
 5. The Seven Domains Model
 6. Reference List

Business Process

Corlett (2014) defines “the term business process as a set of tasks aimed at promoting a specific organizational goal” (p. 5). Business organizations tend to have a wide range of goals and objectives. The nature of the business process will therefore depend on the targeted goals. Several things should be included in every business process. To begin with, the business process should have a proper Process Flow Diagram (PFD). The purpose of the PFD is to outline various tasks and activities that should be completed throughout the process.

The next thing to incorporate in the business process is an outline of the major persons or departments responsible for various tasks. Such activities or tasks should be completed effectively in order to achieve the targeted business goals. Some of the departments or positions might include team leaders, store managers, assistant supervisors, and employees (Kim & Solomon, 2013). The inclusion of these positions will identify different tasks that should be completed in order to support the targeted goals. The business process should also describe the nature of the targeted results. Accurate and updated reports should also be included in order to promote the best actions.

According to Mele, Pels, and Polese (2015), a business process should omit every unnecessary activity. For instance, the nature of the business process will dictate the major aspects that should be included. Individuals without a role to play should be excluded. Unnecessary tasks should also be avoided whenever drafting a powerful business process. Such duties might not support the targeted goals.

Organizations as Systems

The “term organization as a system refers to a new perspective whereby various activities are interconnected in order to promote the best practices and goals” (Mele et al., 2015, p. 131). According to this perspective, everything within an organization is connected in order to work together. Corlett (2014) views a system as something composed of numerous parts that work together in order to complete specific tasks. Corlett (2014) also argues that “the concept of organizations as systems promotes new managerial practices that can address the needs of all components” (p. 12).

The above approach is superior to the traditional view of an organization. This traditional concept treats organizations as entities with different departments that operate separately. Some of “these departments include sales, production, customer service, marketing, and logistics” (Mele et al., 2015, p. 134). This kind of arrangement compels different workers report to their supervisors. The existing organizational departments also work separately. The concept also promotes labor specialization.

The Best Process View

It is agreeable that the process view of organizations as systems is appropriate for effective performance. This view encourages different employees to work together. Every unit will focus on the performance of the other departments. Decisions will be made faster thus promoting the best organizational outcomes. As well, the approach makes it easier for different organizations to embrace new business changes. Such organizations will manage their inputs, feedbacks, and processes effectively (Kim & Solomon, 2013). Various performance systems are also aligned in order to produce the best outcomes. The approach will also promote the best business processes thus delivering quality results.

Copa Airlines

The current organizational chart for Copa Airlines shows how different functional divisions report to the company’s Chief Executive Officer (CEO). There are also two sub-divisions that should report to the Senior Vice President of Operations. The targeted goal is to attract and fly more passengers. This approach will eventually produce more profits. A new system should therefore be designed whereby the Operations, Safety, Passenger Services, and Flight Operations departments will focus on the experiences of different customers (Kim & Solomon, 2013). The Flight Operations and Passenger Services departments should also liaise with the Frequent Flyer Program in order to attract more customers.

Fig 1: Proposed business processes for Copa Airlines

The Safety and Maintenance divisions should collaborate with the Flight Operations department in order to support the needs of more passengers. These departments should also collaborate with the HR department. This strategy will address the needs of different employees. The firm should also adopt new technologies in order to improve the experiences of different stakeholders. The CEO will therefore oversee the functionality of these complex processes. The proposed high-level business processes will eventually improve the performance of Copa Airlines (Corlett, 2014). The approach will attract more passengers and eventually make the firm profitable.

The Seven Domains Model

The Seven Domains Model focuses on specific aspects that determine the profitability of a specific business process. This model is closely related to the business process view. This strategy has nothing to do with the functional structure of a firm. The model identifies specific aspects that should be considered whenever implementing a business process. The organization will examine the macro and micro aspects of the targeted market. The next step is examining the skills and abilities of the internal team. The Seven Domains make it possible for managers to identify the most appropriate ventures for their organizations (Fisher, 2011). Business organizations can use the model to determine whether different processes will result in profitability or growth. This argument explains why business firms should use the Seven Domains Model whenever executing their businesses processes (Fisher, 2011).

Reference List

Corlett, J. (2014). Systems Theory Applied to Organizations . Web.

Fisher, J. (2011). The Four Domains Model: Connecting Spirituality, Health and Well-Being. Religions, 2 (1), 17-28.

Kim, D., & Solomon, M. (2013). Information Security and Assurance Textbook: Fundamentals of Information Systems Security. Burlington, MA: Jones & Bartlett Learning.

Mele, C., Pels, J., & Polese, F. (2015). A Brief Review of Systems Theories and Their Managerial Applications. Service Science, 2 (1), 126-135.
"
36,36,"Why the Germans lost Essay

Why Germany Lost and Why It Took the Allies So Long to Win

As the World War II began, in 1939, most of the European countries were forming alliances to gear up for the war. Most of the Eastern Europe countries ganged up with Germany to form a stronger alliance. Germany was the favorites in this war and proclaimed to be the strongest contender in the whole of Europe.

German had conquered nearly half of Europe thus making it easy for them to pursue the other countries in war. With Adolf Hitler in command, he led his army to brutally fight and conquer what he termed as enemies of Germany (Overy, 1997).

Germany’s strong point was that they used heavy artillery and had a remarkably stable air force. With a total number of 6000 tanks and 4000 aircrafts, the Germans foresaw early victory in this war. They had a grand master plan on how to win the war. They engaged massive tank battles and destabilized most of the eastern front forces.

Nazi forces conquered Denmark, Sweden and Poland which was a vital process to Hitler. This conquest assured him that he would win the war. After a series of wars, Germany managed to defeat Holland, France and Belgium hence the Nazi’s continued to push further and attack Britain (Overy, 1997).

In the pacific waters, the Japans were fighting on behalf of the Germans. They had the same ideologies as the Germans hence led to Hitler ordering the massive massacre of the Jewish. Germans were in the fore front in production of armories, hence gave them an upper hand to control the distribution of army resources. Germany and Japan were well prepared for the war hence they had initiated recruitment process of recruiting young soldiers and engaging them to vigorous training (Overy, 1997).

The Germany’s fighting front faced some weaknesses. Hitler was not certain on what decision to take. When engaging the soviet forces, he took so long to decide whether to attack or not. He wanted to use his new fleet of tanks known as panther tanks. He was extremely confident that the panther tanks will grant him victory.

The soviet forces caught them unaware, and defeated them in this battle. All his hopes of using the panther tanks went down the drain since most of this tanks broke down at the battle while a good number of the tanks fell into his opponents’ hands. Another weakness is that the Germans underestimated the capability of their enemies.

In the battle against Britain, the German forces had planned an operation Sealion. They were to destabilize the Royal Air Force altogether. However, the Royal Air Force with the help of the Soviet Union overturned Germany’s plan and defeated them. This infuriated Hitler, and he decided to invade Russia (MacDonald, 2009).

Another outstanding setback came after Adolf Hitler’s suicide mission. The Nazi had to fight for their lives and without anyone to lead them thus they gave up on the war. The Nazi’s encountered a lot of challenges like; lack of fuel for their tanks and air crafts, food for their army and medical treatment. The Americans decided to stop the Nazi’s from conquering the world. They attacked the japans with atomic bombs and crippled the Germans front in the Asian wing.

As with the allies, they had more sophisticated tanks than the Germans and more technology on war fare. They invented the atomic bombs which played a crucial role to destroy the German forces. Moreover, the allies were considerably favored with these sophisticated scientific inventions. They also merged industrial power for instance Britain and France, Soviet Union and America.

This enabled them to be much superior in terms of manufacturing key resources of war. Their industrial capability overshadowed that of the Germans. The allies also were the leading suppliers of petroleum to Japan hence it was easy to cripple Japan by just denying them this precious commodity. The Royal Air Force of Britain was superior to the Germans’ air force.

This led to the defeated of Germans’ air force. With this silent defeat, British air force took control of nearly half of Europe air space. The allies had an upper hand on this since they forced Germany to sign the treaty of Versailles. This treaty limited the Germans not to use tanks, air crafts and other heavy artillery. The allies were extremely organized and well planned.

This as well gave them an upper hand to counter both the Japanese army at sea and the Germans. The allies had powerful air forces and controlled the naval activities. This was the key aspect to win the war. The red army of the allies learnt how to fight effectively as a unit until the war ended. They gained much support from the civilian resources thus they built up confidence to win this war (Overy, 1997).

The allies faced limited expenditure on army machinery. This gave an upper hand to the Germans since they invested all their resources to acquire the best military machinery. Hitler had significantly interfered with the weaponry of the allies hence they faced a lot of complications in operating these weapons.

The allies’ soldiers were mostly unskilled giving them a lot of difficulties in the war. Fighting a very ruthless leader such as Hitler proved to be an exceedingly difficult task since most of the allies’ army soldiers were brutally murdered. Any provocation towards him led to many innocent victims dying.

German was well prepared for this war, and as a result, many allies’ soldiers were caught unaware when the war began. Many countries rallied behind Germany in World War II. It was very easy for Germany to get their support since all these countries were Germany’s conquest in the earlier battles (Overy, 1997).

References

Overy, R. (1997). Why the Allies Won. New York: W.W. Norton Publishers.

MacDonald, F. (2009). World War 2 . New York: Gareth Stevens Publishing.
"
37,37,"Work Environment Assessment in Healthcare Coursework

Introduction

The purpose of this paper is to reflect on a work environment assessment regarding healthcare. Operating in healthcare can, at times, be stressful. Due to the job’s stressful nature, sometimes healthcare experts neglect to speak in a considerate and polite manner. Nevertheless, safe patient care depends on our capacity to effectively manage stress, handle our emotions, and communicate respectfully. Relationships amidst workers can affect their capability to perform their tasks and their fidelity to the company and provide safe, quality care for the patients. The American Code of Ethics for Nurses states that they must promote ethical, secure, and civil workplaces (Clark, 2015). Nurses must learn the skills to address incivility, and organizational managers must encourage an environment where they feel empowered to speak up.

Consequently, every member of the Nursing specification must raise awareness regarding the benefits of encouraging civility to protect and promote patient safety. In a work environment having high stress where change is continuous and where system and demanding assignments are expected, decisions and other members’ ideas of the health care team might mean no risk to patients or the difference between harm.

Work Environment Assessment

From the results of Clark’s Healthy Company Inventory, where I am employed, it attained a score of 75, which is regarded as a mildly healthy. I have consistently enjoyed functioning at my institution as the nurses have always been heard and valued. The organization has a new CEO who started leading for the past two years, and regrettably, the job nature has been exceptionally altered and not so right. The out-turn of the Assessment of the work environment indicates adverse change. The company’s colossal number upholds and lives the organization’s mission as collaboration and teamwork is apparent. It has a beautiful mentorship program, and there exist many chances for growth and development, while there are also competitive wages and benefits.

There is no unity between the leadership and staff related to communication and transparency. The organization continues to take supplies away without any warning. We just come in one day, and it’s gone. The most recent things that have been taken out are our water pitchers, adult briefs, deodorant, and IV therapy. We are told to use Styrofoam cups and that deodorant is not a necessity. Rumor has it the adult briefs were taken away to try and prevent pressure ulcers. IV therapy was taken away due to budget, and there is little to no explanation or communication. This has led to an uncertain work environment, and the staff does not feel valued, and thus, we have had several people quit. This has caused most floors to have fewer teams to work and has led to entire hostile work conditions.

I was astonished that my company’s work environment range of civility was only mildly healthy; I expected it to fall in the field of moderately healthy. Another surprising factor is how much employee satisfaction, engagement, and morale affect an organization’s civility. I have always identified civility as being polite and respectful to one another. After conducting the Assessment, I realized many factors contribute to the courtesy of an organization. One idea that I believed before conducting the evaluation was that communication and teamwork are essential to a healthy work environment, as the Assessment confirmed this. The inventory outcomes recommend a workplace that is mildly healthy. Regarding the results, the company I am employed with should enhance transparency, employee satisfaction, and communication. Refining these characteristics will develop workplace health and civility.

Reviewing the Literature

Clark (2015) argues that healthy communication must exist to achieve health and civility within an organization. Leaders need to promote open discussion and continuing dialogue regarding a healthy workplace’s fundamentals to obtain healthy communication. Discussing similarities, differences and identifying ways to improve the environment can be beneficial (Clark, 2015). The DESC model is a framework that can be used to structure a civility conversation. The DESC model elements include expressing a particular situation, describing concerns, and revealing other options and consequences (Clark, 2015).

Genuine esteem represents civility to others, including presence, time, a purpose to pursue a usual ground. Treating everyone with courtesy and respect is necessary for effective communication, productive conflict negotiation, and team building. According to Clark (2015), incivility is the show of disrespectful or rude behavior that can cause physiological or psychological distress for the parties involved and, if not addressed, may lead to a threatening or unsafe situation. Incivility acts can take different forms like verbal and uncivil nonverbal behaviors and failure to react when warranted, mainly when victim safety is in danger.

The main reason the organization I work for scored only mildly healthy on the job Environment Assessment is lack of unity among the managers and staff and directly related to communication. With all of the recent changes within my organization, the work environment has become very stressful. Nurses and management do not communicate with civility. Nurses have to learn the skills to share in uncivil situations. Management needs to foster an environment where nurses can express concerns regarding the well-being of the patients. The theory contemporary in Clark’s task (2015) conveys unhealthy communication. Clark (2015) recognizes that critical dialogues are rugged and offer strategies to make these conversations less stressful.

An example of an uncivil encounter that frequently takes place between management (Issa) and nurses (Nginde): “Hey Nginde, there is an admission targeted on the board. You are going to take it.” Nginde has already discharged three patients and has taken two admissions. He has five patients, while other nurses have three. He hasn’t completed his other entries, is behind on charting and his med pass. He also hasn’t had lunch yet and is starving. Nginde decides he needs to deal with this situation. Here is how he might use the DESC model with his manager.

Describe: “Issa, I can appreciate your need to assign admissions to a nurse. We all agree that having clear assignments is vital to patient care.”

Explain: “I am overwhelmed and very behind because I just received two admissions. I am not able to provide safe, high-quality care to another admission.”

State: “I realize that as a manager, it is your responsibility to make sure every patient has a nurse. But I’d like to talk about alternative options for this admission because I am unable to care for this patient.”

Consequence: “Let’s work together to discuss alternatives for this admission. I need to have a voice in decisions that affect me.”

Health-Based Strategies to Create High-Performance

Inter-Professional Teams

Pre-briefing and prior learning are strategies focused on the relationship between incivility, remaining silent when uncivil encounters occur, and the potential impact this has on patient safety (Platt Tarafdar & Williams, 2019). Sadly, vulgar experiences have been made to be the norm. When incivility occurs, the Management and Staff do not intercede. Instead, everyone pretends not to see it. Providing staff and control with the education that supports the correlation between disrespect and patient safety will hopefully be enlightening and inspire change.

Cognitive rehearsal is a strategy that is evidence-based for teaching effective communication, and it enlightens the uncivil workmates that it is unacceptable to act in an impolite way (Griffin & Clark, 2014). Currently, the staff does not intervene when incivility occurs because they do not know how to. But addressing the incivility when it occurs may have tremendous success in stopping the behavior. Cognitive rehearsal gives staff the tools to manage incivility promptly and civilly.

Monthly staff meetings are currently held. These meetings now include any organizational changes, new policies, safety concerns, and staff questions, concerns, or suggestions. We have never developed a shared vision and a culture of civility. A great way to foster civility would be to create a shared vision and courtesy culture during a meeting (Clark et al., 2011).

The other strategy is before learning, whereby there is a growing acceptance concerning the incivility effect in healthcare workplaces regarding the low performance of either the bystanders or recipients. The impact of incivility contains a critical place in healthcare before learning; hence it has not been well explored. Nurses should engage in persisted learning as a requirement to have an essential part of advanced knowledge in the healthcare workplace (Ng Niven & Hoel, 2019). From the professional performance perspectives and patient well-being, the patients’ interests, learners, and teachers enable this education to be effective and as efficient as possible.

My organization currently has some fantastic nurses who pride themselves on providing high-quality patient care and living its mission. A strategy to bolster this practice would be to reinforce positive behavior (Clark et al., 2011). Strengthening positive action can be simple. A simple email from management recognizing the behavior goes a long way. Even a meal ticket for a free lunch in the cafeteria would be much appreciated. People will continue to work hard when they feel their efforts don’t go unnoticed.

Conclusion

Incivility in a healthcare institution can lead to unsafe working conditions and the safety of a patient. Care providers and organizational leaders must communicate in a way that fosters civility and empowers nurses to speak up. They must strive to create and sustain a healthy work environment where courtesy is evident. Overall, Companies should come up with a no tolerance policy for incivility in the workplace. The procedure could have a penalty resulting in every infringement, verbal caution for the initial offense, written caution for the second mistake, non-payment leave for the third one, and termination. The department of human resources should be included in the policymaking process.

If incivility at the workplace is tolerated, destructive behaviors become commonplace and continue in the working environment. Each team member in a company should be educated on the right professional characters with the job code of conduct. Both staff and nurse managers must have the ability to identify it, taking it seriously, and cease the action in its ways.

References

Clark, C. M. (2015). Conversations to inspire and promote a more civil workplace [PDF document]. Web.

Clark, C. M., Olender, L., Cardoni, C., & Kenski, D. (2011). Fostering civility in nursing education and practice: Nurse leader perspectives. JONA: The Journal of Nursing Administration , 41 (7/8), 324-330.

Griffin, M., & Clark, C. M. (2014). Revisiting cognitive rehearsal as an intervention against incivility and lateral violence in nursing: 10 years later. Journal of Continuing Education in Nursing , 535-542.

Ng, K., Niven, K., & Hoel, H. (2019). ‘I could help, but…’: A dynamic sense making model of workplace bullying bystanders. Human Relations , 0018726719884617.

Platt, N., Tarafdar, M., & Williams, R. A. (2019). The complementary roles of Health Information Systems and Relational Coordination in alcohol care pathways: The case of a UK hospital [PDF document]. Web.

Appendix A

Work Environment Assessment

Template.

Work Environment Assessment Template

Use this document to complete the Module 4 Workplace Environment Assessment .

                                                                                                                                                                                                    From the inventory results of Clark’s Healthy Workplace, my workplace attained a 75 and is regarded as mildly healthy. I have been enjoying and loved working at my company always. The nurses’ voice and performance of tasks in the organization have always been valued. About two years ago, the organization appointed a new CEO, and since then, the work environment has changed drastically for the worse. The outcome of the work environment assessment is a reflection of the negative change. The boundless majority of the company upholds and lives its mission where collaboration and teamwork are evident. It has a magnificent mentorship program, and there are high chances for advancement and growth whereby, besides having competitive wages and benefits.   
Summary of Results – Clark Healthy Workplace Inventory                                                                                                                                              There is no unity between the staff and management, and the lack of conformity is related to transparency and communication. The company keeps on taking supplies away without any caution as we just come in one day, and it is no more.                                                                                                                                                                                                                                                                                                                                                                                                                                                                                                                                            
                                                                                                                                                                                                    The latest things that have been taken away are our adult briefs, water pitchers, IV therapy, and deodorant. We are directed to use Styrofoam cups, and deodorant is not that necessary. There are rumors that the adult briefs were excluded to prevent and try pressure ulcers. IV therapy was excluded regarding the budget, and thus, the organization has no to little communication or explanation. This has caused the work environment to generate many trust issues where the staffs feel disregarded while others already quit their job. Furthermore, it has led most departments to have a few teams left, creating a real hostility in the work environment.                                                                                                            
Identify two things that surprised you about the results. Also, identify one idea that you believed before conducting the Assessment that was confirmed.                                            I was astonished that the work environment of my organization’s civility range was barely mildly healthy. I expected to find it in the field of moderately healthy. Another factor astonishing is the level                                                                                                                                                                                                                                                                                                                                                                                                                                                                                                                                                                          
                                                                                                                                                                                                    Employee engagement, morale, and satisfaction affect the organization’s civility. I have identified civility always as being respectful and polite to one another. After the Assessment, I recognized that there exist dozens of factors contributing to the organization’s courtesy. The Assessment confirmed and generated the idea that teamwork and communication are crucial to a healthy environment.                                                                                                                                                                                                                                                                                                                                                                          
What do the results of the Assessment suggest about the health and civility of your workplace?                                                                                                      The results of the Clark Workplace Inventory demonstrated a mildly healthy workplace. The company I am working for needs communication improvement, employee satisfaction, and transparency regarding the products. Refining these factors will increase the health and civility of the workplace.                                                                                                                                                                                                                                                                                                                                                                                                                                                                                   
Briefly describe the theory or concept presented in the article(s) you selected.                                                                                                                    Clark (2015) asserted that there must be communication for an organization to achieve civility and health. To attain healthy communication, managers need to allow open continuing dialogue and discussion concerning healthy workplace fundamentals. Discussing similarities, identifying ways, and differences in improving the environment can be significant (Clark, 2015). The DESC model is a framework that can be utilized to form a civility conversation. Its elements include describing the specific situation, expressing concerns, and stating other alternatives and consequences (Clark, 2015).                                                                                                                                                                      
Explain how the theory or concept presented in the article(s) relates to your Work Environment Assessment results.                                                                                  The primary reason the organization I am is working for scored a mildly healthy on the Assessment of the work environment is there is distrust between the staff and management that is related directly to communication. With all of the recent changes within my working area, the work environment has become very stressful. Nurses and power do not communicate with civility, but nurses need to learn to share in uncivil circumstances. The management needs to promote an environment where nurses can express concerns regarding the well-being of the patients. The theory found in Clark’s work (2015) unveils unhealthy communication. Clark (2015) realizes that critical conversations are stressful and offer strategies to make these conversations less stressful.
                                                                                                                                                                                                    An instance of an uncivil encounter that takes place frequently between management (Issa) and nurses (Nginde): “Hey Nginde, there is an admission targeted on the board. You are going to take it.” Nginde has already discharged three patients and has taken two admissions. He has five patients, while other nurses have three. He has not completed his other entries, is behind on charting and his med pass. He also has not had lunch yet and is starving. Nginde decides that he needs to deal with this situation. The following is how he might use the DESC model with his manager;                                                                                                                                                                                      
                                                                                                                                                                                                    Describe : “Issa, I can appreciate your need to assign admissions to a nurse. We all agree that having clear assignments is vital to patient care.”                                                                                                                                                                                                                                                                                                                                                                                                                                                                                                                                                                                                                                  
Explain how your organization could apply the theory highlighted in your selected article(s) to improve organizational health and/or create stronger work teams. Be specific and provide examples.  Explain: “I am overwhelmed and very because I just received two admissions. I am unable to provide safe, high-quality care to another admission.”                                                                                                                                                                                                                                                                                                                                                                                                                                                                                                                                                                                                                                    
                                                                                                                                                                                                    State: “I realize that as a manager, it is your responsibility to make sure every patient has a nurse. But I would like to talk about alternative options for this admission because I am unable to care for this patient.”                                                                                                                                                                                                                                                                                                                                                                                                                                                                                                                                                          
                                                                                                                                                                                                    Consequence: “Let’s work together to discuss alternatives for this admission. I need to have a voice in decisions that affect me.”                                                                                                                                                                                                                                                                                                                                                                                                                                                                                                                                                                                                                                                   
General Notes/Comments                                                                                                                                                                                                                                                                                                                                                                                                                                                                                                                                                                                                                                                                                                                                                                                                                                                                                                                                                                   
"
38,38,"Drug Trafficking and Pablo Escobar Essay

Drug trafficking is a criminal offense that refers to the importation or selling of illegal substances. While this particular offense is mostly punished when the drugs are exchanged for money, trafficking may also refer to manufacturing, transportation, and distribution. These actions are less noticeable and can remain fairly private, which is why most drug trafficking charges are based on selling the substances. Drugs often come from countries with higher poverty rates, corruption, and criminal potency. Moreover, criminal groups often become incredibly powerful due to the trafficking connections and the subsequent financial gains.

An individual that became globally infamous for his drug-related charges and the significant income from trafficking illegal substances was Pablo Escobar. Pablo Escobar created the largest drug cartel in the world, and the criminal activities affecting the population at the time still negatively impact the community (Naef 1). Currently, the more strict approach to such issues does not facilitate the highlighted presence of drug lords. However, this does not mean that the problem of drug trafficking has disappeared. Pablo Escobar has left a negative footprint on his hometown and on all the territories where the cartel was operating. This exemplifies the legal, social, political, and moral connotations of drug trafficking.

While manufacturing, importing, exporting, and selling drugs is illegal and may lead to a significant prison sentence for the perpetrator, the issue remains present and relatively concerning. Drug trafficking, like any other drug-related offense, is most often addressed with severe punishments, yet drugs keep coming into the country from various continents. The severity of the problem is illustrated through the influence of the industry itself and the empires built on such criminal activities, as exemplified by Escobar.

Works Cited

Naef, Patrick. “‘Narco-Heritage’ and the Touristification of the Drug Lord Pablo Escobar in Medellin, Colombia.” Journal of Anthropological Research , vol. 74, no. 4, 2018, pp. 485–502., Web.
"
39,39,"Islam Development in the 11th-12th Centuries Essay

The development of Islam was at its peak between the 11th and 12th centuries as it was a Golden Age that lasted from the 8th century to the 14th century. Syriac and Arabic languages were recognized as public during those times, and many documented facts and theories were translated into these languages (Al-Hasani 2). Nowadays, respect for Islam is lost, and past popularity does not exist.

Islam spread very quickly, and it occupied almost half of the world, saving a great legacy. In the 11th and 12th centuries, the connection between religion and governments was stronger in Islamic countries than in Europe, and religious leaders could advise government representatives (Al-Hasani 3). Later governments started to gain more power, and religious leaders’ advice was no longer needed, but their roles stayed important only until the end of the 12th century.

These days, the attitude of other faiths to Islam is very tense and radicalism is increasing, and such factors support this negativity as a huge number of planned terrorist operations created by Islamic extremists. For instance, according to Chaney and Church, the largest terroristic operations done by Islamic people are “911”, the San Bernardino attack, and the Orlando murders at a nightclub (25). A minimal part of the Islamic side lay in hatred of the faith, and the innocent people who adhere to their beliefs are suffering from negative external pressure. Moreover, stereotypes and discriminations restrict Islamic people from participating in the political life of the world.

The development of Islam gained momentum and had a chance for a stable existence in the 11th-12th centuries. However, inevitable factors have changed the idea of faith in the present and improving the current position can take an enormous amount of time. Radicalism defines Islam as an ardent faith in which people are willing to do anything to maintain their importance to the world.

Works cited

Al-Hasani, Syed Mahbubul Alam. “Learning Instituted of Pre-Islam and Their Transformation into Formal Madrasah in 11 th Century”. Asian Journal of Education and Social Studies , vol. 3, no 2, 2019, pp. 1-9.

Chaney, Cassandra & Church, Wesley T. “Islam in the 21 st century: Can the Islamic belief system and the ethics of social work be reconciled?” Journal of Religion & Spirituality in Social Work: Social Thought , vol. 36, no. 1-2, 2017, pp. 25-47.
"
40,40,"Global Mass Communication: Web Television Report

Introduction

At the beginning of the 21 st century, Internet technology has increased the availability of television programming options for households. Particularly, specialty channels (e.g., news, sports, and music) have become quite successful. Web TV, IPTV technology, and Internet-based television have created new opportunities for both consumers and marketers to deliver their products faster and cheaper. The Web becomes so universal that a TV viewer can assess hundreds of programs from all countries in the world. There are hundreds of TV websites devoted to keeping viewers informed about a range of programs, related merchandise, news, and fun activities. Many websites have a TV calendar with up-to-the-minute scheduling information on the latest programs on web television, plus episode summaries, news, a ‘what’s hot’ gossip column, various games, e-cards, and bulletin boards.

The Web TV, IPTV, and Internet-Based Channels

‘IPTV describes a system capable of receiving and displaying a video stream encoded as a series of Internet Protocol packets” (Anderson 2006). This definition allows us to the seat that television thrives on new formats, and, television often changes itself, feeding off successful genres and formats to create new hybrid programs. The industry terms of factual entertainment and popular web television are umbrella categories for a range of formatted as well as non-formatted programs and series. WebTV means a “thin client which uses a television for display” (Held, 2006). The main advantage of this technology is its low cost. This technology allows millions of viewers to assess TV channels and have an Internet connection. Following Noam et al (2004): “Internet TV is the adoption of an Internet-like interface in accessing and watching television —a new form of video navigation over the Internet. Internet TV is a more interactive approach to controlling the television experience with the ability to obtain all sorts of ancillary information while watching television, as promoted by Wink Communications” (p.4). For instance, American Cybercast wanted to develop a name brand in cyberspace for entertainment episodes the way TV networks have. But building strong online brands would not prove easy. Trying to accomplish such a feat when the Internet penetration was still relatively low, with low access speed and a broadcast business model was a heroic but doomed enterprise (Held 2006).

Impact of the Web TV, IPTV and Internet-Based Television on Societies and Economies

Economic change in the US syndication market is another factor in the success of reality programming. As a result of the deregulation of the financial interest and syndication rules during the past decade, larger corporations have bought up many local stations. Local stations provided a significant revenue source for independent producers, who would sell programs specifically made for local stations, and/or programs that had previously been aired on network stations. As long as Web TV and IPTV have become a mainstream items in American households, there is a natural tendency in a new medium to exploit the pre- Internet business models which were perceived as safer and less risky. The Internet’s early military and research communities no longer held a monopoly on electronic communications. By the turn of the 1990s, the privatization of the Internet prompted online service providers (OSPs) to provide simplified access to cyberspace. EmulatIing the pioneering example of WELL, America Online extended the model to commercial virtual communities. The Internet was not just about context or content, it was about communication (Held 2006).

Today, Web TV, IPTV, and Internet-Based Channels have transformed traditional television industries and demanded new forms and methods of interaction. Diverse target audiences and channels of communication increase competition and rivalry within the industry. For instance, “For IPTV to become a viable whole-house solution, it will also need to support enough simultaneous channels to allow televisions in different rooms to display different content, that will be attractive to consumers” (Anderson 2006). It is possible to say that the internet technologies created the create internet television industries growing with and depending upon the Internet industry. It is possible to note that: “Horizontal bundling strategies may allow firms to engage in certain forms of price discrimination. Moreover, horizontal bundling strategies can affect the nature of competition between service providers. A firm can gain strategic advantage by selling a bundle in competition with a collection of firms selling individual components” (Noam 2004, p. 43).

Many Internet-based channels offer a fare that is influenced by U.S. culture. This apparent paradox has happened during a time whereby geographical boundaries have become less of a hurdle against reaching beyond national markets thanks to technology but, in contrast, cultural differences in tastes such as music have resulted in further segmentation of markets. Accordingly, music channels with substantial local content and news channels focusing on national or regional issues have blossomed (Noam et al 2006).

Impact of Communities and Cultural Diversity

The crisis in philosophy and other social sciences is influencing postmodern culture as represented by technology and art. As such, entertainment has shifted to new genres and forms. Ultimately, entertainment in cyberspace will be a reflection of the facets of television offered on several channels. Moreover, as much as television has been influenced by culture as far as content and advertising are concerned, the Internet may also be influenced. Because of the push by television into the cyberspace world, entertainment between TV and cyberspace may become complementary in many markets (Noam et al 2006).

IPTV and Web TV have the potential to change organizational communications’ meanings and relations, to support new ways of conducting work, and to foster new genres of media use In turn, IPTV and Web TV, like traditional media, maybe altered through institutional and individual transformations. Most important is that cultural values, attitudes, language, semantics, moral development, and the interpretation of events as they occur on IPTV and Web TV can influence the direction viewers are headed. The development of an individual’s values is grounded in the culture in which he or she is raised. Culture, which is often understood as an analytical variable at a national level, refers to the values of individuals or a group. Cultural values are usually internalized to varying degrees by different members of society. In addition to the dominance of English in international trade (see the following section), the convergence theory suggests that with increased development in industrialized countries, people’s attitudes may become similar. Accordingly, one might assume that cyberspace consumers or users may display similar attitudes and educational levels. However, research has shown that computer users in two countries that share similar levels of economic development and language (i.e., Canada and the United States) can have different concerns about how the technology invades their workspace, privacy, and quality of work life. For instance, in 1995, Video Online marked the beginning of a global Internet service provider making most of the information and databases available to consumers in languages including English, French, German, and Russian. Although they were not perfect, they were and still are culturally sensitive enough to enable the service to reach a far wider audience than it could have by using only the home country’s language. As for the content, Noam et al (2004) point out that “the increase in distribution capacity provides the opportunity to offer shows highly valued by relatively small numbers of potential viewers. Thus, niche programming targeted at particular viewers’ interests will be offered” (p. 44).

The accuracy and honesty of news, documentary, and popular factual programming forms the basis of much debate within the media itself. IPTV viewers are part of the critical evaluation of factual genres, and their ability to question and debate the truth claims of audio-visual documentation is vital to the continuation of factual programming. Thus, ‘the documentary genre depends on a series of assertions of the truthfulness of its material, and the criteria of truthfulness differ between cultures and historical periods’ (ibid.). A ‘criterion of truthfulness’ can be applied to news, as well as to documentary or reality programming. A reality mode of engagement is characterized by a contradictory response that is based on audience assessment of the authenticity of real people’s stories and situations within the environment of IPTV. This mode of engagement involves criticism of the truth claims of reality programming, but also some degree of trust in the adage ‘truth will out.

Conclusion

The Web TV, IPTV, and Internet-based channels have had a reinforcing effect on the emergence of global mass communication as they have also tended to accelerate business activities on the Web to the extent that the Web is likely to have a positive effect on global mass media. The Web TV and IPTV are a powerful enabling force that enables the use of similar ideas in different corners of the world. It also moves television into real-time and forces marketers into an interactive mode. The emergence of the Internet and the rapid globalization of macroeconomic environments have served to “tighten” the dynamics of competitive advantage in global competition. Individually and as a system, these determinants have accounted for the pressures on firms to invest and innovate.

Bibliography

Anderson, N. 2006. An introduction to IPTV .

Held, G. 2006. Understanding IPTV. AUERBACH.

Noam, E., Groebel, J., & Gerbarg, D. (Eds.). 2004. Internet Television . Mahwah, NJ: Erlbaum.
"
41,41,"The Impressions of Emirati Youths on ISIS Proposal

Introduction

Research background

The ISIS crisis is in its fourth year despite several efforts by the international community for reconciliation. It is necessary to establish the impression of the Emirati youths on the ISIS, since they are indirectly affected by the current military activities of the group in Syria and Iraq (Al-Jenabi, 2008, p. 15).

Therefore, this research proposal will attempt to establish the impressions of the Emirati youths on Islamic State in Iraq and Syria (ISIS).

Research question and objectives

For this research proposal, the primary question is;

 1. What are the impressions of the Emirati youths on Islamic State in Iraq and Syria?

The objectives of this research are;

 1. To establish the perceptions of the Emirati youths on the ISIS group
 2. To make recommendations and suggestions on how to view and deal with ISIS

Importance of studying the topic

Understanding geo-political, social, and economic impressions held by the Emirati youths towards ISIS are important, especially when establishing the contribution of the group on the current Middle East conflict. Through sociological imagination, it is easy to understand behavior change and identify forces: positive or negative, that facilitate the angle of inclination among the Emirati youths towards the ISIS.

Methodology

Nature of the method

This research will be conducted using research survey study approach. Data, which will be collected through one-on-one interviews and questionnaires, will be scrutinized in detail. Through open-ended and closed-ended structure, each question asked will be comprehensive to ensure that respondents have opportunity to give deep answers that provide an insight into research problem solution.

Instances of divergent or convergent opinions by one or more respondents will be marked appropriately (George & Bennet, 2005, p. 29).

Strengths and weaknesses

Questionnaire

Based on the survey method, a self constructed five-item structured questionnaire will become imperative. The questionnaire will be prepared to use 5- point Likert scale (Miller, Mauthner, Birch, & Jessop, 2012, p. 42). The Saudi youths will express a broad range of opinions in the focus groups on the key issues in the discussion.

Strengths

Questionnaire provides anonymity to the user and thus gives more honest responses. Information can be gathered from a large number of people. Since the questions are uniform and if the conditions under which they are answered are controlled, then the information gathered is standardized (Miller et al. 2012, p. 43).

Weaknesses

It is not possible to explain to the respondents any point that they may misinterpret in a question. Giving a pilot test to a few respondents could partially solve this. It is possible for a respondent to be dishonest in case they do not feel comfortable (De-Rada, 2005, p. 66). To minimize any of the on the above weakness, the questionnaire design will use a simple language that is understood by both parties. The time for completion will be reasonable and designed to identify the target population so as to yield useful data for the research analysis and interpretation (Groves, Fowler, Coper, Lepkowski, Singer, & Tourangeau, 2009, p. 45).

Interviews

Adopting semi-structured, open-ended and closed-ended questions interview, data collection through a one-on-one interview is critical considering the scope of the research topic.

Strengths

The choice of one-on-one interview is based on the rationale of gaining insight on the feelings, opinion, and experiences. Moreover, the semi structured interviews are given room for further probe depending. The researcher is in a position to seek further clarification on specific ideas and responses given within the interview time. From responses gathered, one-on-one interview makes it easy to scribe clear responses that answer the questions asked (De-Rada, 2005, p. 68).

Weaknesses

The interview is tedious and time consuming. Interview findings may be biased if the interviewer and the interviewee do not read from the same page. The interview is expensive when the sample space is large (De-Rada, 2005, p. 69). Since the researcher is expected to accord the research project professional seriousness, the willing respondents are likely to reliable, credible, and informed responses to questions asked.

Appropriateness of using the method for study

The mixture of questionnaire and direct interview will present a number of pre-specified competencies and best practices based on the research topic. The researcher chose the qualitative because the scope of the research is focused, subjective, dynamic, and discovery oriented. Moreover, this approach will create room for further analysis using different and divergent tools for checking the degree of error and assumption limits (Groves et al. 2009, p. 57).

Data collection and stages of research

This research will target 100 Emirati youths (within the age group of 20-30 years) to establish the common perception towards ISIS. The sampling criterion that will be used in the initial sampling plan represents the true picture of the activities on the ground.

The collected quantitative data will be coded and passed through appropriate analysis tool. In the process, cross tabulation will be used to compare and contrast the impressions held by the Emirati youths. In order to quantify the relationship between the independent and dependent variable, analysis will be essential besides figures, charts, and tabular representation of correlation analysis (De-Rada, 2005, p. 65).

Validity, reliability, and generalization of results

This sample chosen for the survey presents a clear, scientific, and verifiable criterion for systematic analysis. Reflectively, this will permit comparative research especially when qualitative design is adopted to give room for testing accuracy and degree of biasness (Groves et al. 2009, p. 39).

The interviews will be conducted by the researcher because of common characteristics of culture, age, and country (George & Bennet, 2005, p. 33). The researcher will send the questionnaires to the targeted participants and schedule direct interview with those who are flexible and can afford a fifteen minutes break to answer the interview questions.

Ethical considerations

During the data collection phase of this study, the researcher will strive to uphold ethics appertaining to scientific research. This will be pursued through inclusion of an informed consent form in the interview and questionnaire, which the units being studied will be required to read understand and consent to before the study commences.

The researcher will ensure confidentiality of the subjects by insisting on their anonymity, where each subject will be identified using a unique code as opposed to use of names (Blaxter, Hughes, & Malcolm, 2005, p. 44).

Conclusion

The study will be carried out via research survey since the scope of the research is focused. Through qualitative research, the research will be in a position to carry out correlation analysis of the impressions held by the Emirati youths. The study would be more comprehensive if the impressions were directed towards a single variable.

References

Al-Jenabi, B. (2008). Use of social media in the United Arabs Emirates: An initial study. Global Media Journal, 1 (2), 3-27.

Blaxter, L., Hughes, C., & Malcolm, T. (2005). How to research , Berkshire, UK: Open University Press.

De-Rada, V. (2005). Influences of questionnaire design on response to mail surveys. International Journal of Social Research Methodology, 8 (1), 61-78.

George, A., & Bennet, A. (2005). Case Studies and Theory Development in the Social Sciences: How to Do Case Studies . Massachusetts, Ma: MIT Press.

Groves, M., Fowler, J., Coper, P., Lepkowski, M., Singer, E., & Tourangeau, R. (2009). Survey Methodology . New York, NY: John Wiley & Sons.

Miller, T., Mauthner, M., Birch, M., & Jessop, J. (2012). Ethics in qualitative research . London, UK: SAGE Publications Limited.
"
42,42,"Organizational Systems & Quality Leadership Essay

Introduction

Nurses in healthcare organizations are mandated to perform a root cause analysis (RCA) by the joint board commission.RCA is a program usually conducted to solve the initial cause of events or problems which occur in the health practice (Cherry & Jacob, 2008). After the root cause analysis is conducted it is important to conduct a failure mode and effects analysis, this will help nurses indentify and establish the next cause of action. Failure mode analysis is conducted so as to ensure that the process goes through without being hampered.

Discussion

Factors that led to the Sentimental Event

The patient was diagnosed to have a good history of prostrate cancer and glucose tolerance. Earlier, the patient had visited the health center and the data revealed that he had high cholesterol and lipids in the body. These factors could have led to the pains and swelling of the patient. After the physician evaluated the patients file, he proceeded to give the patient some sedatives which were not effective. Furthermore the physician was attending to other patients and did not give much attention to this particular patient thus leading to his death. The nurses were also negligent on their duty of attending to the patient.

Change Theory

According to the book “The Planning of Change”, adults are obligated to change their attitudes, perspectives and actions. This is also applicable to nurses and they should change their attitudes towards the patients. Such changes in nurses and physicians will enable a smooth and successful treatment of the patients, thus avoiding fatal events (Ogden, 2007). Nurses should not only change their attitudes, but also the actions they conduct towards patients, some of the actions done by physicians or nurses do not concur with the healthcare code of conduct hence result to compromising the life’s of patients.

Failure Mode Analysis

With such improvements suggested above, the sentimental events which occurred to the patient would have been averted. This analysis has exposed that, the errors of the physician led to the patient’s death. The health centers should increase the number of nurses so that they are not overwhelmed by the number of patients who seek treatment in these places. It is also important to hire qualified nurses who are able to handle the patients (Ogden, 2007). The nurses and physicians who do not comply with the health care code of conduct, should be taken to interdisciplinary teams which comprise of the following people: The health center doctor, senior nurse and physician.

The pre steps of performing a failure mode and analysis procedure are;

  * Identifying the error: This involves the distinctiveness of the problem which led to the death of the patient and errors of the physician.
  * A block diagram: This is a systematic drawing of the analysis which will be conducted.
  * Worksheet: A worksheet is a document which contains very important information about the analysis to be done.

When performing a failure mode and analysis procedure one should consider the following steps;

 1. Severity:-This resolves the modes and their effects based on the requirement of their functions. One failure mode leads to the failure of the other; once the modes have been indentified they are given a severity number (Cherry & Jacob, 2008).
 2. Occurrence:-In this step the factor or the cause of the failure is identified and the number of times it has occurred. This should be done in a well documented manner.
 3. Detection:-This process helps in the testing the efficiency of the earlier procedures. This procedure involves the issuance of detection numbers which range from the highest to the lowest, in terms of failure detection. The highest number shows that the failure will escape without being detected (Cherry & Jacob, 2008).

Role of Nurses

To prevent fatal occurrences in the health centers, nurses should ensure that they handle patients with care and also provide them comfort. Nurses should also administer the appropriate medication as prescribed by the physician, by doing so they will be preventing unnecessary accidents.

References

Cherry, B., & Jacob, S. (2008).Contemporary nursing: Issues, trends, and management (4 th Ed.).St. Louis, Mo: Mosby Elsevier.ISBN:978-0323-05217-7.

Ogden, J. (2007). Health psychology: A textbook (4th Ed.). Berkshire, England: Open University Press.
"
43,43,"The Zulu Nation’s History and Culture Essay

The continent of Africa was home to a significant number of ancient tribes, some of which are still alive in the modern world. An important feature distinguishing African tribes from European peoples is their identity, culture, and exceptional values. The Zulu nation is one of the most significant ethnicity for African history. In addition to the militancy and toughness, this tribe is known for its rich language and specific culture. Parts of the representatives of the people exist today in a modified state. It is necessary to analyze the cultural history of the legendary tribe.

Before examining the uniqueness of the tribe, it is vital to identify it as a society. The Zulu people live on the continent of Africa, in the southern part of it, which is known as KwaZulu-Natal. In Zulu, “Zulu” means “sky,” and the word Zulu translates as “sky people” (BBC News Africa). The Zulu language is similar to the Middle African languages, so there is ample opportunity for explorers to research it (BBC News Africa). Many Zulu now speak English, Portuguese, Sesotho, and other South African languages (BBC News Africa). Although the Zulu tribes are predominantly pagan in their beliefs, Christianity is also widespread among the tribes. Zulu religion, in particular, includes belief in a creator god, and the spirit world can only be accessed through ancestors, who soothsayers contact (Giblin, 2019). One particular area of life among the tribes is the institution of death, which is associated with evil and is associated with people who do terrible things in life. It is important to note that most religious rituals have a unique factors: different utensils and dishes are often used for other foods, and believers perform ablutions up to three times a day (Giblin, 2019). Thus, the general Zulu religion combines certain aspects of European as well as a pagan religion.

The Zulu are the largest people in southern Africa. This is due to the migration of ancient peoples across the continent, whose goal was to get away from deserts and powerful established states, such as Egypt and Ethiopia (BBC News Africa). After finding an area free of people, the tribes decided to come to a settled way of life, settling and developing their own style of architecture, known as the Ikanda (BBC News Africa). Later an entire empire emerged, consisting of numerous tribes, united both by the government of one king and a common wide territory.

It is worth noting that the Zulu people can be characterized as a fast-growing yet extremely powerful state. This was due to the unique Zulu warriors, the Impi, who were more dangerous than other African armies (BBC News Africa). The structure of the state was unusual in that the empire was divided into clans based on kinship (Mahoney, 2019). For the Zulu, a wedding is a costly celebration, as it is customary for every Zulu who decides to marry legally to pay a bride price to her parents (Mahoney, 2019). In this family, the husband stands for the chief, and institution of marriage is hallowed.

Around the end of the seventeenth century, Zulu people left their habitat in the Congo and migrated to Natal, in the land of South Africa. The Zulu lived in small groups, nominally recognizing the authority of the paramount chief. By the beginning of the 18th century, however, the population was growing rapidly and steadily, agricultural production was improving, and trade competition with Europeans was increasing, which led to the need to centralize and expand the power of Zulu chiefs.

References

BBC News Africa. (2020). Gift of the Nile – history of Africa with Zeinab Badawi [Episode 3] [Video]. YouTube. Web.

Giblin, J. L. (2019). Kinship in African history . John Wiley & Sons Ltd.

Mahoney, M. R. (2019). Ethnicity in Southern Africa . John Wiley & Sons Ltd.
"
44,44,"Movies in the American Popular Culture and American Society Essay

Table of Contents
 1. Introduction
 2. Movies in the American society
 3. Themes
 4. Conclusion
 5. Works Cited

Introduction

The evolution of popular culture has sharply etched in our societal imagination the effects of movies than any other product. Most of the American citizens swiftly recognize the diverse images related to movies: Charlie Chaplin, the prospector who eats his shoes in The Gold Rush . James Cagney, the notorious gangster in Public Enemy , and Paul Muni, the WWI veteran in the movie I am a Fugitive from a Chain Gang .

Also the depiction of Gloria Swanson in the movie Sunset Boulevard is a critical illustration of how movie has evolved. Movies outline an indispensable piece of cultural artifacts that provides an opening into the American traditions as well as societal history. As an amalgamation of art, commerce, and entertainment, the movies offer a host of understandings into the Americans changing principles, fantasies, and obsessions.

Like any other cultural artifact the movies have undergone a considerable change both in production and screening. From the wake of the 1890, the movies have faced technical, political and economic changes which have equally impacted on the American society (Entwistle 111).

Exploring the diverse changes that the movies have encountered they have moved from the typical entertainment to the broad scope of information. This is well demonstrated by the growth of motion pictures. Perhaps that is why sociological historians regards movies as sociological data that record the environment, look, and the mood of specific historical development and settings.

The movies are almost equated to the ideological developments that advance specific political or ethical values or legends; as emotional texts that address individual and societal anxieties and tensions. Or as artistic documents that stand for particular reflections of gender, customs, class romance, and aggression; and as illustration texts that proffer compound degrees of significance and seeing (Entwistle 74).

Movies in the American society

Therefore, exploring the American movies they have gradually evolved from the silent era when the earliest productions revolved around the working class communities, and characteristically explored the concerns of the poor in their fight against the affluent and powerful.

The most outstanding features within the American movies are linked to the age of transformation when the popular culture was a foremost theme within societal and ethical issues revolving around progressive interlude: break ups, labor control, child labor, migration, political dishonesty, scarcity, prostitution, jails, and women’s suffrage (Barthes 104).

The nature and tone of the movies varied considerably-this saw realistic movies and others touched their subjects with sentimentality as well as humor. This progression changed after the WWII where the new concepts were introduced into the movies. Such changes included employing the movies to tackle or reflect on diverse complex social issues and this was significantly different with the silent era movies which were viewed to be less dominant with the social issues of the time.

Themes

Economic, social, and political changes played a considerable role in affecting the scope of movies. As a major constituent of popular culture the movies absorbed diverse cultural and economic factors which changed the way it was perceived. From the wake of 20 th century the movies faced other historical challenges which embraced the new dimension of presentation.

However, the wake of 20 th and 21 st century has seen the scope of movies growing from mere common aspects to more involving social issues. This can be testified by the fact that the previous generation of movies dwelt on the subject of female honor and other assorted elements of femininity.

Eventually, the themes of later movies as is illustrated by the 1960s productions which depicts progression from Victorian moralism,reformism,and sentimentality and positively expressed novel themes such as glamour, exoticism, sex, sophistication, and urban appeal (Barthes 104).

This was followed by a crop of new movie icons who personified and appealed passionately to the greater society effectively. Innovative genres too appeared: blustering adventures; urbane sex comedies rotating around the question of marital commitment; quixotic dramas probing the manners and ethics of the well-bred and well-to-do; as well as accounts of “blazing youth” in addition to the new sexual independence.

Conclusion

Changing social and individual preferences helped the integration of the movies with other social features. From the eruption of rock, hip hop, to rap music, the movies acquired a new dimension. This illustrates why they stand as historical tools of reference as well as vehicles of popular culture.

Exploring the content of the movies they attempt to explain the origin and the meaning of diverse social aspects. Thus, characterized by fledging social, religious and political questions, the movies addressed the growing features affecting the entire community and more advocated the place of a woman in the community. However, the entry of 20 th century saw the radical changes in the manner the movies explained and explored the American society due to the complexity of such issues as taste, fashion, style and preferences.

Works Cited

Barthes, Roland. The Fashion System. London: Jonathan Cape, 2002.

Entwistle, Joanne. Modern Social Theory. Cambridge: Polity Press, 2000.
"
45,45,"Earnings Management and Potential Benefits Case Study

Table of Contents
 1. Introduction
 2. Hypothesis development, data, and variables definition
 3. Results
 4. Conclusion
 5. Works Cited

Introduction

The phenomenon of earnings management includes the factor of the companies’ ability to surpass the earnings threshold. The main issue is that a prevailing number of firms just meets or merely exceeds the benchmark of having positive profit compared to the very small number of extreme cases when the companies either do not meet the threshold or exceed substantially it (DeFond and Park 121). Such a phenomenon can be interpreted as a result of earnings management. Therefore, it is important to analyze the correlation between the income management and the benefits of the executives, as well as managerial stock sales. Moreover, the variations of financial reporting and the acts of earnings management can be explained by the factor of the availability of different potential benefits.

Hypothesis development, data, and variables definition

The important aspect of the incentives of the earnings management is that the substantial part of the managerial compensation depends on the stock sales factor. Therefore, in the situation, where the compensation and benefits are stock-based, and the forecasts of the analysts also focus on the short-run performance of the company, there is all the more motivation for the earnings management among the companies’ executives.

Another major motivation for applying earnings management is the necessity to represent the company’s performance in the right light. The study conducted by McVay, Nagar, and Tang (2006) analyzed the data collected from the 21,952 companies that, according to their financial reporting, just met the benchmark of the positive earnings, not exceeding it for more than 1%. The main variables that differ the firms that have just met or insignificantly exceed the threshold from the companies that deviate from the forecasts are their “performance, equity issuances, long-term growth prospects, and lagged insider sales” (McVay, Nagar and Tang 576).

Therefore, the main hypothesis is that the companies that are just meeting the benchmark of the short-run performance forecasts are more likely to have managerial insider sales and equity rates than those companies that largely deviated from the forecasts. Furthermore, the probability of boosting the stock sales after the reported meeting of benchmarks is also relatively high in the companies not deviating from the forecasts. It leads to the assumption that insider stock sales can be associated with the lack of control over the performance by the directors and the poor overall governance (Klein 398).

Results

The determination among the executives to meet earnings benchmarks is the result of the generally accepted assumption that the success and performance of the company can be linked to a certain set of expectations (Penman and Zhang 257). This factor is not only important in presenting information to the outside audiences but also relevant concerning the analysts’ forecasts. There are two ways of acting for meeting those standards.

The first one is for the company to undergo real economic actions that would influence the cash flow (Hand 599). The second one is the earnings management that only takes place in accruals, such as delaying the reporting of the payment in the financial documents or oppositely reporting the future profits. The objectives of such earnings management are information symmetry, corporate control contests, stock compensation (Healy and Palepu 410).

Conclusion

In conclusion, the major driver of earnings management is the motivations of the executives. The majority of their incentives relate to the attempts to meet the analysts’ forecasts. One of the most significant indicators of managerial efforts to benefit from earnings management is high rates of insider stock sales.

Works Cited

DeFond, Mark, and Chul Park. “Smoothing Income in Anticipation of Future Earnings.” Journal of Accounting and Economics 23.2 (1997): 115-139. Print.

Hand, John. “1988 Competitive Manuscript Award: Did Firms Undertake Debt-Equity Swaps for an Accounting Paper Profit or True Financial Gain?” Accounting Review 1.1 (1989): 587-623. Print.

Healy, Paul, and Krishna Palepu. “Information Asymmetry, Corporate Disclosure, and the Capital Markets: A Review of the Empirical Disclosure Literature.” Journal of Accounting and Economics 31.1 (2001): 405-440. Print.

Klein, April. “Audit Committee, Board of Director Characteristics, and Earnings Management.” Journal of Accounting and Economics 33.3 (2002): 375-400. Print.

McVay, Sarah, Venky Nagar, and Vicki Wei Tang. “Trading Incentives to Meet the Analyst Forecast.” Review of Accounting Studies 11.4 (2006): 575-598. Print.

Penman, Stephen, and Xiao-Jun Zhang. “Accounting Conservatism, the Quality of Earnings, and Stock Returns.” The Accounting Review 77.2 (2002): 237-264. Print.
"
46,46,"Healthcare: Collaborative Teamwork Evaluation Essay (Critical Writing)

Checklist

Knowledge, Skills, Abilities (KSAs), and Behaviors                          Do They Exist in the Workplace Team?
“Monitoring each other’s performance” (Baker, Day, & Salas, 2006, p. 1577)  Yes                                 
Knowledge of personal responsibilities                                      Yes                                 
Knowledge of others’ responsibilities                                       Yes                                 
Positive opinion on teamwork                                                Yes                                 
Sharing a common goal                                                       Yes                                 
The anticipation of others’ needs                                           No                                  
Flexibility and adaptability                                                No                                  
A shared understanding of the procedures                                    Yes                                 
Active and regular communication                                            No                                  
Exertion of leadership                                                      Yes                                 
Reevaluation of actions                                                     Yes                                 
Feedback exchange                                                           No                                  
Shared decision-making                                                      Yes                                 
Encouragement of positive group climate                                     Yes                                 
Mutual support                                                              Yes                                 
Mutual trust                                                                Yes                                 


Team Rating

On a scale from one to five, I would rate my workplace team as a four because it is effective most of the time. According to the checklist, my team has most of the described KSAs and behaviors needed for successful teamwork. The presented KSAs can be grouped into larger categories according to a particular type of behavior. For instance, the exertion of leadership in our team allows it to function smoothly in stressful situations and not lose focus on important tasks and duties (Baker et al., 2006). The development of a stable leadership structure in the team is important because it can significantly lower the number of possible miscommunications and misunderstandings of the final goal (MacPhee, Chang, Lee, & Spiri, 2013). Moreover, leaders can maintain a positive climate in the group and help its members stay on one shared path. A good nursing leader, for example, can encourage other nurses to treat their patients with more attention and remind them of the values of patient-centered care.

Nursing leaders also facilitate successful and engaged collaboration (RNAO, 2016). My team members succeed in monitoring and evaluating the performance of other workers, as they are well acquainted with each other’s abilities and duties. The team shares many activities and procedures. Thus, each member has to know the responsibilities of others. Here, mutual trust can also be developed as a result of the awareness of each others’ roles. Furthermore, team members with a clear shared understanding of the group’s tasks can make decisions easier than individuals without an established trusting relationship.

While my workplace team is very effective in most situations, its performance can still be improved. For example, in my opinion, the members of the group do not communicate with each other often enough, which can lead to mistakes and conflicts. Proper and regular communication is a necessary part of teamwork as it facilitates discussion and allows teammates to develop a shared view of common problems (RNAO, 2016). Thus, a training program that encourages communication can be used by the team to improve this sphere of collaboration (Thomas, 2011). While the members of my team work together well enough to avoid most mistakes, some small miscommunications may hinder the overall performance.

I also rated my team as lacking adaptability in its actions and behaviors. Some of the team’s members are older than others, which creates a barrier between the individuals. Furthermore, some of the members do not perceive receiving feedback about their work as an attempt to improve the performance of the group. It also decreases the team’s efficiency and leads to conflicts. Therefore, the adaptability of the group should be worked on as well. It is possible that feedback exchange can also be improved by encouraging communication as team members may understand each other’s views and opinions better by discussing them more often. All in all, the underdevelopment of these KSAs does not worsen the effectiveness of my team significantly, although it can be improved.

References

Baker, D. P., Day, R., & Salas, E. (2006). Teamwork as an essential component of high‐reliability organizations. Health Services Research , 41 (4 Pt 2), 1576-1598.

MacPhee, M., Chang, L., Lee, D., & Spiri, W. (2013). Global health care leadership development: Trends to consider. Journal of Healthcare Leadership , 5 , 21-29.

RNAO. (2016). Intra-professional collaborative practice among nurses (2nd ed.). Toronto, Canada: RNAO.

Thomas, E. (2011). Improving teamwork in healthcare: Current approaches and the path forward. British Medical Journal (BMJ) Quality and Safety Journal , 20 (8), 647-650.
"
47,47,"Airborne Express: International Operations and Strategy Essay

Introduction

Before it was acquired by DHL in 2003, Airborne Express had already become one of the fastest-growing companies in the United States of America. It operated in both domestic and international markets. Through its direct operational tactics and strategies, it delivered letters, small packages, freights, and documents in a time-sensitive manner. To survive the prevailing intense competitive operational market, Airborne acknowledged the need for lowering operational costs through the deployment of cost reduction strategies. For example, by establishing the foreign trade zone (FTZ) approach, it ensured any consignment would be held without the payment of duty unless it was necessary. By tailoring its services to suit the needs of different customers while ensuring flexible operations, Airborne was sure of acquiring a sizeable express market share. Airborne had developed unique domestic and international operations and strategies. However, this paper only offers an analytical discussion of the company’s international operation and strategy.

International Operation

Following the advent of globalization, different companies have pursued the internationalization strategy to secure a global market share. Airborne understood the need to exploit international markets. According to Hill, by 2002, Airborne Express had extended its services to over 200 nations, which accounted for 11 percent of its total revenue (245). Nevertheless, it did not operate its own freights in the international markets. Instead, it contracted space, which would be availed in passengers and cargo planes. It is crucial to question whether this move was well aligned with the need for increasing the company’s performance and productivity to help it in competing with its rival companies. In my view, companies should deploy operational and strategic initiatives that ensure that they reach a large number of consumers of their services and goods. In response, Airborne’s exploration of an internationalization strategy that leveraged the benefits of globalization was a well-calculated strategy. It appreciated the awareness of the extent to which globalization has altered how firms conduct businesses at international fronts. Owing to the witnessed technological, communication, and general infrastructural developments, Child et al. agree that businesses such as Airborne Express can now supply or distribute goods and services in virtually every geographical location around the globe (664).

Venturing into international markets is a risky endeavor because companies are required to be strategically prepared and organized to overcome any cultural impediments, currency differences, and language barriers, including the prevailing regulatory and legal environments. Such elements may be inconsistent with an organization’s policies. In my opinion, companies such as Airborne Express that do not have extensive resources to aid them in overcoming obstacles that interfere with their operations in international commercial bases should consider altering their policies to suit the particular market. According to Child et al., although such companies may be using the same brand name, they are predominantly characterized by non-homogeneity in organizational policies (665). Hence, it suffices to conclude that Airborne Express’ decision secure space in both cargo and passenger planes via strategic alliances and local foreign agents was satisfactory to overcome the challenges.

Strategies

Internationalization

Several reasons explain why organizations may consider diversifying their markets to include international markets. For example, as Child et al. assert, the emergence of demand potentials in foreign markets is one of the common reasons (666). In my judgment, sales expansion, the acquisition of new resources, the need to minimize risks, currency depreciation, and local market saturation account are the major drivers of business internationalization. One may need to find out the extent to which Airborne Express benefited from this strategy that facilitates the achievement of economies of scale. However, responding to the above issue, the reader should realize that effective business operations in foreign nations require the selection of an appropriate entry and operations strategy. In line with this observation, Airborne Expresses owned facilities in foreign nations such as London, New Zealand, Australia, Singapore, and Hong Kong (Hill 245). While these facilities functioned like those in the domestic market, the company had its distribution operations in the international markets mainly executed by large, localized, and well established foreign agents. Such an operational strategy in these foreign markets reduced the chances of the company encountering challenges associated with operating in an unfamiliar culture.

Entering new markets, especially foreign commercial zones, requires organizations to exercise substantial caution. While organizations can develop strategies to cope with entry challenges related to their internal structure, the case of Airborne Express confirms that indeed dealing with macro-environmental factors in a foreign nation is problematic. Based on my opinion, developing an appropriate entry strategy can ensure that an organization maximizes the existing knowledge and experience in operation in foreign nations. Such strategies include opting for franchising and licensing before focusing on full ownership arrangements. As Child et al. assert, “All firms operate within an environment, which directly or indirectly affects the way they function” (669). Consequently, as evidenced by the case of Airborne Express, successful colonization of new markets should include an effective entry strategy. Nonetheless, I find it crucial to point out that the internationalization strategy has operational cost reduction implications. For Airborne Express, the internationalization was easier due to the existence of effective communication and technology mechanisms. For example, even in the international market, the company could track its operations through the FOCUS system.

Strategic Alliances

One of the major challenges encountered by organizations operating in an environment of fierce competition entails securing enough capital to enhance their economies of scale. While UPS and FedEx reduced the cost of holding inventories by establishing global air express services to guarantee just-in-time deliveries, Airborne Express lacked adequate financial resources to pursue a similar strategy. In my point of view, the company’s adoption of a variable cost strategy, which entailed entering into strategic alliances with businesses that had elaborate ground delivery systems, as appropriate. For example, its strategic alliance and joint venture with Mitsui not only enhanced its operations in Japan but also increased Airborne Express’ financial capability following an investment of 40 million USD in the form of preferred stocks and a further commitment of 100 million USD in aircraft financing (Hill 248). In other words, strategic alliances constituted an important success story for Airborne Express in its international market.

Conclusion

Internationalization constituted an important growth strategy explored by Airborne and its competitors such as UPS and FedEx. However, new markets often present challenges in terms of aligning organizations’ culture with the prevailing local tastes and preferences, attitudes, and beliefs. Possible entry modes that may work in foreign markets include franchising, exporting, and joint ventures such as mergers and acquisitions. Indeed, while Airborne Express’s competitors chose to establish their international airlift capabilities coupled with distribution networks similar to those deployed in the US market, the company pursued a variable cost strategy through premeditated alliances and contractual arrangements. The strategy proved effective, especially upon noting that Airborne Express lacked the financial capability necessary for it to imitate its competitors.

Works Cited

Child, John, et al. “SME in the International Business Models: The Roles of Context and Experience.” Journal of World Business , vol. 52, no. 5, 2017, pp. 664-679.

Hill, Charles. Airborne Express: The Underdog . University of Washington, 2011.
"
48,48,"The Middle Range Theory and Care to Patients Suffering From Dementia Case Study

Abstract

Nurses and professionals consider the Lazarus and Folkman Stress and Coping Theory as one the best models for dealing with stress. The theory is one of the widely acknowledged transactional models. It presents the best interventions and management strategies to help individuals change their perceptions about stressful conditions. The model helps people deal with their external environment in a positive manner. The Middle Range Theory can help members of a family provide the best care to patients suffering from dementia. This paper applies the Lazarus and Folkman Stress and Coping Theory to a family providing health support to a family member by the name Martin. Martin has dementia disease.

Middle Range Theory Paper: Application of Theory to Practice

Martin had just celebrated his 40 th birthday. He is currently staying at home whereby his family members are giving him the prescribed medicine for the disease. Martin’s dementia was diagnosed in its later stages of development. The members of the family were greatly concerned about Martin’s condition. As a nurse leader, I observed that the family members were depressed. This made it impossible for them to provide the necessary support to the patient. From the situation, I strongly believed that an appropriate Middle Range Theory would help the family. This would ensure Martin was getting the necessary support from them (George, 2010).

I decided to apply the Lazarus & Folkman Stress and Coping Theory since it is an effective transactional model for coping with stress. Whenever a family member has a serious condition like dementia, the relatives find it hard to cope with the situation (George, 2010). It was notable that the family members felt stressed because of they were unable to cope with the Martin’s condition. According to Lazarus & Folkman Coping and Stress Theory, stress can result from lack of resources or ability to cope with a situation. The family members found it hard to offer the best attention and care their patient. That being the case, I decided to design a stress management programme for the family members.

From the very beginning, I asked Martin’s relatives to list some of the factors affecting their relationship with the patient. From the exercise, I learned that the family members found it hard to cooperate with the patient’s situation. Most of them were unwilling to provide the needed care to Martin. The family indicated that the medication procedures were demanding. The relatives did not cooperate with each other in providing the needed care. Sometimes there was communication breakdown thus making it impossible to provide the best care to the patient (Hardy, 1998). The relatives were also uncertain about the future of the patient. This affected the healthcare regimes and practices for Martin.

The first thing I considered necessary as a nurse was to design a workable programme for the family members. I applied the Lazarus & Folkman Coping and Stress Theory because it views the external environment as a major cause of stress. I encouraged the members understand that Martin would get well if he continued to receive the best support and care. I discussed with the members about the future of our patient and his health condition. I also offered myself to be part of the situation. I also responded to their questions accordingly. It was my duty to encourage them to consider dementia as a treatable disease (Altman & Wohlwill, 2001). It was my duty to inform the family members that the condition was manageable with proper communication, cooperation, and the right medication.

From the above clinical situation, it is clear that I embraced the idea of cooperation and attitude change. After a few months, I observed that the members of the family had already changed their attitude about dementia. They were also willing to support, encourage, and communicate with him. This is essential towards faster recovery. Since dementia can cause stress in a family setting, the use of an appropriate transactional model can facilitate the best lifestyle practices and encourage the family members provide the best care and support to their patients (Antonovsky, 2003). I emerged victorious and proud from the practice because I applied the theory successfully to Martin’s family.

Reference List

Altman, J. & Wohlwill, F. (2001). Human Behavior and Environment. New York: Plenum Press.

Antonovsky, A. (2003). Health, Stress, and Coping . San Fransisco: Jossey-Bass.

George, J. (2010). Nursing Theories: The Base for Professional Nursing Practice. Upper Saddle River, N.J.: Pearson.

Hardy, S. (1998). Occupational Stress: Personal and Professional Approaches . London: Stanley Thornes ltd.
"
49,49,"Sociology. Republic of South Africa Term Paper

Comparative analysis of such different and in the meantime similar countries as the United States of America and South Africa requires certain background knowledge, in other words, knowledge of these counties history, geography, literature, religion, politics, language, etc. These are the main constituent parts of culture. Moreover, we should get a clear idea of values and norms, established in these countries, because without it the analysis will incomplete.

If we speak about South Africa, first, it is necessary to trace the history of its independence. For many centuries, the territory of modern South Africa belonged to European superpowers such as The United Kingdom and the Netherlands. It should be also taken into account that South Africa gained its independence from Great Britain only in 1910, which means that it is a relatively young and developing country, especially in comparison with the United States.

The present South African politics are ruled by the African National Congress (ANC) that received 69.7% in the last general election in 2004 and 66.3% in the municipal election in 2006. The incumbent President of South Africa is Kgalema Motlanthe, who substituted Thabo Mbeki on 25 September 2008. Mbeki was a successor to previous President Nelson Mandela in 1999, and was re-elected for a second term in 2004, but submitted his request for resignation on 20 September 2008.

The main opponent to the ANC is the Democratic Alliance party, which got 12.4% of the vote in the election in 2004 and 14.8% in the 2006 election. Helen Zille is the party leader; the former leader was Tony Leon. The formerly dominant New National Party, which established an apartheid regime through its predecessor, the National Party, preferred to join the ANC on 9 April 2005. Other influential political parties represented in the Parliament are the Inkatha Freedom Party that mostly speaks for the rights of Zulu voters and the Independent Democrats, who got 6.97% and 1.7% during the election in 2004.

As regards the foreign policy of South Africa, we can say that since the abolishment of the apartheid regime (before that South Africa was officially boycotted by the international community) this country has always played the role of a peacekeeper or a mediator in African conflicts. At present The Republic of South Africa is a member of the International Monetary Fund and the World Trade Organization (Fleisher, 1995). It also must be mentioned that South Africa was “the only African country, which had nuclear weapons but it was also the first country to renounce this program” (Mwakikagile, 2008).

Another issue, which has already been mentioned, and is of utmost importance, is the problem of apartheid – a system of legislative acts promoting racial segregation. These laws were administered by the government of the National Party within the period of 1948 and 1990. This regime is deeply rooted in the history of the colonization of southern Africa. The National Party launched the program of Apartheid, which practically deprived black people of their civil rights. The apartheid regime was officially abolished in a series of negotiations from 1990 to 1993, but its consequences are still noticeable.

The democratic process in South Africa culminated in elections in 1994, with not restricted suffrage, which was unprecedented for South Africa. Nevertheless, the problem of racial segregation remains a very acute one in South Africa, because people belonging to different cultures still tend to be separated from one another, especially in terms of cultural relations. It also must be taken into consideration that for a long period of time South Africa was relatively isolated because many countries imposed a boycott on the apartheid regime.

It goes without saying, that all of that still has a strong influence on South Africa culture and its society.

As far as the population of South Africa is concerned, it must be noticed that this country is inhabited by more than 48 million people of different origins languages and religions.

According to the last population census, the overwhelming majority belongs to black people (approximately 78%); western Europeans number 9% and people, who possess sub-Saharan ancestry 10%. It also should be taken into consideration that the black population of South Africa is not homogeneous, because all of them take their origin from different tribes that have entirely different languages and profess different faith. The main ethnic groups in South Africa are Xhosa, Zulu, and Basotho. Some of these ethnic groups are unique and their representatives can be found only in South Africa, others may also inhabit the neighboring countries.

Thus we may arrive at the conclusion that the population of South Africa is extremely diverse as well as the population of the United States, but the consequences of the apartheid regime are still very noticeable in South Africa and people of different cultures still tend to separate themselves from each other. If we draw a parallel between South Africa and the United States, we may say that the US population is not so segregated especially as far as cultural relations among different nationalities are concerned.

It comes as no surprise that there is no single culture in South Africa due to the diversity of the population and naturally, we can easily find vast cultural differences as well.

First of all, we should say that the vast majority of black people still live in rural areas and lead rather impoverished life and have no access to high technologies, unlike the white community. However, they are constantly “urbanized and westernized” (Williams, 2000), the present moment the majority of black people are Christian, but some of them still oppose this constant process of globalization especially if it in any way affects their culture and they still try as hard as they can to preserve their religion and language. As regards religion, we can observe “a unique combination of Christianity and their original religion” (Hein, 1987).

As far as the white minority is concerned, we can say that they are in general well-to-do people, and their lifestyle is very similar to that one of western Europeans or Americans. Therefore, we may arrive at the conclusion that there exists a striking difference between the white population and the black population. It applies not to the culture but also to the financial state of people.

Asians, who are mostly of Indian origin, try to maintain their own culture, language, and religion. They are Christian, Hindu, or Sunni Muslim and speak English by preference. Such Indian languages as Hindi, Telugu, Tamil, or Gujarati are spoken no so There is a small Chinese community in South Africa, although its number has significantly increased because of the constant immigration from China.

It is also necessary to mention the system of values and norms, established in South Africa. We cannot say that it is homogeneous, because people in South Africa are of immensely different origins, therefore we can speak only about various ethnic groups but not about the whole population. It should be taken into account that such a notion, as value system is an extremely complex one and it comprises a great number of aspects like for instance attitude to family, friendship, ones own country. It also includes some behavioral aspects. Therefore, a thorough analysis of this issue will take much more than this paper.

However, if we present it in the most general way it is necessary to focus attention on the following issues. First, it is the attitude to marriage and family. Such a phenomenon as polygamy is quite acceptable in some South African tribes. The very idea of an illegitimate child in South Africa is almost inconceivable. We must also take into account that in some traditional South African cultures the extended family is as much important as the nuclear one, perhaps the concept of the tribe still plays an important role. Despite constant urbanization, members of the black South African community always try to remain in touch with the extended family. In the meantime, English-speaking white community attributes much more importance to the nuclear family.

Most South Africans, irrespective of the ethnic group they belong to, prefer tête-a-tête meetings to more impersonal forms of communication such as email, letter, or phone conversation.

It is also worth attention that South Africans regardless of their ethnicity cannot stand unpunctuality. The proverb “punctuality is the politeness of kings” is one of the basic principles in the South African community.

Comparing two cultures, we should certainly discuss gender issues, which are, undoubtedly, of crucial importance. South Africa shows considerable differences in the social status of men and women. There is some inequality between them. The poorest people in South Africa remain black women, and they are socially discriminated against in terms of earning power, gaining access to education, and employment. Besides, South African women have to surmount obstacles in other spheres: for instance, in some southern African cultures,” a woman is not permitted to own property” (Normant, 1994).

As far as the question of religion is concerned, we can say that judging from the last national census in 2001; Christians numbered 79.7% of the population. This also comprises Zion Christian 11.1%, Pentecostal 8.2%, Roman Catholic 7.1%, Methodist 6.8%, Dutch Reformed 6.7%, Anglican 3.8%, and other Christian 36%. Islamic community numbered 1.5% of the population, Hinduism about 1.3%, and Judaism 0.2%. 15.1% of the population had no religious belonging, 2.3% (Mwakikagile, 2008).

It must be mentioned that many citizens of South Africa have a unique combination of Christianity and their original religion. Comparing South Africa and the United States, we can say that these countries are both extremely diverse in terms of religious beliefs.

In South Africa, there are eleven official languages: Sesotho, Sepedi, siSwati, Tshivenda, Setswana, Afrikaans, Xitsonga, English, etc. In this regard, South Africa is surpassed only by India in number. Although each of the above-mentioned languages is equal to every other, some of them are more or less widespread. In accordance with National Census in 2001, the three most common home languages are Zulu 23.8%, Xhosa 17.6%, and Afrikaans 13.3%. Despite the fact that English is considered to be the language of administration, it was spoken by only 8.2% of South Africans in everyday life in 2001. Therefore, we may conclude that the population of South Africa prefers to speak its home languages rather than English (Mwakikagile,2002).

As far as literature is concerned, such famous writers as Nadine Gordimer and J. M. Coetzee have also achieved international recognition; both are awarded the Nobel Prize for Literature. Tolkien, the author of The Lord of the Rings was born in Bloemfontein, South Africa in 1892. Naturally, all of these authors were writing in English.

Another very acute problem of South Africa is the so-called “brain drain”, which has some racial contours: a great number of white South Africans go abroad. This process began approximately 25 years ago, and it is very detrimental to the regional community (Saul,1996).

Having compared and contrasted cultures of such countries as South Africa and The United States, we may say that they have some similar features, for instance the immense diversity of the population, culture religion. Nevertheless, there are some different features, for example, the tendency of South Africa to be to a certain degree segregated from the point of view of culture and financial position. Moreover, it is necessary to mention that the position of women in South Africa leaves much to be desired.

Bibliography

Fleisher A. (1995). A Modest Proposal: Southern Africa and the World Bank. The National Interest, 42, 88-95.

Hein D. (1987). Religion and Politics in South Africa. London, Sage.

Mwakikagile G. (2002). South Africa in Contemporary Times. Johannesburg, New Africa Press.

Norment L. (1994). Women in South Africa. Ebony, 49(2), 98-105.

Saul J.S. (1996). South Africa: The Crisis Deepens. The Monthly Review, 37, 7-21.

Williams S. (2000). Globalization and The New South Africa. African Business, 32.
"
