	essay_id	score	feedback
0	80	0.65	"['\n\nCONTENT IMPROVEMENTS:\n- Balance anecdotal experiences with statistical evidence to strengthen credibility. For instance, pair personal observations about decreased physical activity with studies linking screen time to obesity or eye strain.\n- Recognize potential counterarguments, like the educational benefits of computers, and emphasize moderation to keep a balanced perspective without weakening the argument.\n- Incorporate broader impacts into the core arguments without expanding too much, maintaining focus on personal and family dynamics while suggesting solutions like screen time limits.\n- Optimize transitions with thematic links and clearer topic sentences to improve flow.\n\nLANGUAGE IMPROVEMENTS:\n- Enhance vocabulary to engage a newspaper audience, substituting common words with sophisticated synonyms like ""impeding"" for ""stopping.""\n- Introduce rhetorical devices such as rhetorical questions and metaphors (e.g., ""Computers are new-age sirens, luring us away from the shores of reality"") to improve engagement.\n- Ensure variety in sentence structure to sustain interest by combining simple sentences into complex ones.\n- Maintain a consistent formal tone throughout by avoiding contractions and colloquial phrases, ensuring that the language remains professional and persuasive.\n\nSTRUCTURE IMPROVEMENTS:\n- Use overt transitional phrases for clarity and thematic links for subtlety, merging these approaches for coherence without repetition.\n- Start with an engaging anecdotal hook or question in the introduction for reader interest, ensuring a clear thesis statement follows.\n- Conclude with a compelling call to action and reflective prompts to reinforce the argument and provoke thought.\n- Allocate similar depth and length to each main section (health, sports, family), prioritizing impactful points to maintain balance and focus.\n\n']"
1	102	0.67	"['\nCONTENT IMPROVEMENTS:\nThe letter advocates for the positive impacts of computers but requires more detailed evidence to support its claims convincingly. Specificity in examples, such as statistics on online communication or quotes from experts on educational benefits, is vital. Integrating counterarguments about potential overuse can also strengthen the narrative. Emphasizing practical benefits, like communication, can be bolstered by real-world examples, such as ""Recent studies indicate that over 70% of families maintain contact through video calls."" Additionally, including data on educational platforms\' role during the pandemic could illustrate the advantages of computer use in learning—mentioning that online platforms provided courses to millions during global disruptions as per UNESCO, adds credibility. A balanced view acknowledging the need for moderation rather than less usage ensures alignment with the pro-technology stance.\n\nLANGUAGE IMPROVEMENTS:\nThe language is straightforward, which accommodates a general audience, yet it would benefit from more sophisticated vocabulary and varied sentence structures to enhance engagement and depth. Technical terms should be explained to maintain accessibility. Complex sentence forms like relative and conditional clauses can add depth: ""Computers, which have become indispensable in modern life, provide numerous benefits"" or ""If we harness technology wisely, we can unlock unprecedented opportunities."" These structures, alongside balanced complexity with clarity, foster a more persuasive tone. Precise vocabulary alternatives, such as using ""advantageous"" over ""good,"" refine the argument\'s eloquence. Incorporating a formal tone through expressions like ""It is imperative to recognize technology\'s multifaceted advantages"" can further boost the letter\'s credibility.\n\nSTRUCTURE IMPROVEMENTS:\nThe letter requires a more defined organizational structure with clear thematic sentences starting each paragraph, ensuring each part contributes a unique angle to the argument. Using transitional phrases enhances flow, for instance, transitioning from communication to education with ""Building on connectivity, computers further excel in education."" An engaging introduction with an intriguing hook such as, ""In an increasingly digital world, how do computers truly benefit society?"" followed by a precise thesis can captivate readers. Similarly, a compelling conclusion that emphasizes balance, like ""Embracing technology enriches our lives, yet moderation is key in leveraging its full potential,"" reinforces the overarching argument. Paragraphs should maintain focus on single ideas with strong beginnings and endings.\n']"
2	133	0.65	"['\nCONTENT IMPROVEMENTS:\nThe letter presents several key arguments against the use of computers, focusing on issues such as time management, social interaction, and health. However, these arguments can be deepened by incorporating specific research findings and statistics to provide concrete evidence. For instance, integrating studies on screen time\'s impact on productivity and sedentary lifestyles could clarify and strengthen the health-related arguments. The analogy comparing habitual computer use to smoking offers a promising avenue for further development by highlighting the addictive nature of technology. Counterarguments could be addressed by acknowledging the educational and communicative benefits of computers while refocusing on the long-term negatives. Clarity could be enhanced by grouping related ideas, like tying social interaction and health concerns due to reduced physical activity together, to form a broader analysis of societal impacts.\n\nLANGUAGE IMPROVEMENTS:\nThe vocabulary used in the letter is basic and often lacks precision. Replacing vague terms with more sophisticated vocabulary related to the context could elevate the persuasiveness of the arguments. For example, using ""significant concern"" instead of ""big thing"" and ""detrimental"" instead of ""dumb"" creates a more professional tone. Varying sentence structures by employing periodic and parallel constructions can add depth and rhythm, engaging readers more effectively. Grammar and spelling need careful attention, with specific focus on correcting errors like ""its"" vs. ""it\'s"" and ensuring consistent capitalization. Using rhetorical questions may enhance reader engagement, encouraging them to reflect on their own experiences with technology.\n\nSTRUCTURE IMPROVEMENTS:\nThe letter\'s structure requires more deliberate organization to enhance coherence and flow. An engaging introduction starting with a formal salutation and a clear thesis statement outlining the main points would provide a stronger foundation. Each argument should be developed in a dedicated paragraph, beginning with a topic sentence and transitioning smoothly using phrases like ""Furthermore"" or ""Conversely."" The conclusion should synthesize the main arguments, reinforcing the thesis and offering a call to action or a reflective question. This would create a compelling narrative that effectively persuades the readers. Improving paragraph transitions and using clear linking phrases can prevent abrupt shifts and ensure a logical progression of ideas.\n\n']"
3	157	0.65	"['\nCONTENT IMPROVEMENTS:\nThe letter argues that computers, while technologically advanced, have negative effects such as promoting a sedentary lifestyle, poor communication skills, and exposure to inappropriate content. The argument is clear but lacks balance, as it does not acknowledge potential benefits of computer use, which could strengthen the argument by addressing counterpoints. Including specific statistics and data to support claims about obesity and computer usage is crucial. The author plans to source data from reputable organizations like the World Health Organization and Pew Research Center to enhance credibility. The logical flow needs improvement, with smoother transitions between ideas. The author intends to use transitional phrases to guide readers through the argument. Structuring the letter with a clear introduction, detailed exploration of negative impacts, and a strong call to action is recommended. The author plans to include anecdotes and quotes from experts to add a human element to the argument.\n\nLANGUAGE IMPROVEMENTS:\nThe vocabulary is generally appropriate but could benefit from more varied and precise language. The author plans to replace general terms with specific descriptors like ""detrimental"" and ""harmful."" Sentence structure could be more varied, with a mix of simple, compound, and complex sentences to maintain reader interest. The author intends to use tools like Grammarly to catch grammatical and spelling errors, ensuring the letter is polished and professional. The tone should remain formal yet engaging, avoiding overly casual language. The author plans to use rhetorical devices like analogies to illustrate complex ideas in a relatable way. Active voice and varied sentence beginnings are recommended to keep the reader engaged.\n\nSTRUCTURE IMPROVEMENTS:\nThe letter lacks a clearly defined introduction and conclusion. The author plans to start with a broad statement about the role of computers, narrowing down to specific negative impacts. The transition between points is abrupt, and the author intends to use transitional phrases to improve logical flow. The content is imbalanced, with a heavier emphasis on health effects. The author plans to allocate equal space to health and social impacts, using headings or subheadings to organize points. The conclusion should summarize key points and include a call to action, urging readers to reflect on their computer habits. The author plans to use a statistic in the introduction to capture attention and set the stage for the argument.\n\n']"
4	158	0.75	"['\nCONTENT IMPROVEMENTS:\nThe letter argues that computers benefit society, particularly in business operations, personal communication, and information dissemination. While the argument for business efficiency is relevant, it lacks specific evidence such as statistics or studies to substantiate claims. Incorporating data, like a survey showing that approximately 70% of business tasks are conducted digitally, could strengthen the argument. Addressing counterarguments, such as concerns about decreased physical activity due to computer use, and providing positive rebuttals, like the role of digital communication in maintaining relationships, would present a balanced view. The author aims to create a relatable narrative, but integrating specific evidence and acknowledging opposing views could enhance the letter\'s persuasiveness.\n\nLANGUAGE IMPROVEMENTS:\nThe vocabulary is generally accessible, but spelling errors (e.g., ""buisness"" instead of ""business"") detract from professionalism. More precise vocabulary, such as ""global developments"" instead of ""things going on in the world,"" could enhance clarity. The letter predominantly uses simple sentences; introducing compound and complex sentences could add variety and depth. For example, ""While businesses thrive with technological support, individuals benefit from enhanced communication capabilities, leading to a well-connected society."" The tone is conversational, suitable for a broad audience, but a slightly more formal tone may enhance authority. The author acknowledges the need for more precise language and varied sentence structures to maintain engagement while conveying credibility.\n\nSTRUCTURE IMPROVEMENTS:\nThe letter follows a logical cause-and-effect structure, but transitions between sections could be smoother. Using phrases like ""Equally important"" and ""Moreover"" can create a more cohesive narrative. The introduction should clearly outline the main points, and the conclusion should reinforce the arguments presented. Balancing the sections on business, personal, and societal impacts is crucial; expanding on personal and societal benefits with additional examples or evidence will provide a comprehensive view. The author plans to use parallel structure and reflective transitions to maintain coherence and unity, ensuring each section receives equitable focus.\n\n']"
5	168	0.85	"['\n**CONTENT IMPROVEMENTS:**\nEnhancements can be made by incorporating specific studies and statistics to bolster claims. For example, referencing a study from a reputable educational institution that highlights the positive impact of computers on learning would provide concrete support. Introducing transitional phrases can improve coherence, with examples like ""In addition to providing access to information..."" providing smoother connections between ideas. Adjusting the tone to be more formal can increase the letter\'s credibility, using phrases such as ""It is noteworthy that computers have revolutionized communication and learning.""\n\n**LANGUAGE IMPROVEMENTS:**\nRefinement of vocabulary and sentence structure is needed for precision and impact. Utilizing terms like ""transformative tools"" and ""indispensable resources"" instead of general adjectives can add weight to arguments. Complex sentences can be integrated, such as ""By connecting people globally, computers not only shrink the world but also foster unprecedented opportunities for collaboration."" Correcting spelling errors, such as ""assignments"" and ""different,"" along with grammatical adjustments will enhance professionalism. A shift towards a more formal tone is advised, replacing conversational phrases with expressions like ""It is noteworthy that.""\n\n**STRUCTURE IMPROVEMENTS:**\nImprovement in structural elements can be achieved through enhanced transitions and impactful openings and conclusions. The use of transitional phrases, such as ""Moreover, as we explore further,"" can facilitate smoother paragraph shifts. An engaging introduction, featuring a rhetorical question or intriguing fact, sets a compelling foundation, while a conclusion tieing back to the introductory theme creates a full-circle moment, reinforcing the message. Integration of structural cohesion within paragraphs ensures clarity, with each starting with a topic sentence followed by supportive details.\n\n']"
6	178	0.63	"['\nCONTENT IMPROVEMENTS:\nThe letter presents a critical viewpoint on the use of computers, highlighting issues such as misinformation, dangerous chat rooms, and scams. However, the examples are underdeveloped, lacking specificity, which hampers persuasiveness. To enhance the argument\'s impact, incorporating detailed examples or case studies—such as incidents where misinformation led to substantial consequences—and citing statistics on the prevalence of online scams would lend credibility. Addressing counterarguments by acknowledging the perceived benefits of computers could also add depth. This would be balanced by emphasizing the risks and suggesting risk mitigation strategies, such as promoting digital literacy.\n\nLANGUAGE IMPROVEMENTS:\nThe language used in the letter is straightforward but could benefit from enhanced sophistication to suit the intended audience. Replacing informal words like ""messing"" with ""adversely affecting"" or ""detrimental"" would elevate the tone. Correcting spelling and grammar issues, such as ""imformation"" to ""information"" and ensuring proper punctuation, is necessary for professionalism. Introducing varied sentence structures can improve engagement; this involves combining simple sentences into more complex forms to maintain reader interest. Consistent vocabulary and tone throughout the letter are crucial, and the application of precise synonyms where contextually appropriate can further strengthen the text.\n\nSTRUCTURE IMPROVEMENTS:\nThe letter\'s current structure is adequate but lacks clear logical progression and transitions, creating a disjointed flow. Reorganizing the body to include a balanced discussion would be beneficial. Start with elaborating on the negative impacts of computer use, then acknowledge potential counterarguments to give a holistic view, and finally propose solutions like enhancing digital literacy. A compelling hook in the introduction—for example, using a thought-provoking question or statistic—can effectively capture reader attention. Transitions between paragraphs should be improved to ensure coherence, using phrases such as ""furthermore"" and ""however"" to guide the reader seamlessly through the argument. Consistency in language and tone is essential from the introduction through the conclusion, which, ultimately, should summarize key points and leave a lasting impression.\n\n']"
7	200	0.65	"['\nCONTENT IMPROVEMENTS:\n- The letter argues that computers are beneficial, focusing on helping students, learning about distant places, and facilitating communication. However, the arguments lack depth and specificity. Incorporating detailed examples or statistics, such as citing studies on educational benefits, can strengthen the claims.\n- The anecdote about a college student fearing failure without a laptop is a good attempt at providing evidence but needs more context or supporting data to be persuasive. Consider using well-known studies or reports to add credibility.\n- Addressing counterarguments can enhance engagement. Briefly mention common concerns, like decreased physical activity, and counter them with evidence of positive aspects, such as virtual exercise programs.\n\nLANGUAGE IMPROVEMENTS:\n- Vocabulary is accessible but lacks diversity and precision. Replace overused words like ""good"" and ""help"" with more specific terms like ""beneficial"" or ""facilitate"" to enhance clarity and impact.\n- Sentence structure is repetitive, often starting with similar phrases. Introduce varied sentence structures, such as compound or complex sentences, to add interest and improve readability.\n- Proofreading for grammatical errors, such as incorrect use of ""there"" instead of ""their,"" is essential. Utilize tools like Grammarly to catch errors before finalizing the letter.\n- Use rhetorical devices like metaphors or analogies to create a more evocative image, such as describing computers as ""gateways to a world of knowledge.""\n\nSTRUCTURE IMPROVEMENTS:\n- The introduction could be more engaging and impactful. Consider starting with an intriguing question or statement that directly addresses the local newspaper\'s readers.\n- Transitions between paragraphs are weak and repetitive. Use varied and sophisticated transitional language to connect ideas and maintain reader interest.\n- The conclusion lacks a strong restatement of the main argument and a compelling call to action. Reinforce the main argument by restating key points in a fresh way and ending with a clear, motivating call to action.\n- Ensure each point logically builds on the previous, creating a narrative that is both compelling and clear. Use parallel structure for clarity and emphasis when listing benefits or impacts.\n\n']"
8	222	0.65	"['\nCONTENT IMPROVEMENTS:\nThe essay argues that computers positively impact society by facilitating communication and aiding in research. To strengthen the argument, it should expand to include economic impacts and technological advancements, such as how computers have revolutionized industries like healthcare and finance. Incorporating statistical data and expert opinions will enhance credibility. The author plans to add sections on economic impacts and technological advancements, using sources like the International Data Corporation and World Economic Forum for statistics. Personal anecdotes should be balanced with concrete evidence to support claims. The author acknowledges the need for smoother transitions and a more formal tone, aiming to adjust the language accordingly.\n\nLANGUAGE IMPROVEMENTS:\nThe essay uses a range of vocabulary but can benefit from more precise and varied language. The author plans to replace vague terms with specific ones, such as ""facilitating global progress"" instead of ""helping the world."" Sentence structure should be refined by breaking down lengthy sentences for clarity. The author will correct spelling and grammar errors, focusing on subject-verb agreement. A more formal tone is necessary for a newspaper letter, and the author intends to use formal phrases like ""In conclusion"" and ""Furthermore"" to maintain professionalism. The author is advised to avoid contractions and use declarative statements to instill confidence in the reader.\n\nSTRUCTURE IMPROVEMENTS:\nThe essay\'s structure is clear, with each paragraph focusing on a specific benefit of computers. However, transitions between paragraphs need improvement. The author plans to incorporate transitional phrases like ""Building on the communication benefits"" to enhance cohesion. Using subheadings such as ""Communication Benefits,"" ""Educational Advantages,"" and ""Economic Impacts"" will help organize the essay and guide the reader. The author will ensure each section begins with a strong topic sentence and maintains coherence across sections. The conclusion should summarize key points and project into the future, using phrases like ""In summary"" or ""As we look to the future.""\n\n']"
9	234	0.65	"['\nCONTENT IMPROVEMENTS:\nThe letter effectively presents a positive view of computers, focusing on communication, learning, and research. To strengthen the argument, it should incorporate quantitative data or expert opinions, such as statistics on digital communication usage or studies on educational benefits. Expanding the scope to include professional development and accessibility advancements, like online certifications and assistive technologies, would provide a more comprehensive view of computers\' societal benefits. The author acknowledges the challenge of integrating data concisely but is open to using statistics to bolster the argument.\n\nLANGUAGE IMPROVEMENTS:\nThe vocabulary is generally appropriate but could be more varied and precise to enhance sophistication. Introducing complex sentence structures, such as subordinate clauses, would add depth without compromising clarity. The letter should also incorporate rhetorical devices like rhetorical questions and parallelism to engage readers and emphasize key points. The author is confident in using varied vocabulary but seeks guidance on crafting complex sentences and effectively integrating rhetorical devices.\n\nSTRUCTURE IMPROVEMENTS:\nThe letter follows a logical structure, beginning with opposing views and presenting supporting arguments. However, it lacks strong transitions between paragraphs and a clear thesis statement early on. Introducing a thesis at the end of the introduction would assert the writer\'s stance more clearly. Enhancing transitions with phrases like ""Furthermore"" and ""In addition"" would improve flow. The conclusion should expand to include broader societal implications, reinforcing the argument\'s importance. The author appreciates the suggestions for transitions and thesis placement, aiming to maintain a natural flow.\n\n']"
10	264	0.65	"['\nCONTENT IMPROVEMENTS:\nTo refine the letter\'s content, ensure a clear, explicit thesis statement early in the letter to clarify the position against excessive computer use. Instead of relying heavily on personal anecdotes, incorporate credible research and statistical data highlighting the health impacts and societal changes linked to computer use. This can strengthen the letter\'s persuasiveness. Engage the audience broadly, balancing personal anecdotes with universally relevant evidence. Consider structuring the argument with distinct sections dedicated to health concerns, social implications, and potential benefits of computer use with rebuttals, ensuring a systematic and clear narrative throughout.\n\nLANGUAGE IMPROVEMENTS:\nImprove vocabulary richness by incorporating more sophisticated and precise words, thus adding depth to the narrative; words like ""detrimental"" and ""engage"" can replace simpler terms. Diversify sentence structure using compound and complex sentences to present ideas dynamically; start sentences with adverbial phrases or relative clauses to add complexity. Address grammatical and spelling inaccuracies using proofreading tools to enhance professionalism and credibility. Refine the tone to align with newspaper expectations—keeping it formal yet engaging. Incorporate transitional phrases to maintain a smooth flow between ideas, ensuring each point builds fluidly on the previous one.\n\nSTRUCTURE IMPROVEMENTS:\nReorganize the letter into a more defined structure with a clear introduction, segmented body, and a strong conclusion. Use a structured model that begins with a compelling introduction featuring a thesis statement and an engaging fact or statistic, followed by body paragraphs with clear topic sentences. Employ transitions to guide the reader seamlessly through the argument, supporting logical progression from health impacts to social implications, and concluding with well-prepared counterarguments and rebuttals. End with a vivid, memorable call to action that recalibrates the readers\' focus on reducing screen time in favor of more balanced lifestyle changes.\n']"
11	297	0.65	"['\nCONTENT IMPROVEMENTS:\n- The arguments presented are clear but require deeper development. The discussion about online communication boosting morale could be more persuasive with personal anecdotes or statistics about the positive impact on soldiers or other individuals. The author expressed concern that too much detailed data might alienate readers, but personal stories would enrich engagement without overwhelming.\n- The benefits of the internet are addressed, but the examples given (e.g., shopping online, learning about foreign places) are too broad. The author noted a desire for simplicity, but inclusion of tailored examples or brief studies would strengthen the argument without complicating the narrative.\n- Suggestions such as referencing credible studies to support points about military training benefits were made, with the author agreeing that weaving in brief excerpts from reputable sources like military reports or tech publications would add credibility.\n- More thorough engagement with counterarguments was advised. Instead of simply suggesting exercise solutions like an ""indoor jogger,"" the integration of how tech trends (e.g., fitness apps) align with active lifestyles would enrich rebuttals. The author acknowledged this would effectively address potential reader concerns.\n\nLANGUAGE IMPROVEMENTS:\n- Vocabulary lacked precision, making arguments seem less compelling. Upgrading from phrases like ""benefit by its online, internet, and overall help"" to more specific terms like ""enhance connectivity, provide vast informational resources, and offer practical solutions"" was recommended.\n- Sentence structure issues were evident, often being convoluted. The author aimed for simplicity but recognized the need for clarity; thus, breaking complex sentences into shorter, clearer ones was advised, aiding reader comprehension.\n- Grammatical errors and misspellings (e.g., ""beast there their morale,"" ""internat benifits"") disrupted readability. The author agreed with the necessity of proofreading to improve accuracy.\n- The tone, though appropriately conversational, sometimes lacked persuasiveness. Assertive vocabulary such as ""undoubtedly"" or ""clearly"" was recommended to strengthen declarations. The author aligned with this, aiming to infuse more authority into the language while maintaining reader engagement through inclusive terms like ""we"" and ""you.""\n\nSTRUCTURE IMPROVEMENTS:\n- Structural coherence was inconsistent, with weak transitions leading to a disjointed argument flow. Implementing transitions that guide readers through the argument smoothly was suggested, with phrases like ""Moreover"" or ""Consequently.""\n- The introduction needed more engagement to captivate readers, and the conclusion required a stronger closing statement. Starting with a rhetorical question or a surprising fact was proposed, with the author considering the integration of such elements.\n- Aligning body paragraphs with a clear, consistent structure (introducing the benefit, providing evidence, explaining impact) was necessary to maintain focus and coherence. The author saw the value in leading sentences to encapsulate paragraph content, fostering logical progression.\n- A thematic consistency throughout the letter was encouraged, revisiting keywords to connect sections fluidly. The author appreciated this approach and aimed to integrate recurring motifs to reinforce the argument\'s cohesion.\n\n']"
12	404	0.65	"['\nCONTENT IMPROVEMENTS:\nThe letter effectively takes a stance on the positive effects of computers, using personal anecdotes to make the argument relatable. However, it lacks depth in exploring broader implications and could benefit from more diverse and detailed examples, such as statistical data or expert opinions, to strengthen the argument. The inclusion of counterarguments is a positive aspect, but they should be addressed more thoroughly to preemptively counter potential criticisms. The author plans to incorporate statistics on educational benefits and digital communication to support the argument, enhancing credibility. Additionally, the author intends to refine the logical flow by outlining key points and using transitional phrases to avoid repetition and ensure coherence.\n\nLANGUAGE IMPROVEMENTS:\nThe language is accessible and conversational, suitable for a local newspaper audience, but requires refinement for professionalism. Spelling and grammatical errors, such as ""posotive"" instead of ""positive,"" need correction to enhance credibility. The author plans to use proofreading techniques, grammar tools, and peer reviews to identify and correct errors. Simplifying complex sentences and improving phrasing will enhance readability. The author aims to balance engagement with professionalism by refining vocabulary and maintaining a consistent tone. Resources like ""The Elements of Style"" and online courses will be utilized to improve persuasive language skills.\n\nSTRUCTURE IMPROVEMENTS:\nThe letter follows a basic argumentative structure but could benefit from a more engaging introduction and a stronger conclusion. The introduction should include a hook, such as a surprising statistic, to capture the reader\'s attention. The conclusion should feature a compelling call to action, encouraging readers to reflect on the positive impacts of computers. The author plans to use strategic paragraphing and transitional phrases to improve logical flow and coherence. By breaking down complex ideas into focused paragraphs and using varied sentence structures, the author aims to maintain reader interest and ensure a clear progression of ideas.\n\n']"
13	411	0.65	"['\nCONTENT IMPROVEMENTS:\nThe letter clearly states a position against computers, citing harmful effects on eyesight, reduced social interaction, and unhealthy lifestyles. However, the use of placeholders like ""@CAPS1"" and ""@NUM1"" undermines credibility. Specific studies, statistical data, and expert opinions should replace these placeholders to strengthen the argument. Acknowledging the benefits of computers, such as educational aids and remote work, can provide a balanced view, arguing for moderation rather than outright rejection. Including local anecdotes or community-specific examples can make the letter more relatable and engaging, encouraging readers to take action.\n\nLANGUAGE IMPROVEMENTS:\nThe language is clear and assertive, appropriate for a persuasive letter, but could benefit from more varied vocabulary to enhance sophistication. Introducing synonyms and varied expressions can avoid repetition and add depth. The letter predominantly uses simple sentences; incorporating compound and complex structures can create a more dynamic narrative. Proofreading is essential to replace placeholders with accurate information and correct any grammatical errors, enhancing professionalism and persuasiveness. Using rhetorical devices like parallelism and antithesis can emphasize key points, while varied sentence lengths can maintain reader interest.\n\nSTRUCTURE IMPROVEMENTS:\nThe letter has a clear introduction and conclusion, with a logical organization in the body. However, transitions between sections need improvement to enhance the flow of the argument. Using transitional phrases or sentences can connect sections more smoothly, maintaining reader engagement. Ensuring each section is equally developed with sufficient detail and support will create a more cohesive and persuasive argument. Starting with a local anecdote or scenario can draw readers in, while concluding with a call to action can empower them to engage with the issue constructively.\n\n']"
14	429	0.65	"['\nCONTENT IMPROVEMENTS:\nThe essay argues that computers are beneficial, highlighting their utility, educational value, and communication facilitation. However, the arguments lack depth and specificity. Expanding on each point with detailed examples or statistics, such as data on time saved by email or the growth of online education, would strengthen the argument. The author plans to include references to platforms like Coursera to illustrate digital education\'s accessibility. Addressing potential counterarguments, such as concerns about reduced physical activity, and countering with examples of virtual fitness apps, can present a balanced view. The conclusion should be more impactful, possibly ending with a personal anecdote or societal observation to underscore the indispensable role of computers.\n\nLANGUAGE IMPROVEMENTS:\nThe vocabulary is simple and lacks variety, with overused words like ""great"" and ""helpful."" The author intends to replace these with more precise terms like ""advantageous"" and ""transformative."" Sentence structures are predominantly simple; introducing complex sentences can enhance engagement. The author plans to blend simple and intricate structures for a dynamic rhythm. Grammatical errors, such as subject-verb agreement and punctuation, need correction. The author will proofread for these issues, ensuring verbs agree with subjects and commas are correctly placed. Transitions between paragraphs are weak; using phrases like ""Consequently"" or ""Conversely"" can improve flow. The tone should be more formal, with rhetorical questions to engage readers, such as ""Is seamless connectivity not the hallmark of the digital age?""\n\nSTRUCTURE IMPROVEMENTS:\nThe essay follows a basic argumentative structure but lacks smooth transitions and an engaging introduction. The author plans to develop linking sentences that highlight the interconnectedness of computer benefits, improving logical flow. The introduction could start with a compelling hook, like a statistic about computer reliance, to engage readers. The conclusion should synthesize the main points and include a call to action, urging readers to recognize and responsibly harness technology\'s benefits. The author aims to create a full-circle moment by revisiting the introduction\'s hook in the conclusion, reinforcing the essay\'s message.\n\n']"
15	509	0.72	"[""\nCONTENT IMPROVEMENTS:\n1. **Specific Evidence and Examples:** The content would benefit from integrating specific studies or anecdotes to substantiate claims about social isolation and health concerns. While the draft aims to appeal to common intuitions about technology's effects, incorporating empirical data from reputable sources like the American Academy of Pediatrics or Pew Research Center can give the arguments more weight and credibility.\n\n2. **Logical Coherence Enhancement:** The sequence from social isolation to health concerns, and then to addiction, should be reinforced with clearer transitions. The author's approach of restructuring sections for a logical flow — using social isolation as a starting point for exploring health issues — supports narrative clarity but requires adequate transition along sections.\n\n3. **Local and Balanced Perspective:** Emphasizing local examples or statistics would enhance relevance for readers. Although initially focusing solely on negative aspects, acknowledging the positive sides of technology, such as education and cultural exploration, would offer a nuanced view and might make the argument more balanced and persuasive.\n\nLANGUAGE IMPROVEMENTS:\n1. **Vocabulary Variety and Sentence Structure:** The letter could use a wider range of vocabulary to maintain reader interest. Using synonyms for overused terms and alternating sentence structures and lengths, particularly in sections with anecdotes, can make the argument more engaging.\n\n2. **Grammar and Spelling Precision:** There are minor grammatical errors that need addressing, such as ensuring subject-verb agreement and correct word transitions. The author is working on enhancing sentence variety and correcting such errors to present a polished narrative.\n\n3. **Engagement through Tone and Style:** The draft would benefit from a more engaging tone. Rhetorical devices and vivid imagery are suggested to enliven the narrative, particularly in the introduction and conclusion. This adds a conversational element that goes well with the formal persuasive tone.\n\nSTRUCTURE IMPROVEMENTS:\n1. **Strong Introduction and Conclusion:** The letter needs a more gripping introduction and a powerful conclusion. Beginning with a local anecdote and concluding with data-backed insights and a call to action could make these sections more impactful.\n\n2. **Effective Transitions and Flow:** The flow between sections suffers due to weak transitions. Implementing bridging sentences and thematic links can help maintain coherence, especially when moving from one major concern to another.\n\n3. **Paragraph Organization and Narrative:** Focusing on smooth narrative progression using bridging sentences in key transitional areas, like between discussing social isolation and health hazards, can better guide the readers through the letter's core arguments.\n\n""]"
16	533	0.75	"['\nCONTENT IMPROVEMENTS:\nThe letter argues that computers have a positive effect by making tasks easier, providing educational resources, and offering entertainment. Personal anecdotes effectively engage the audience, but the argument would benefit from broader evidence. Incorporating statistics or studies, such as those from the Pew Research Center, could enhance credibility, particularly regarding educational benefits and social interaction. The entertainment argument is underdeveloped; expanding on this with examples like ""Minecraft"" and its educational benefits, supported by studies on gaming\'s cognitive and stress-relief benefits, would provide a more comprehensive view. Balancing personal anecdotes with general evidence will strengthen the argument, starting sections with personal stories and anchoring them with wider findings or vice versa.\n\nLANGUAGE IMPROVEMENTS:\nThe vocabulary is generally appropriate but could be more varied and precise to enhance persuasiveness. Replacing repetitive terms with specific alternatives like ""beneficial impact"" or ""constructive influence"" will convey points more effectively. Sentence structure should be varied, breaking down lengthy sentences for clarity and starting with modifiers or participial phrases for variety. Punctuation and grammar require attention, particularly in complex sentences, to ensure clarity. The tone is conversational, which suits the audience, but a slightly more formal tone could enhance persuasiveness. Incorporating rhetorical devices such as rhetorical questions and parallelism can strengthen the argument and engage the reader, particularly at the start or end of paragraphs.\n\nSTRUCTURE IMPROVEMENTS:\nThe letter follows a basic argumentative structure but needs clearer separation between sections for better reader comprehension. Transitions between ideas are abrupt; using transitional phrases will improve coherence. The essay spends unequal time on different aspects, with entertainment being underexplored. Dedicating specific paragraphs to educational, social, and entertainment impacts will allow for a balanced argument. The introduction could be more engaging with a hook or rhetorical question, and the conclusion should have a compelling closing statement that reinforces the essay\'s impact. Implementing transitional sentences at the beginning and end of each paragraph will guide readers smoothly through the argument, maintaining a cohesive narrative.\n\n']"
17	537	0.65	"['\nCONTENT IMPROVEMENTS:\nThe letter argues that computers have a positive effect on society, focusing on hand-eye coordination, educational benefits, and global communication. However, the arguments lack depth and specificity. To strengthen the content, it is suggested to provide more detailed explanations and examples for each point. For instance, mentioning specific studies or statistics about educational improvements due to computer use would enhance the argument. Additionally, incorporating evidence such as data, studies, or expert opinions can make the argument more persuasive. The author plans to integrate these details while maintaining a conversational tone. Addressing potential counterarguments, such as concerns about reduced physical activity or social interaction, can also add depth and balance to the argument.\n\nLANGUAGE IMPROVEMENTS:\nThe language used in the letter lacks diversity and precision, with simple sentence structures and several grammatical errors. To improve, the author should enhance vocabulary by using more precise and varied language, such as replacing ""effect"" with ""beneficial"" or ""transformative."" Introducing variety in sentence length and structure, and using conjunctions like ""because"" or ""although,"" can add complexity and engagement. Correcting spelling and grammatical errors is crucial for professionalism, and tools like spellcheck can assist in this process. The author plans to use transitional phrases to improve the flow of ideas and adopt a more formal and persuasive style, incorporating rhetorical questions and appeals to engage the reader.\n\nSTRUCTURE IMPROVEMENTS:\nThe letter\'s structure is basic, with abrupt transitions between points and a lack of logical flow. To improve, the author should use transitional phrases or sentences to link paragraphs and ideas smoothly, ensuring each paragraph builds on the previous one. The introduction and conclusion should effectively frame the argument, and the use of sophisticated transitional language can guide the reader through the essay. The author intends to enhance the logical progression of ideas and ensure that each section consistently supports the main thesis, maintaining a unified and persuasive message throughout.\n\n']"
18	629	0.65	"[""\nCONTENT IMPROVEMENTS:\nThe essay argues that computers benefit society by providing access to information, facilitating communication, and aiding in locating missing people. However, the argument could be more persuasive with consistently logical progression and clear evidence. The essay begins with a strong claim but lacks coherence and logical depth in some sections. To improve, the author should provide clear examples or stories that directly support claims, especially regarding societal benefits. Mention specific websites, applications, or scenarios where computers have significantly helped people to ground the arguments in reality. The essay covers multiple points but lacks depth in exploring these aspects individually. The author plans to focus on key benefits with detailed examples, such as educational platforms like Khan Academy, communication tools like Zoom, and emergency response systems. Addressing counterarguments is also necessary, with a dedicated paragraph acknowledging concerns about excessive computer use and providing a reasoned rebuttal.\n\nLANGUAGE IMPROVEMENTS:\nThe essay's language needs refinement for clarity and engagement. The author should ensure that the opening statistic or anecdote is directly tied to the thesis, making its relevance immediately clear to the reader. The thesis should be concise and clearly outline the main points. Each paragraph should begin with a clear topic sentence and be supported by specific examples and data. The author plans to use transitional phrases to maintain a logical flow and connect ideas smoothly. The conclusion should incorporate a rhetorical question or a forward-looking statement to engage the reader's thoughts and provoke reflection post-reading. The author should also ensure that the language is sophisticated and appropriate for the audience, using vocabulary that resonates with their experiences or values.\n\nSTRUCTURE IMPROVEMENTS:\nThe essay's structure requires enhancements to ensure logical progression and balance. The introduction should start with a hook, such as a relevant anecdote or statistic, to engage the reader immediately. The thesis should be clear and outline the main points. Each body paragraph should focus on a single argument, with a topic sentence that introduces the main idea and links back to the thesis. The author plans to use specific examples and data to support each argument, ensuring smooth transitions between paragraphs. The conclusion should summarize the main points, restate the thesis, and end with a strong call to action or a forward-looking statement. The author should also consider creating an outline or visual map of the essay to ensure each section is balanced and logically organized.\n\n""]"
19	657	0.65	"['\nCONTENT IMPROVEMENTS:\nThe essay argues that computers are beneficial for everyone, focusing on learning, communication, and exploration. However, the argument lacks depth and specificity, with repetitive points and insufficient evidence. To strengthen the argument, each point should be developed with specific, detailed examples and evidence. For instance, when discussing communication, a real-world scenario where someone formed a long-lasting friendship online could be included. Similarly, for learning, examples like virtual museum tours or educational platforms providing free courses worldwide should be mentioned. The logical flow is weak, and transitions between ideas are unclear. Organizing the essay with clear, distinct paragraphs for each main point, using strong transitions, will improve coherence. Addressing potential counterarguments will enhance persuasiveness, and local examples or statistics can engage the newspaper audience more effectively.\n\nLANGUAGE IMPROVEMENTS:\nThe vocabulary is straightforward but lacks precision and variety. Introducing more varied and precise language, such as replacing ""great"" with ""advantageous,"" will enhance engagement and clarity. The sentence structures are simple, limiting variety and sophistication. Incorporating more complex and compound sentences will add depth and interest. Grammatical and spelling errors, such as ""thet"" instead of ""they,"" should be corrected to maintain credibility. The language style is conversational, which suits a persuasive letter, but should be balanced with more formal elements to match the newspaper\'s audience expectations. Rhetorical devices like parallelism and rhetorical questions can engage the reader further, but should be used purposefully to support the persuasive aim.\n\nSTRUCTURE IMPROVEMENTS:\nThe essay lacks a clear organizational structure, affecting coherence and persuasiveness. The introduction should clearly state the position and outline the main points. Each body paragraph should focus on a single main point, with supporting details and examples. The current structure mixes different ideas within the same paragraph, which can confuse the reader. Stronger transitions are needed to delineate and connect different sections cohesively. The conclusion is weak and does not effectively summarize the main points or reinforce the argument. It should restate the position and leave the reader with a strong impression. Using transitional phrases like ""Furthermore,"" ""In addition,"" and ""Moreover"" will maintain a smooth flow of ideas. The planned inclusion of a section on professional collaboration during remote work is pertinent, but should be concise and clearly linked to the broader benefits of computer use.\n\n']"
20	749	0.75	"['\nCONTENT IMPROVEMENTS:\nThe letter\'s argument in favor of computers is supported by personal anecdotes and examples, which effectively engage the audience. However, to strengthen the persuasiveness, it could benefit from addressing potential counterarguments related to excessive screen time or social isolation. Reframing these concerns positively, such as highlighting educational benefits, can provide a well-rounded perspective. Additionally, integrating diverse evidence such as statistics or expert opinions can lend credibility and broaden appeal. Balancing anecdotal elements with formal evidence will enhance the content\'s depth and relatability.\n\nLANGUAGE IMPROVEMENTS:\nWhile the current vocabulary is relatable, incorporating precise and varied terms, such as ""ubiquitous"" and ""facilitate,"" can enrich the argument. Refining sentence structures by merging shorter sentences into more complex ones will improve fluency and readability. There are minor grammatical errors, like run-on sentences, which when addressed can enhance clarity. Employing transitional phrases such as ""Moreover"" and ""Consequently"" will facilitate smoother transitions. In sections with statistics or expert opinions, a slightly formal tone is advised to enhance credibility.\n\nSTRUCTURE IMPROVEMENTS:\nStructurally, the letter is organized with a clear introduction, body, and conclusion, but enhancing the introduction with a strong thesis and the conclusion with a visionary statement or call to action will enforce a stronger framework. Transitions between paragraphs could be more explicit to ensure logical progression and coherence. Enhancing the introduction with a vivid scenario or hypothetical and the conclusion with a circular closure can create a cohesive narrative. Blending formal and informal language styles will balance structure with accessibility.\n\n']"
21	786	0.65	"['\nCONTENT IMPROVEMENTS:\nThe essay argues that computers are beneficial, highlighting their role in research, communication, and professional use. To strengthen this argument, it should include specific examples from fields like academia and journalism, illustrating how computers have revolutionized access to information and enabled real-time reporting. Expanding the discussion to include social media and video calls can demonstrate the versatility of computers in enhancing communication. The essay lacks concrete examples or data to support claims; incorporating statistics on increased productivity due to computer use would enhance credibility. Addressing counterarguments, such as concerns about screen time, by highlighting how computers offer tools for health management and virtual exercise programs, can provide a balanced view. The author plans to address misinformation by emphasizing critical thinking and cross-referencing, showing how computers can empower users to discern credible information.\n\nLANGUAGE IMPROVEMENTS:\nThe vocabulary is generally accessible, but introducing varied and precise vocabulary could enrich the text. Words like ""instrumental"" or ""indispensable"" can add depth to the argument. The essay features primarily simple and compound sentences; incorporating more complex sentences could add variety and enhance engagement. Grammar and punctuation errors, such as missing commas in compound sentences and incorrect verb forms, need correction. Consistent use of capitalization, particularly for proper nouns and at the beginning of sentences, is essential. Strengthening transitions between sentences and ideas can guide the reader more smoothly from one point to another. Rhetorical questions and emotive language can engage the reader\'s emotions and provoke thought, enhancing the persuasive tone.\n\nSTRUCTURE IMPROVEMENTS:\nThe essay lacks clear paragraph divisions, making it challenging for readers to follow the progression of ideas. Organizing the essay into clear paragraphs, each focusing on a single aspect of computer use, will enhance clarity and focus. Using topic sentences to introduce each paragraph\'s main idea and transitions to connect ideas smoothly is crucial. The introduction should clearly state the position and engage the reader, while the conclusion should summarize the key points and leave a lasting impression. Balancing the discussion of benefits with a brief acknowledgment of counterarguments demonstrates a well-rounded understanding of the topic. The author plans to integrate transitions to maintain a smooth flow and logical progression from one idea to the next.\n\n']"
22	815	0.64	"['\nCONTENT IMPROVEMENTS:\n- The overall arguments lack specific support and evidence. To enhance persuasiveness, incorporate current statistics or studies, such as health reports showing increased screen time\'s adverse effects on physical well-being.\n- The narrative could benefit from broader trends discussions, such as social media\'s impact on family dynamics, supported by reputable sources. The point about financial costs due to computer use could be strengthened with comparisons to other household expenses, backed by reliable statistics or data.\n- Broaden each argument with examples and narrative flow to improve persuasion while acknowledging counterarguments, which would enhance overall credibility.\n\nLANGUAGE IMPROVEMENTS:\n- The language is straightforward but could benefit from varied and precise vocabulary. The use of terms like ""detrimental impact"" or ""digital dependency"" would lend clarity and sophistication.\n- Implement a mix of short, impactful statements alongside longer, descriptive ones for rhythm. For example, ""Computers infiltrate our lives daily, often to the detriment of real connection.""\n- Correct grammatical errors to achieve professionalism, ensuring consistent verb tense use and eliminating subject-verb agreement errors. Utilize rhetorical questions and powerful adjectives to reinforce the argumentative tone without distancing the reader.\n- Employ smooth transitions with phrases like ""Moreover"" or ""On the financial front"" to maintain narrative coherence and enhance flow.\n\nSTRUCTURE IMPROVEMENTS:\n- The introduction should be captivating with an attention-grabbing hook like a provocative question or compelling scenario, alongside a succinct thesis for clarity: ""Have you considered how much of your life is governed by screens?""\n- Smooth transitions between paragraphs are essential, guiding readers seamlessly from one argument to the next, reinforced by transitional phrases. Each paragraph should open with a strong, relevant topic sentence linking back to the main thesis.\n- The conclusion should include a compelling call to action and a memorable closing thought, prompting readers to reflect on their screen habits. For instance, a closing like, ""In our pursuit of digital advancement, are we sacrificing warmth and genuine connections?""\n\n']"
23	880	0.65	"['\nCONTENT IMPROVEMENTS:\nThe letter\'s main argument is that computers benefit society by enabling learning about distant places, facilitating online communication, and being essential for work-related tasks. However, the development of these ideas lacks depth and comprehensive detail. The personal anecdotes, such as organizing a family trip online and reconnecting with friends on social platforms, add a relatable touch but need further analysis and detail to serve as strong persuasive elements. Incorporating statistics or studies that demonstrate the positive impact of computers on productivity and education would bolster the argument. Addressing potential counterarguments, such as overreliance on technology or decreased physical activity, and refuting them with stronger positive impacts, would enhance credibility. The author plans to incorporate these suggestions by crafting a more solid thesis statement, expanding anecdotes with broader trends, and introducing counterarguments to present a balanced view.\n\nLANGUAGE IMPROVEMENTS:\nThe vocabulary used is simple and straightforward, which aids clarity but lacks sophistication. Incorporating a wider range of vocabulary, such as ""facilitate,"" ""enhance,"" ""transform,"" or ""revolutionize,"" could add depth to the points. The sentence structure is mostly simple, which can make the writing feel monotonous. Introducing a mix of sentence lengths and structures can create a more dynamic and engaging reading experience. There are several grammatical errors, particularly with subject-verb agreement and punctuation, which need correction. The tone of the letter is informal, which may not be appropriate for a persuasive letter to a newspaper. Adopting a more formal and assertive tone could enhance the letter\'s credibility. The author plans to address these issues by expanding vocabulary, varying sentence structure, correcting grammatical errors, and adopting a more formal tone.\n\nSTRUCTURE IMPROVEMENTS:\nThe letter follows a basic argumentative structure but could be strengthened by ensuring each section is distinct and cohesive, with a clear progression of ideas. The introduction lacks a strong hook or thesis statement that clearly sets up the argument. Starting with a compelling statement or question could engage readers and establish the main argument. Transitions between ideas are weak, leading to a jumbled narrative. Improved transitions that logically connect each paragraph would enhance the overall flow and impact. The author plans to rewrite the introduction to capture the reader\'s attention effectively, use transitions to improve logical flow, and create an outline to better plan the logical flow and balance of arguments.\n\n']"
24	910	0.65	"['\nCONTENT IMPROVEMENTS:\nThe essay centers around the positive impact of computers in personal and academic contexts. To strengthen the argument, it should incorporate:\n- A clear thesis statement outlining the essay’s main arguments about the benefits of computers.\n- Addressing counterarguments, such as the potential for computers to detract from physical and social activities, to demonstrate a well-rounded understanding of the topic.\n- Integration of data or studies to bolster personal anecdotes, ensuring a balance between personal tone and credible evidence. The use of statistics related to digital communication and online learning can add depth.\nThe content has an appeal through anecdotal experiences but needs elaboration with examples or facts to enhance persuasiveness.\n\nLANGUAGE IMPROVEMENTS:\nTo ensure the essay is clear and engaging:\n- Revise vocabulary for variety and precision, replacing repetitive terms with synonyms such as ""digital tools"" for ""computers,"" adding complexity and interest.\n- Simplify complex sentence structures and avoid run-ons, ensuring clarity. For example, break long sentences into concise statements for easier readability.\n- Address grammatical issues such as subject-verb agreement and incorrect articles, using grammar tools to catch errors.\n- Maintain a consistent and appropriate tone throughout the essay, avoiding overly casual language that can detract from its persuasiveness.\nThe essay benefits from accessible language but would gain from enhanced precision and correctness.\n\nSTRUCTURE IMPROVEMENTS:\nThe structure can be improved for coherence and flow:\n- Introduce a clear thesis at the beginning to provide a roadmap for the essay. This anchors the reader and clarifies the main argument.\n- Start each paragraph with a topic sentence, ensuring coherence. This will improve the logical progression of ideas.\n- Use of transitional phrases to guide readers through the argument effectively, enhancing flow between paragraphs.\n- Balance personal narratives with broader implications in the essay\'s structure, starting with personal experiences and expanding to societal benefits before concluding with personal insights.\nThe organization supports engagement but would be stronger with clear framing of main ideas and transitions.\n\n']"
25	963	0.65	"['\nCONTENT IMPROVEMENTS:\nThe letter argues that excessive computer use leads to negative consequences such as addiction and reduced physical and social activities. To strengthen this argument, the author should provide more detailed evidence, particularly regarding the survey data, which is currently unclear. The author plans to clarify the survey details, highlighting patterns observed even if precise percentages remain vague. This approach can enhance credibility. Additionally, integrating more anecdotal evidence will provide a personal touch that resonates with readers. The author intends to include a personal story about a friend who benefited from balanced computer use, illustrating the potential benefits of reduced screen time. Addressing potential counterarguments by acknowledging the benefits of technology can also strengthen the argument, providing a more balanced view that may increase persuasiveness.\n\nLANGUAGE IMPROVEMENTS:\nThe vocabulary used is generally appropriate, but there are opportunities to enhance precision and diversity in word choice. The author plans to incorporate more precise and varied vocabulary, such as ""compulsive use"" or ""overdependence,"" to add depth and specificity. Introducing complex sentence structures, especially when discussing the dual nature of technology, will enhance the sophistication of the argument. The author intends to balance complex sentences with simpler ones to maintain clarity, ensuring the narrative remains accessible. Minor grammatical errors and instances of informal language should be revised for a more polished presentation. The author plans to thoroughly proofread the letter and use grammar tools to catch subtle errors, enhancing the letter\'s professionalism.\n\nSTRUCTURE IMPROVEMENTS:\nThe letter follows a problem-solution structure, beginning with an introduction to the issue, followed by a discussion of both the benefits and drawbacks of computer use, and concluding with a call to action. The proposed structure effectively serves the purpose of the letter by providing a balanced view of the issue. The use of a bridging statement to transition between benefits and drawbacks is a strong strategy that maintains the flow. The author plans to use larger paragraph breaks and italicized phrases for emphasis and clarity, enhancing readability while preserving the letter\'s formal style. Testing readability with a small audience and ensuring consistency in formatting will further refine the structure. The author intends to incorporate feedback from the test audience and double-check for consistency before finalizing the letter.\n\n']"
26	999	0.78	"['\nCONTENT IMPROVEMENTS:\nIncorporating specific studies or statistics could add depth to the argument, such as mentioning a study that shows improved student performance with computer-assisted learning. Acknowledge concerns about excessive computer use by highlighting how computers can promote physical activity through online fitness programs and enhance social interaction through virtual communities. Using anecdotes can create relatable scenarios, such as a student utilizing educational apps alongside maintaining family ties through video calls. The essay should balance engaging language with content depth, integrating transitional phrases and evidence seamlessly to bolster persuasiveness.\n\nLANGUAGE IMPROVEMENTS:\nThe use of more sophisticated phrases like ""transformative potential"" and ""unprecedented connectivity"" can elevate the persuasive tone. Clear and concise language is crucial when presenting studies or statistics to maintain reader interest without overwhelming them. Engaging introductions and conclusions are vital, potentially starting with a statistic like ""Did you know that 85% of students benefit from computer-assisted learning?"" to hook readers. Emphasizing a strong call to action in the conclusion will encourage readers to embrace the advantages of technology.\n\nSTRUCTURE IMPROVEMENTS:\nThe essay should integrate transitional language to ensure smooth flow between ideas, with phrases like ""Building on this point"" and ""Furthermore, considering additional impacts."" Opening the essay with a compelling hook, such as a startling statistic or narrative scenario, can immediately engage readers. Conclude strongly by succinctly summarizing the essay\'s points and inspiring readers to action with statements like ""Embrace the digital age to unlock the potential of computers."" Logical progression and paragraph unity are essential for maintaining cohesion throughout the essay.\n\n']"
27	1041	0.65	"['\nCONTENT IMPROVEMENTS:\nThe essay argues that excessive computer use detracts from personal and social activities, impacting physical health and relationships. The main argument should be clearly articulated with a strong thesis statement, such as ""Excessive computer use undermines physical health and personal relationships, necessitating a balanced approach to digital interactions."" Organizing the essay into a clear introduction, body, and conclusion will help maintain logical flow. Specific examples, such as a personal anecdote about a friend who became less active due to gaming, and statistical data on screen time\'s impact on health, should be included to strengthen the argument. The author plans to research studies linking screen time with health issues to provide a solid foundation for the claims.\n\nLANGUAGE IMPROVEMENTS:\nThe language lacks precision and variety, with repetitive terms like ""computer"" and ""people."" Introducing synonyms such as ""digital interactions"" and ""individuals"" can add variety. Sentence structure needs improvement, with many run-ons and fragments disrupting readability. Simplifying complex sentences and using conjunctions to combine related ideas will enhance clarity. Grammar issues, particularly with apostrophe usage and subject-verb agreement, should be addressed. The tone should shift from informal to semi-formal, suitable for a newspaper audience. The author plans to focus on crafting a tone that balances formality with engagement.\n\nSTRUCTURE IMPROVEMENTS:\nThe essay lacks a clear organizational framework, with ideas presented in a disjointed manner. A defined introduction, body, and conclusion are necessary to guide the reader through the argument. The introduction should start with a compelling hook, such as a personal anecdote or rhetorical question, leading into a clear thesis statement. Body paragraphs should be organized by themes: societal impacts, health concerns, and relationship effects, with strong topic sentences and transitions. The conclusion should summarize the main points and include a call to action, encouraging readers to reflect on their screen time. The author plans to use transitional phrases to connect ideas and maintain a smooth flow.\n\n']"
28	1042	0.75	"[""\nCONTENT IMPROVEMENTS:\n- The content can be enhanced by diversifying the types of scenarios illustrating the benefits of computers, such as adding examples of educational tools and telemedicine to demonstrate broader impacts.\n- Supporting arguments with more detailed evidence, including scientific studies on skill development, can strengthen claims about benefits like hand-eye coordination.\n- Encourage audience engagement by integrating rhetorical questions to invite readers to reflect on their experiences with technology.\n\nLANGUAGE IMPROVEMENTS:\n- Vocabulary diversity needs attention to avoid redundancy and elevate the sophistication of the argument. Options include using synonyms or more precise language.\n- Complex sentence structures should be incorporated to provide depth and demonstrate the multifaceted nature of the argument, thereby enhancing persuasiveness.\n- All spelling and punctuation errors should be meticulously corrected to maintain professionalism, as these errors currently affect the letter's overall credibility.\n- Engaging rhetorical devices, strategically placed, can highlight key points and enhance persuasive impact without overwhelming the reader.\n\nSTRUCTURE IMPROVEMENTS:\n- The overall organizational structure should focus on clarity and coherence through stronger transitions between paragraphs and sections.\n- Consider a hybrid paragraph organization that distinctly separates personal anecdotes from research-based evidence, while ensuring each paragraph maintains a singular focus.\n- Effective use of topic sentences and transition phrases within and between paragraphs will ensure logical flow and maintain reader engagement.\n- Maintain paragraph unity by ensuring all sentences within a paragraph contribute directly to the central idea while avoiding unnecessary complexity.\n\n""]"
29	1049	0.65	"['\nCONTENT IMPROVEMENTS:\nThe letter argues that computers have a positive effect on people, focusing on benefits like improving hand-eye coordination, providing access to information, and facilitating communication. However, the arguments lack depth and specificity. To strengthen the content, specific examples or studies should be included to substantiate claims. For instance, citing research on the cognitive benefits of computer games for hand-eye coordination would add credibility. The author plans to incorporate studies and examples, such as the impact of platforms like Khan Academy on education, and statistics on messaging app usage to illustrate communication benefits. Addressing potential counterarguments, like concerns about screen time, could also enhance the letter\'s persuasiveness.\n\nLANGUAGE IMPROVEMENTS:\nThe vocabulary is appropriate but could be more varied and precise to enhance persuasiveness. Replacing common terms with more impactful words, like ""transformative"" instead of ""positive,"" can add sophistication. The sentence structure is mostly simple; introducing complex sentences with subordinate clauses can add depth. The author intends to use rhetorical questions and direct appeals to engage readers, such as asking how technology has enriched their lives. Grammatical and spelling errors, such as ""alot"" instead of ""a lot,"" need correction for a polished presentation. The author plans to conduct a thorough proofreading session to address these issues.\n\nSTRUCTURE IMPROVEMENTS:\nThe letter follows a standard persuasive structure but could benefit from stronger transitions and a more cohesive flow. The introduction and conclusion need to be more engaging, possibly starting with a thought-provoking question or fact. The author plans to use transitional phrases that emphasize the interconnectedness of benefits, like ""Building on this foundation,"" to create a seamless narrative. Balancing the weight of each argument is crucial, as the first point on hand-eye coordination currently overshadows others. The author aims to expand sections on information access and communication for equal attention. Using a thematic metaphor, such as ""computers as a gateway,"" can enhance narrative cohesion and provide a unifying concept throughout the letter.\n\n']"
30	1112	0.78	"['\nCONTENT IMPROVEMENTS:\nThe writing presents several valid arguments about the benefits of computers but lacks sufficient supporting evidence and broader consideration of societal impacts. To enhance the persuasiveness, incorporating studies or statistics regarding hand-eye coordination could bolster claims of its benefits. Exploring digital literacy\'s role in career advancement through concrete data or expert insights would further strengthen this argument. While acknowledging potential negative effects, such as reduced physical activity, addressing these with counters such as health-promoting technologies can offer a balanced view.\n\nLANGUAGE IMPROVEMENTS:\nThere is room for improvement in vocabulary precision and variety. Replacing phrases like ""know how to type and work a computer"" with ""digital proficiency"" can clarify the discussion on necessary skills for modern careers. Introducing diverse sentence structures, with both short and impactful as well as complex descriptive sentences, will engage the reader more dynamically. Enhancing language fluidity includes addressing grammatical issues like spelling errors and ensuring punctuation is accurate. Implementing persuasive devices such as rhetorical questions, metaphors, or analogies can heighten reader engagement.\n\nSTRUCTURE IMPROVEMENTS:\nWhile the letter has a clear organizational framework with distinct sections, transitions between ideas require strengthening for fluidity. An engaging introduction featuring a statistic or rhetorical question can capture the reader\'s interest, while a conclusion reiterating major points with a call to action will leave an impactful closing. Consistent use of topic sentences and logical paragraphs helps maintain focus, but each paragraph could further benefit from smoother connections to the overarching narrative. Attention to balance ensures all arguments maintain proportional emphasis and contribute evenly to the letter\'s persuasive goal.\n\n']"
31	1148	0.65	"['\nCONTENT IMPROVEMENTS:\n- The argument effectively highlights computers\' learning benefits and global communication but lacks depth in addressing counterarguments. Consider incorporating data or studies on the benefits of balanced computer use to strengthen the argument with evidence.\n- Avoid generalizations such as ""no book has."" Specify that the internet offers ""real-time access to a breadth of information and diverse perspectives that are continually updated.""\n- The current conversational tone might imply assumed agreement. Instead, blend friendly language with evidence-backed statements to effectively sway uncertain readers. Expert quotes or anecdotal evidence could augment your main points.\n\nLANGUAGE IMPROVEMENTS:\n- Enhance vocabulary diversity to avoid repetition. Consider synonyms like ""beneficial,"" ""advantageous,"" or ""constructive"" instead of repeatedly using ""helpful.""\n- Balance the engaging tone with more formal language to enhance credibility. Replace informal expressions like ""seriously"" with ""indeed"" or ""in fact.""\n- Introduce rhetorical devices like metaphors or analogies to clarify complex ideas (e.g., ""The internet is a vast library at our fingertips""). These can effectively illustrate and emphasize key points.\n- Utilize alliteration and parallel constructions naturally to create a rhythm and emphasis without distracting from your core messages.\n\nSTRUCTURE IMPROVEMENTS:\n- Implement full transition sentences between paragraphs to guide the reader through your argument smoothly. This will ensure a logical progression of ideas.\n- Balance the argument by positioning counterarguments strategically in the middle, with evidence or anecdotes that showcase computers\' positive influence.\n- Employ the PIE (Point, Illustration, Explanation) structure in paragraphs. Begin with a clear topic sentence focusing on a single idea, followed by illustrative examples and their relevance.\n- Ensure a powerful conclusion by mirroring the introduction, reinforcing your argument with a call to action or personal insight that resonates emotionally and logically with the reader.\n\n']"
32	1162	0.82	"['\nCONTENT IMPROVEMENTS:\n- The content could benefit from incorporating more reputable studies or reports, like those from the Pew Research Center, to support claims about technology\'s positive effects. This would add credibility to the arguments about digital communication and social connections.\n- Integrating data alongside personal anecdotes could provide a broader and more persuasive perspective. For example, referencing online fitness programs or virtual social events could counter concerns about reduced physical activity.\n- A balanced presentation of counterarguments with positive solutions, such as using technology to enhance social interactions, would strengthen the overall argument.\n- The call to action could prompt readers to embrace technology mindfully, suggesting new virtual tools or online learning platforms as potential avenues for personal and professional growth.\n\nLANGUAGE IMPROVEMENTS:\n- Elevating vocabulary by using terms such as ""integral,"" ""pivotal,"" or ""indispensable"" can enhance the persuasive tone and underscore the significance of technology.\n- Refining sentence structure for clarity, such as breaking long sentences into shorter, more direct ones, will help maintain reader engagement and improve the impact of key points.\n- Consistent use of active voice and grammatical precision, including proper spelling and punctuation, is essential for maintaining professionalism.\n- Incorporating rhetorical questions and definitive language phrases like ""It is evident that"" can assert confidence and engage readers.\n- Employing repetition and precise metaphors, like likening technology to a ""lifeline,"" can make the message more memorable and relatable.\n\nSTRUCTURE IMPROVEMENTS:\n- The introduction could start with a compelling hook, using a statistic or rhetorical question to engage readers right away.\n- Each body paragraph should begin with a clear topic sentence linked to the thesis, ensuring a strong connection with the central argument.\n- Improved transitions using phrases like ""Consequently"" or ""Thus"" can provide smoother flow and coherence between ideas.\n- The conclusion should project a visionary statement about the future of technology, leaving readers with an inspiring call to action.\n- Structurally, each section should build logically on the previous one to enhance the overall cohesiveness of the narrative.\n\n']"
33	1167	0.65	"['\nCONTENT IMPROVEMENTS:\nThe essay argues for the indispensability of computers in communication and learning but lacks depth in exploring broader societal impacts. To strengthen the argument, specific examples like the rise in online learning during the pandemic and platforms like Peloton for virtual fitness classes should be included. These examples will make the argument more tangible and relatable. The counterarguments are mentioned but not thoroughly addressed, weakening persuasiveness. A more balanced approach, with specific rebuttals and solutions, will enhance credibility. Integrating statistics can be effective if done sparingly and contextually, such as mentioning the increase in online learning platform usage. Personal anecdotes, like a family game night over Zoom, can engage readers emotionally. The essay should maintain a clear outline with topic sentences and transitions to improve coherence.\n\nLANGUAGE IMPROVEMENTS:\nThe essay uses simple vocabulary, which is accessible but limits persuasiveness. Introducing terms like ""technological integration"" and ""educational innovation"" can add depth while remaining clear. Sentence structures are predominantly simple, affecting fluency. Varying sentence structures by using compound and complex sentences will enhance readability and interest. Proofreading is essential to eliminate spelling errors like ""talkiing"" and ""caled."" The tone is informal and conversational, suitable for a general audience but should be more formal and authoritative for a newspaper letter. Using an active voice and precise language will make the writing more direct and engaging. Transitional phrases like ""Furthermore,"" ""Conversely,"" and ""As a result"" should be used to connect ideas and guide the reader through the argument.\n\nSTRUCTURE IMPROVEMENTS:\nThe essay lacks a clear framework, affecting coherence and persuasiveness. A clear outline with distinct sections for introduction, body, and conclusion is needed. The introduction should start with a compelling statistic or anecdote to engage readers, while the conclusion should reflect back on the introduction, reinforcing the central message with a call to action or thought-provoking question. Transitions between paragraphs are weak, leading to a disjointed flow. Using transitional phrases will ensure smooth progression and logical connections. The discussion of counterarguments needs expansion for balance. Allocating specific paragraphs to counterarguments and rebuttals will enhance persuasiveness. Each paragraph should begin with a strong topic sentence and use transitions effectively to maintain coherence.\n\n']"
34	1180	0.75	"['\nCONTENT IMPROVEMENTS:\nThe letter argues against excessive computer use, suggesting it detracts from physical activity, nature enjoyment, and family interaction. While the position is clear, the argument could be more persuasive with stronger evidence and examples. Incorporating local health survey data and community event anecdotes can ground the argument in familiar experiences, enhancing its persuasiveness. Expanding on emotional connections in examples, such as family outings or community activities, can illustrate the positive impacts of reduced computer use. The author plans to use local festival scenes to set the stage and a vision statement for a more connected community to conclude, which should leave a lasting impression.\n\nLANGUAGE IMPROVEMENTS:\nThe vocabulary is generally accessible, but there are instances where word choice could be more varied to enhance engagement. Introducing synonyms like ""physical pursuits"" for ""exercise"" and ""social fabric"" for ""community"" can add depth. Sentence structures are predominantly straightforward; mixing lengths and incorporating more complex sentences can convey nuances more effectively. Correcting spelling errors such as ""definatley"" (definitely) and ""conbersation"" (conversation) is crucial for professionalism. The tone is engaging and relatable, but slight professional polishing can heighten persuasiveness. The author plans to balance conversational tone with authoritative language, using vivid imagery to connect with the audience.\n\nSTRUCTURE IMPROVEMENTS:\nThe letter\'s structure includes an introduction, body, and implied conclusion, but transitions between ideas could be smoother. Using thematic transitions like ""Beyond physical health, connecting with nature offers..."" can maintain a cohesive narrative. The content is imbalanced, with the exercise section dominating; equalizing sections on nature and family interaction can enhance persuasive impact. The author plans to use pronounced topic sentences as implied subheadings to guide readers and a vision statement in the conclusion to inspire action. These adjustments should improve the letter\'s clarity and impact.\n\n']"
35	1185	0.72	"[""\nCONTENT IMPROVEMENTS:\nThe letter highlights the positive impact of computers on daily life through communication, entertainment, and education. However, there's a need to develop these points more deeply with specific examples and evidence. Consider introducing statistics or studies that underline the beneficial effects of computers, such as increased global connectivity through digital communication and the expansion of educational access via online platforms. Each anecdote should clearly relate personal experiences to broader societal benefits. Briefly addressing potential counterarguments can also enhance the persuasiveness of the letter. An organized introduction that clearly states the thesis and conclusion reinforcing this with evidence will better define these arguments.\n\nLANGUAGE IMPROVEMENTS:\nThe letter's vocabulary is mainly accessible but could be enhanced with more varied and precise word choices. Introducing complex and compound sentences can add variety and maintain reader interest, reducing the risk of monotony from simple sentence structures. Grammatical errors and misspellings must be corrected to maintain professionalism—simple tools like spellcheck or online grammar resources such as Grammarly can aid this process. While maintaining accessibility, consider shifting to a more formal tone, using precise language without colloquialisms to convey authority. The balance between formal and relatable language will best appeal to a newspaper audience.\n\nSTRUCTURE IMPROVEMENTS:\nReorganize the letter to include a clear introduction, body, and conclusion. The introduction should clearly state the writer's position and outline the main points regarding the benefits of computers. Each body paragraph should focus on a specific benefit, be it communication, education, or entertainment, using linking phrases for smooth transitions and maintaining the logical progression of the argument. The conclusion should summarize these key points and propel the reader to reflect on the positive changes technology can bring, perhaps ending with a call to action encouraging readers to share their own positive experiences with computers.\n\n""]"
36	1187	0.75	"['\nCONTENT IMPROVEMENTS:\nThe letter asserts the positive impact of computers, highlighting educational and social benefits but suffers from a lack of persuasive detail. It should integrate specific examples to bolster its claims, such as referencing online learning platforms or virtual tools used by scientists. Evidence and counterarguments should be addressed directly, suggesting digital wellness practices and parental controls for managing usage to acknowledge the risks of addiction. Additional content improvements should include personal stories that underscore the argument, such as an anecdote about a relative benefiting from remote learning, supported with survey data demonstrating similar broader benefits.\n\nLANGUAGE IMPROVEMENTS:\nThe language would benefit from a more formal tone; phrases like ""benefitful"" should be replaced with precise terms like ""beneficial."" Improvement is needed in sentence structure for clarity, recommending that complex sentences be broken down. Grammar and spelling should be rigorously checked, with tools employed to fix errors like ""It has came"" to ""It has come."" Use varied and precise vocabulary, such as replacing ""get smarter"" with ""enhance cognitive abilities."" Integrate expert quotes and rhetorical questions to engage readers without losing formality, and ensure language remains formal and credible.\n\nSTRUCTURE IMPROVEMENTS:\nThe letter requires a clear thesis statement to guide readers from the introduction. Each section of the body should focus on a distinct benefit, such as education or social connectivity, starting with clear topic sentences. Transitions should be used to connect sections logically, like ""Moreover"" for adding related points. The conclusion must summarize the argument and reinforce the thesis, utilizing a call to action like ""I invite you to harness the power of computers,"" coupled with a visionary statement, ""as we shape a future where technology enhances our world,"" to leave a lasting impression.\n']"
37	1213	0.65	"['\nCONTENT IMPROVEMENTS:\nThe essay argues that computers benefit society, focusing on businesses, fast food restaurants, and schools. While the intention to highlight the ubiquity of computers is clear, the arguments lack depth and specificity. Expanding on examples with detailed evidence and statistics, such as mentioning specific software like CAD programs or POS systems, would strengthen the argument. Addressing potential drawbacks of computer use, such as screen time or data privacy, and providing a reasoned rebuttal would present a more balanced view. The author plans to incorporate these elements, recognizing the value in addressing counterarguments and using data to support claims.\n\nLANGUAGE IMPROVEMENTS:\nThe essay uses basic vocabulary and simple sentence structures, which can make the writing feel monotonous. Enhancing vocabulary with more precise and varied terms, such as ""enterprises"" instead of ""businesses,"" and incorporating compound and complex sentences would improve readability and engagement. Correcting spelling errors and refining grammar, such as maintaining consistent verb forms, is crucial for professionalism. The author is committed to using tools like thesauri and grammar checkers to broaden vocabulary and ensure accuracy. Practicing formal language through rewriting exercises will help adapt the natural style to suit academic contexts.\n\nSTRUCTURE IMPROVEMENTS:\nThe essay follows a basic argumentative structure but could benefit from more engaging elements. Introducing a hook in the introduction, such as a surprising statistic, would capture the reader\'s attention. Enhancing transitions with sophisticated phrases like ""Moreover"" and ""Additionally"" will improve the flow between ideas. The conclusion should be expanded to reflect on future impacts and societal implications of computer use, possibly ending with a call to action or thought-provoking question. The author plans to implement these strategies to strengthen coherence and engagement.\n\n']"
38	1216	0.72	"['\nCONTENT IMPROVEMENTS:\n- The letter clearly states the author\'s position that computers have a positive effect on society, but it could benefit from acknowledging opposing views to enhance credibility. Briefly mentioning concerns like reduced physical activity and countering them with examples of virtual exercise programs can show a balanced perspective.\n- The argument about online communication is underdeveloped. Further elaboration on how it enhances relationships would strengthen the argument. Including statistics or expert quotes about the educational benefits of technology could add weight without overly complicating the text.\n- Tailoring the argument to reflect local concerns, such as how local businesses have expanded their reach through online platforms, could resonate more deeply with readers. A call to action, such as supporting local digital literacy programs, could be a practical suggestion.\n\nLANGUAGE IMPROVEMENTS:\n- The vocabulary used maintains precision, but there\'s room for more diverse language. Words like ""beneficial"" or ""advantageous"" can replace repetitive terms like ""positive"" to add variety and sophistication.\n- Introducing complex sentences to express layered ideas and enrich the narrative will help maintain reader interest. Ensure that complex sentences are clear and not overly convoluted to maintain accessibility for all readers.\n- Conduct a thorough spell check to correct any errors, focusing on commonly misspelled words and homophones. Use transitional words like ""Furthermore,"" ""Consequently,"" ""In summary,"" to bridge ideas more coherently.\n- Maintain a conversational yet authoritative tone, using rhetorical questions and vivid imagery to engage the reader. This approach should enhance the overall engagement and impact of the letter.\n\nSTRUCTURE IMPROVEMENTS:\n- The letter follows a straightforward point-by-point format, but lacks smooth transitions and a definitive conclusion that ties the arguments together cohesively. Enhance transitions to ensure each argument smoothly leads into the next, fostering a cohesive narrative.\n- Strengthen the conclusion by summarizing the benefits discussed and proposing a call to action, making sure it logically follows from the presented arguments. The conclusion should not only recap but synthesize the key arguments, leaving the reader with a clear understanding of the position and a sense of urgency or inspiration to act.\n- Use varied sentence lengths to keep the reader\'s attention and emphasize key points. Consider the emotional tone of transitions to match the content they introduce.\n\n']"
39	1227	0.65	"['\nCONTENT IMPROVEMENTS:\nThe essay needs a clear thesis statement to articulate the balanced view on computers\' effects. Specific examples and data should support claims about benefits like hand-eye coordination and drawbacks such as addiction. The essay should incorporate credible sources or expert opinions to substantiate these claims. Organizing the essay into distinct sections for positive and negative aspects will improve logical flow. Tailoring arguments to resonate with local newspaper readers by addressing community-specific concerns will enhance audience engagement.\n\nLANGUAGE IMPROVEMENTS:\nThe essay should expand its vocabulary, replacing basic terms like ""good"" and ""bad"" with more precise words such as ""beneficial"" and ""detrimental."" Sentence structures need variety, incorporating simple, compound, and complex sentences to improve readability. Correcting grammatical errors, such as subject-verb agreement and spelling mistakes, is crucial. The tone should be formal, avoiding informal phrases. Engaging techniques like anecdotes and rhetorical questions can be used strategically to maintain reader interest while ensuring the language remains formal and precise.\n\nSTRUCTURE IMPROVEMENTS:\nThe essay lacks a clear organizational pattern, with abrupt transitions between ideas. A structured approach with a strong introduction, distinct body paragraphs for benefits and drawbacks, and a cohesive conclusion is needed. Each paragraph should begin with a topic sentence and use transitional phrases to guide the reader. The conclusion should synthesize the main points, reiterate the thesis, and end with a call to action or reflective statement. Ensuring a logical progression from introduction to conclusion will enhance the essay\'s coherence and persuasiveness.\n\n']"
40	1277	0.68	"['\nCONTENT IMPROVEMENTS:\nThe letter effectively states a position on the societal benefits of computers, but it could greatly benefit from more specific examples and evidence to strengthen the argument. Incorporating examples like education platforms (Khan Academy, Coursera) has been suggested to illustrate educational benefits. Likewise, using communication tools such as Zoom can be used to emphasize enhanced connectivity. By acknowledging and countering concerns, like excessive screen time or reduced physical activity with technological solutions such as fitness apps, the argument can present a balanced perspective. Enhancing this aspect brings depth to the argument. Additionally, while the letter introduces the notion of inevitable technological integration, this point could be made more engaging by exploring various industries affected positively, like telemedicine in healthcare or remote work in business.\n\nLANGUAGE IMPROVEMENTS:\nImproving vocabulary and sentence structure is key. The feedback indicates a need for more precise and varied word choices, like using ""streamline daily tasks"" instead of ""make life easier,"" which reflects enhanced persuasiveness. Introducing complex and compound sentences can enrich engagement by preventing monotony and providing depth, for instance, combining related thoughts into single, robust sentences. Grammar corrections, such as changing ""beacuse"" to ""because"" and ""threw"" to ""through,"" should be made to uphold professionalism. Enhancing transitions with phrases like ""Moreover"" and balancing complexity with clarity, by breaking long ideas into digestible parts, can solidify the letter\'s readability. An assertive rather than tentative tone, replacing ""I believe"" with ""It is evident that,"" will further strengthen the letter’s persuasive power.\n\nSTRUCTURE IMPROVEMENTS:\nThe letter follows a logical argumentative structure but needs refinements in the introduction, conclusion, and transitions. The introduction can be made more engaging with a rhetorical question or fact, thereby setting a strong opening. The conclusion, while reiterative, should succinctly summarize key points and involve a call-to-action or thought-provoking note to leave an impactful closing impression. Transitions between arguments and sections need sophistication; using phrases like ""Consequently"" or ""In addition"" ensures coherence and fluidity. Balance between the introduction and conclusion relative to the body paragraphs is essential; expanding the introduction slightly and ensuring a concise conclusion will achieve this proportion, enhancing overall cohesiveness.\n\n']"
41	1335	0.65	"['\nCONTENT IMPROVEMENTS:\nThe letter argues that computers benefit society by allowing flexible work locations, enabling connectivity with family, and providing access to information. However, the arguments lack depth and specificity. To strengthen the argument for flexible work locations, consider highlighting how this flexibility impacts productivity or work-life balance, possibly referencing studies or anecdotes from local businesses. For connectivity with family, offering examples like video calls enhancing real-time interaction, especially during significant life events, could make this argument more relatable. Regarding learning opportunities, citing specific educational platforms or local initiatives that use computers for learning can demonstrate the widespread and accessible nature of this benefit. The letter should include concrete evidence or examples to support its claims, such as data, anecdotes, or expert opinions, to enhance persuasiveness. The logical flow can be improved by strengthening transitions between points, using phrases like ""Moreover,"" ""In contrast,"" or ""This is particularly beneficial because..."" to guide readers through the reasoning effectively.\n\nLANGUAGE IMPROVEMENTS:\nThe vocabulary used is generally appropriate but could be enhanced for precision and sophistication. Instead of ""work anywere,"" use ""work remotely"" or ""work from any location."" The letter contains several run-on sentences and awkward constructions that could be improved for clarity. For instance, ""You can get to work anywere because now in this days a cellphone, and ipod\'s come\'s with internet and with many things that you need to work that you have in a computer"" could be revised to: ""Nowadays, devices like cellphones and iPods come equipped with internet access and various applications, allowing you to work remotely with ease."" There are multiple grammatical errors, such as incorrect possessive forms (""ipod\'s"" should be ""iPods"") and subject-verb agreement issues (""come\'s"" should be ""come""). Attention to these details will enhance the professionalism of the letter. The tone is generally conversational, which is suitable for a letter to a local newspaper, but incorporating more persuasive language techniques, such as rhetorical questions or emphatic statements, could strengthen the argument. Rhetorical questions like ""Isn\'t it time we embrace the full potential of technology in our lives?"" can provoke thought without overwhelming the informal style.\n\nSTRUCTURE IMPROVEMENTS:\nThe letter follows a basic argumentative structure with an introduction, body, and conclusion, but the introduction could be more engaging to capture the reader\'s attention immediately. Starting with a hook or a provocative question might engage readers more effectively. The conclusion should succinctly summarize the key points and reinforce the writer\'s stance, possibly with a call to action or a thought-provoking statement. The current structure lacks strong transitions between paragraphs, which can disrupt the flow of ideas. Each paragraph should logically lead to the next, creating a seamless narrative that guides the reader through the argument. Using transitional phrases like ""Furthermore,"" ""In addition,"" or ""Consequently"" can help connect ideas more smoothly. The body paragraphs are somewhat imbalanced in terms of content. Some points are more developed than others, which can affect the overall persuasiveness of the letter. Ensuring each argument is given adequate attention will create a more balanced and compelling piece.\n\n']"
42	1376	0.65	"['\nCONTENT IMPROVEMENTS:\nThe letter argues that computers have a negative effect on individuals and society, focusing on reduced outdoor activity, lack of exercise, and decreased family interaction. The arguments lack depth and specificity, particularly in the environmental impact section, which could be more persuasive with concrete examples or data. Incorporating studies on physical activity decline and environmental attitudes would provide necessary evidence. The author plans to focus on teenagers, highlighting how screen time impacts their mental health and social skills, which could resonate with readers. The author is open to using data from reputable sources like the World Health Organization to add credibility. Suggestions include using specific studies from journals like ""The Lancet"" for health-related data or ""Nature"" for environmental studies, and considering demographic-specific examples to illustrate points.\n\nLANGUAGE IMPROVEMENTS:\nThe vocabulary is straightforward but could be enhanced with more precise and varied choices, such as replacing ""negative"" with ""detrimental"" or ""adverse."" Sentence structure is mostly simple, with some run-on sentences; varying sentence length and complexity can improve readability. Spelling errors like ""negitive"" (negative) and ""exersize"" (exercise) need correction. The author plans to use tools like Grammarly to catch errors and improve fluency. Balancing a conversational tone with formality is necessary, using active voice to make writing more direct. The author is encouraged to read the letter aloud to catch awkward phrasing and ensure natural flow, and to use rhetorical questions or direct addresses to engage readers while maintaining authority.\n\nSTRUCTURE IMPROVEMENTS:\nThe letter follows a basic structure but needs a more impactful introduction and smoother transitions between points. The author plans to open with a compelling statistic or anecdote about a teenager\'s day dominated by screen time, setting the stage for the arguments. The environmental impact argument should be introduced early as part of the broader context of technology\'s effects, linking it to reduced outdoor activity. The conclusion should summarize key arguments and pose a reflective question to engage readers. The author is advised to use thematic transitions and narrative transition statements to maintain a cohesive narrative and ensure each section flows logically from the previous one.\n\n']"
43	1388	0.62	"['\nCONTENT IMPROVEMENTS:\n\n- The essay lacks depth in supporting its claims about the positive effects of computers. Integrating specific examples, such as digital literacy statistics correlating with higher employability, would strengthen the argument about computers\' workplace necessity.\n- Enhance the persuasiveness by using expert quotes and studies to add authority to claims, particularly regarding hand-eye coordination improvements from educational programs or video games.\n- Address potential counterarguments related to over-reliance on technology, suggesting digital balance through moderation and tools designed to enhance physical and social activities.\n- Establish clear topic sentences for each paragraph to consistently tie back to the main argument, ensuring each supporting point is fully developed.\n- Expand on benefits while briefly acknowledging and countering potential downsides to offer a comprehensive view of computer impacts on everyday life.\n\nLANGUAGE IMPROVEMENTS:\n\n- Correct spelling and grammatical errors, such as ""alot"" (a lot) and ""its possible"" (it\'s possible), to enhance professionalism and readability.\n- Diversify vocabulary to include more varied descriptive terms like ""beneficial impact"" instead of ""positive effect,"" using thesauruses and vocabulary enrichment tools for precision.\n- Incorporate a mix of sentence structures, utilizing both compound and complex sentences to articulate nuanced ideas and maintain reader engagement.\n- Use authoritative language when presenting evidence, with phrases that assertively reinforce claims such as ""evidence suggests.""\n- Implement transitional phrases to maintain flow and coherence within paragraphs and the overall narrative, guiding readers through arguments effectively.\n\nSTRUCTURE IMPROVEMENTS:\n\n- Strengthen the introduction with a hook, such as an anecdote about remote work to engage readers from the outset.\n- Use transitional phrases like ""Moreover"" and ""Conversely,"" both at the start and end of paragraphs, to improve logical connections and ensure a cohesive narrative.\n- Dedicate a paragraph to presenting and refuting counterarguments to balance the essay and demonstrate a nuanced understanding of the topic.\n- Conclude with a strong call to action or rhetorical question to leave a lasting impression and provoke thought about the positive impacts of computers.\n- Vary sentence structure and maintain a dynamic rhythm to emphasize key points, using varied language for reader interest and clarity.\n\n']"
44	1476	0.65	"['\nCONTENT IMPROVEMENTS:\n- The letter argues that computers have a positive effect on society, particularly for adults and children, by providing information, assisting with homework, and facilitating communication. However, the argument lacks depth in exploring potential negative effects, which could strengthen the persuasive appeal by addressing counterarguments. Introducing potential concerns like decreased physical activity or reduced face-to-face interaction can strengthen the letter. Propose practical solutions, such as using computers to follow exercise tutorials or setting daily time limits, to show balance and foresight.\n- The examples provided are somewhat generic and could benefit from more detailed elaboration. Dive deeper into examples like the educational benefits of computers, describing scenarios where accessing varied online resources benefits students in remote areas or during a pandemic. Regarding communication, elaborate on how virtual tools help manage long-distance relationships, perhaps referencing specific platforms known for enabling virtual meetings.\n- The letter follows a basic structure but lacks sophisticated transitions between ideas, affecting overall coherence. Consider improving paragraph openings and closings by using transitional phrases like ""Furthermore,"" ""In addition,"" or ""On the other hand,"" to seamlessly guide readers through the progression of ideas.\n- The conclusion is abrupt and does not effectively summarize the argument or reinforce the persuasive intent. Conclude with a strong call to action or a striking statement, encouraging readers to embrace the positive uses of computers while being mindful of moderation.\n\nLANGUAGE IMPROVEMENTS:\n- The vocabulary is generally accessible but lacks diversity and sophistication, which could enhance the persuasiveness and engagement of the text. Introduce more precise and varied vocabulary to enhance detail and engagement, such as replacing ""does have a positive effect"" with ""significantly benefits.""\n- Sentences are relatively simple and straightforward, which aids clarity, but the letter would benefit from varied sentence structures, including a mix of simple, compound, and complex sentences to maintain reader interest and enhance fluency. Combine short sentences into compound or complex ones to improve readability and interest.\n- There are several grammatical errors, notably in subject-verb agreement and punctuation, that need correction. Review and correct subject-verb agreements: ""computers do"" instead of ""computers does.""\n- The tone is informal and friendly, which is suitable for engaging a broad audience, but at times comes across as too casual for persuasive purposes. A slightly more formal style, balanced with approachable language, would strengthen the letter\'s authority. Use contractions sparingly to maintain a level of formality and opt for polished yet accessible language.\n\nSTRUCTURE IMPROVEMENTS:\n- The letter follows a basic structure typical of a persuasive letter, with an introduction, body paragraphs, and a conclusion. However, the transitions between paragraphs are weak, affecting the logical flow of ideas. Use transitional phrases to improve the flow between paragraphs, guiding the reader through the argument more smoothly.\n- The introduction is straightforward but could be more engaging to capture the reader\'s attention immediately. Consider starting with a thought-provoking question or a surprising statistic related to computer usage to draw the reader\'s interest.\n- The conclusion lacks a strong closing statement or call to action, which diminishes its impact. Revise the conclusion to include a strong closing statement or call to action that reinforces the main argument and leaves a lasting impression.\n- Avoid cramming multiple ideas into a single paragraph. Each paragraph should focus on a single point to maintain clarity and depth. If a paragraph feels too complex, consider splitting it into two separate ideas.\n\n']"
45	1544	0.65	"['\nCONTENT IMPROVEMENTS:\nThe essay argues that excessive computer use negatively impacts social interactions and physical activities. To strengthen this argument, it should include more detailed examples and evidence, such as statistics or expert opinions, to support claims. The author acknowledges the need for balance and plans to incorporate brief statistics and expert quotes to add credibility without overwhelming the reader. The essay could benefit from addressing potential counterarguments, such as the educational benefits of computers, while emphasizing the importance of moderation. The author is open to including a hypothetical scenario to humanize the argument and create an emotional connection with readers.\n\nLANGUAGE IMPROVEMENTS:\nThe vocabulary used is simple and sometimes lacks precision. The author plans to replace vague terms with more descriptive language, such as ""digital dependency"" instead of ""obsession."" Sentence variety is limited, and the author intends to introduce compound and complex sentences to improve fluency. Grammar and punctuation issues, such as incorrect comma usage and capitalization, need attention. The tone should be more formal to align with the genre of a newspaper letter. The author aims to replace informal phrases with more formal equivalents and use assertive language to strengthen the argument. The use of active voice and transitional phrases will enhance clarity and engagement.\n\nSTRUCTURE IMPROVEMENTS:\nThe essay follows a basic argumentative structure but lacks clear organization within sections. The author plans to improve transitions between paragraphs using phrases like ""Furthermore"" and ""In contrast."" Introducing a section that acknowledges the benefits of computers will provide a more balanced argument. The introduction could be more engaging with a hook or compelling statement, and the conclusion should summarize the argument and provide a strong closing statement. The author intends to use summary sentences at the end of each paragraph to guide the reader smoothly from one idea to the next. The overall structure should be concise and engaging, with a clear argument and call to action.\n\n']"
46	1549	0.65	"['\nCONTENT IMPROVEMENTS:\nThe letter articulates a clear position that computers benefit society, but the reasons provided lack depth and require more elaboration. For instance, the statement ""computers help people stay organized"" would benefit from examples illustrating how exactly computers facilitate organization, such as digital calendars and organization apps increasing efficiency for everyday tasks like scheduling, budgeting, or project management. The letter should also tailor arguments to resonate with the local audience by addressing specific societal or community benefits of computer usage, such as local organizations using technology to foster community engagement or how local educational institutions benefit from digital learning platforms. Additionally, the response to opposing views appears overly simplistic, dismissing concerns as personal choices without deeper exploration. A more nuanced discussion is needed, perhaps by discussing how balanced computer usage can coexist with physical activities, providing examples of apps promoting fitness or virtual experiences that encourage outdoor exploration.\n\nLANGUAGE IMPROVEMENTS:\nThe vocabulary in the letter is somewhat basic, lacking the richness that could enhance persuasive power. Words like ""benefit"" and ""believe"" are misspelled, detracting from the professional tone. There is limited diversity in word choice, which can reduce engagement. Consider varying language to maintain reader interest and emphasize key points. The sentences are predominantly simple, which may limit the sophistication of the argument. Introducing a mix of complex and compound sentences could improve fluency and emphasize connections between ideas. The letter contains several grammatical and spelling errors, such as the misuse of ""its"" instead of ""it\'s"" and missing commas. These detract from clarity and professionalism. Pay attention to proper usage of possessives and contractions, and ensure consistent punctuation to aid readability. The current tone is direct but lacks the engaging and sophisticated style typical for a newspaper audience. Adopting a slightly formal tone with persuasive language will align better with this purpose.\n\nSTRUCTURE IMPROVEMENTS:\nThe letter is structured as an argumentative piece, but the logical flow between paragraphs could be enhanced. The transition from one argument to the next should be smoother to maintain reader engagement. The letter currently lacks balance between the presentation of arguments and counterarguments. More emphasis is placed on the benefits of computers, with less detailed exploration of counterarguments and their rebuttals. The introduction sets the stage for the argument but could be more engaging to capture reader interest immediately. Consider starting with a compelling hook or scenario to immediately engage readers. This could be a brief story or statistic that highlights the transformative impact of computers. Ensure each paragraph transitions smoothly to the next. Use transitional phrases or sentences to connect ideas and maintain a coherent narrative throughout the letter. Conclude by revisiting the initial scenario or statistic, reinforcing how the letter’s arguments demonstrate the harmonious integration of technology into daily life.\n\n']"
47	1559	0.65	"['\nCONTENT IMPROVEMENTS:\nThe letter attempts to discuss both positive and negative aspects of computers, suggesting they have both beneficial and detrimental effects on society. However, the stance is not clearly defined, making it difficult for the reader to understand the intended position. Integrating localized statistics or anecdotes is recommended to provide concrete evidence and make the argument more relatable to the local audience. Specific examples, such as how local schools use computers for education or community initiatives addressing digital literacy, could strengthen the relevance to the audience. The author plans to articulate a clear stance at the beginning and revisit it in the conclusion, which will help anchor the argument and provide a consistent thread throughout the letter. The inclusion of quotes or testimonials from local educators or community leaders can add a personal touch and authority to the argument.\n\nLANGUAGE IMPROVEMENTS:\nThe vocabulary used is generally simple, which is appropriate for a broad audience, but more precise or varied word choices could enhance clarity and engagement. For example, using ""advantages"" instead of ""positives"" adds professionalism and precision. The sentence structure is often basic, with a tendency towards short, choppy sentences. Combining shorter sentences to create more complex, varied structures can improve readability and engagement. There are several grammatical errors, such as incorrect verb forms and missing articles, which need revision for clarity. The tone is somewhat informal, which may not fully align with the persuasive intent of the letter. A more formal tone that conveys authority and credibility is recommended, while still being accessible to the audience. The author plans to use tools like Grammarly or Hemingway for grammar and style guidance and to employ a read-aloud feature to detect awkward phrasing or tone inconsistency.\n\nSTRUCTURE IMPROVEMENTS:\nThe letter follows a binary structure of presenting both positive and negative views about computers, but the organization needs refinement to enhance clarity and persuasiveness. The introduction lacks a clear thesis statement, making it difficult for the reader to grasp the writer\'s stance from the outset. A stronger opening that presents a definitive position would set a clearer foundation for the argument. Effective transitions between paragraphs are needed to guide the reader logically from one point to the next. The author plans to start with a hook or anecdote related to technology\'s impact, leading into a clear statement of their stance. The conclusion should summarize the key points raised and reinforce the author\'s position, providing a strong closure to the argument presented. The author is considering restructuring the letter to follow a proposed outline, which includes a clear introduction, supported positives and negatives, and a conclusion with a call to action.\n\n']"
48	1639	0.78	"['\nCONTENT IMPROVEMENTS:\n- The letter argues computers benefit society by easing communication, providing educational resources, and offering entertainment. Including specific examples or data, such as a Pew Research study on online communication or statistics on educational platforms like Coursera, could significantly strengthen these points. The structure would benefit from clearer transition phrases to naturally segue between these topics, enhancing flow and reader engagement. Reflecting on counterarguments about excessive screen time and adding solutions for balance, like suggesting moderation, could provide a holistic view of the topic and improve credibility. It\'s useful to incorporate personal anecdotes; for instance, mentioning a personal experience with video calls can provide a tangible example of the benefits being discussed.\n\nLANGUAGE IMPROVEMENTS:\n- Vocabulary could be more precise and varied. Using terms like ""facilitate"" or ""enhance"" instead of more generic words can elevate the letter\'s persuasiveness. Introduce more complex sentence structures to add depth and sophistication. For instance, using subordinating conjunctions or complex modifiers encourages nuanced writing. Embracing stylistic devices like rhetorical questions (""Who wouldn\'t want to explore the world from the comfort of their home?"") and parallelism can enhance rhetorical impact. Ensuring semicolons are used accurately and reviewing the letter for punctuation accuracy will aid in maintaining clarity and professionalism. A thorough review for minor grammatical issues will uphold the letter\'s readability and impact.\n\nSTRUCTURE IMPROVEMENTS:\n- Beginning with an engaging anecdote or question directly linking to the thesis can make the introduction more impactful. Enhancing transitions with thematic connectors improves flow—phrases like ""In addition to fostering connections, computers also..."" guide the reader through logically. Structuring the conclusion to revisit main points concisely, adding a call to action, and prompting reflection lends finality and emphasis to the argument. Reinforcing paragraph beginnings with topic sentences that set up ensuing content will maintain a coherent narrative thread. Each paragraph should directly tie back to the thesis, reinforcing the sharing of computers\' overarching societal benefits.\n\n']"
49	1652	0.65	"['\nCONTENT IMPROVEMENTS:\nThe essay argues that computers are beneficial for learning, communication, and commerce. However, the arguments lack depth and specificity. To strengthen the argument about computers aiding learning, consider citing studies that show improvements in educational outcomes due to technology, such as research on digital tools enhancing student engagement. For communication, reference statistics on global connectivity or the role of social media in maintaining relationships. In discussing commerce, include data on e-commerce growth or case studies of small businesses thriving due to online platforms. Integrate specific studies or data to substantiate claims, ensuring each piece of evidence directly supports the argument. Use transitional phrases to improve coherence and revise the conclusion to include a forward-looking statement that highlights the ongoing importance of technology.\n\nLANGUAGE IMPROVEMENTS:\nThe vocabulary is simple and accessible, but spelling errors and informal expressions detract from professionalism. Correct spelling errors such as ""comercialy"" to ""commercially"" and ""freinds"" to ""friends."" Introduce more complex sentences to enhance fluency, such as combining ideas to create varied sentence structures. Use transitional phrases like ""Furthermore"" and ""Additionally"" to connect ideas smoothly. Adjust the tone to balance conversational and formal elements, replacing informal expressions with precise language. Conduct a thorough review to ensure all spelling and grammatical errors are corrected, maintaining a balance of sentence complexity to enhance fluency.\n\nSTRUCTURE IMPROVEMENTS:\nThe essay follows a basic structure with an introduction, body paragraphs, and a conclusion, but transitions between sections are weak. Use transitional phrases to improve coherence, such as ""Building on the educational benefits, computers also transform how we connect with others."" Revise the introduction to be more engaging, perhaps starting with a compelling fact or rhetorical question. Strengthen the conclusion with a closing statement that emphasizes the broader significance of the argument, such as ""By embracing the digital revolution, we can unlock unprecedented opportunities for innovation and connectivity."" Ensure that each transition not only connects sections but also reinforces the progression of the argument.\n\n']"
50	1667	0.65	"['\nCONTENT IMPROVEMENTS:\nThe letter argues that computers have a negative impact on society, particularly in terms of promoting cheating, reducing family interaction, and failing to encourage learning. While the argument is clear, it lacks depth and specificity. The reasoning could be more compelling with additional evidence and examples. Consider citing studies or reports that highlight the negative effects of excessive computer use, such as research on how screen time affects social interactions or academic integrity. By integrating empirical evidence, the argument will gain depth and relevance. Acknowledging some benefits of computers, such as educational tools or communication platforms, could add credibility to the position by showing a comprehensive understanding of the issue.\n\nLANGUAGE IMPROVEMENTS:\nThe language in the letter contains grammatical errors and awkward sentence structures that detract from its persuasiveness. The vocabulary could be more varied and appropriate for the audience. To improve clarity and engagement, focus on using precise language and varied sentence structures. Ensure that the tone is suitable for persuasion and that the style is engaging for the audience. Consider starting with a compelling hook, such as a statistic or a thought-provoking question, to draw readers in. Use transitional phrases like ""Moreover,"" ""Conversely,"" and ""As a result"" to connect ideas and maintain a smooth flow.\n\nSTRUCTURE IMPROVEMENTS:\nThe letter\'s structure lacks a clear framework, affecting the overall persuasiveness. The introduction does not effectively set the stage for the argument, and the conclusion lacks a strong reinforcement of the main points. Reorganize the letter to improve the logical flow and balance. Start with a strong introduction that captures attention and clearly states the position. Organize each body paragraph around a single point, using topic sentences and evidence to support claims. Use transitions to connect ideas smoothly. In the conclusion, reinforce the main argument while acknowledging the complexity of the issue by mentioning some benefits of computers. This balanced view will enhance the credibility of the position.\n\n']"
